"id","word","normalized_word","cefr_level","pos","pos_vi","phonetic","risk_score","flags","sense_count","meaning_length","primary_meaning_vi","meaning_vi","example_en","example_vi"
"26139","flat","flat","B1","adjective","ngoại động từ","/flæt/","10","POS_MISMATCH | MANY_SENSES | LONG_MEANING | NOISY_PRIMARY_MEANING | LONG_PRIMARY_MEANING","41","867","dãy phòng (ở một tầng trong một nhà khối)","dãy phòng (ở một tầng trong một nhà khối); căn phòng, căn buồng; ngăn, gian; tầng; mặt phẳng; miền đất phẳng; lòng (sông, bàn tay...); miền đất thấp, miền đầm lầy; thuyền đáy bằng; rổ nông, hộp nông; ,  (ngành đường sắt) toa trần ((cũng) flat-car); phần phông đã đóng khung; dấu giáng; giày đề bằng; kẻ lừa bịp; ,  (thông tục) lốp bẹp, lốp xì hơi; chắp vá lại thành một mảnh; giữ cho vẻ trước sau như một; bằng phẳng, bẹt, tẹt; sóng soài, sóng sượt; nhãn; cùng, đồng (màu); nông; hoàn toàn, thẳng, thẳng thừng, dứt khoát; nhạt, tẻ nhạt, vô duyên; hả (rượu...); ế ẩm; không thay đổi, không lên xuống, đứng im (giá cả...); bẹp, xì hơi (lốp xe); bải hoải, buồn nản; không một xu dính túi, kiết xác; giáng; bằng, phẳng, bẹt; sóng sượt, sóng soài; hoàn toàn thất bại; hoàn toàn; thẳng, thẳng thừng, dứt khoát; nói thẳng với ai rằng; đúng; theo dấu giáng; làm bẹt, dát mỏng","She liked to walk in her flats more than in her high heels.",""
"24728","bit","bit","A2","noun","thời quá khứ & động tính từ quá khứ của bite","/bit/","10","POS_MISMATCH | MANY_SENSES | LONG_MEANING | NOISY_PRIMARY_MEANING | MISSING_EXAMPLE","30","586","miếng (thức ăn...)","miếng (thức ăn...); mảnh mẫu; một chút, một tí; đoạn ngắn (của một vai kịch nói, trong sách...); góc phong cảnh (thực hoặc vẽ); đồng tiền; đồ tạp nhạp; dần dần; từ từ; không còn là trẻ con nữa, lớn rồi; những em bé tội nghiệp; đồ đạc lắt nhắt tồi tàn; làm tròn bổn phận mình; đóng góp phần mình (vào việc nghĩa...); ngà ngà say; mind; không một tí nào; mũi khoan; đầu mỏ hàn; mũi kim; mỏ chìa khoá; hàm thiếc ngựa; sự kiềm chế; draw; chạy lồng lên (ngựa); nổi cơn tam bành; không tự kiềm chế được; đặt hàm thiếc (cho ngựa); làm cho (ngựa) quen hàm thiếc; kiềm chế, nén, hãm lại, kìm lại","",""
"24727","bill","bill","A2","noun","ngoại động từ","/bil/","10","POS_MISMATCH | MANY_SENSES | LONG_MEANING | NOISY_PRIMARY_MEANING | MISSING_EXAMPLE","29","566","cái kéo liềm (để tỉa cành cây trên cao)","cái kéo liềm (để tỉa cành cây trên cao); cái kích (một thứ vũ khí); mỏ (chim); đầu mũi neo; mũi biển hẹp; chụm mỏ vào nhau (chim bồ câu); coo; tờ quảng cáo; yết thị; hoá đơn; luật dự thảo, dự luật; giấy bạc; hối phiếu ((cũng) bill of exchange); sự thưa kiện; đơn kiện; thực đơn; chương trình; giấy kiểm dịch; hoá đơn vận chuyển; danh sách người chết trong chiến tranh; đáp ứng mọi yêu cầu, làm tất cả những gì cần thiết; đưa ra xử; thanh toán hoá đơn; không xử, bác đơn; đăng lên quảng cáo; để vào chương trình; dán quảng cáo, dán yết thị; làm hoá đơn; làm danh sách","",""
"24511","meet","meet","A1","verb","tính từ","/mi:t/","10","POS_MISMATCH | MANY_SENSES | LONG_MEANING | NOISY_PRIMARY_MEANING | LONG_PRIMARY_MEANING","20","557","cuộc gặp gỡ (của những người đi săn ở một nơi đã hẹn trước","cuộc gặp gỡ (của những người đi săn ở một nơi đã hẹn trước, của những nhà thể thao để thi đấu); gặp, gặp gỡ; đi đón; xin giới thiệu, làm quen (với người nào); gặp, vấp phải, đương đầu; đáp ứng, thoả mãn, làm vừa lòng; nhận, tiếp nhận; chịu đựng, cam chịu; thanh toán (hoá đơn...); gặp nhau; gặp gỡ, tụ họp, họp; gặp nhau, nối nhau, tiếp vào nhau, gắn vào nhau; tình cờ gặp; gặp phải, vấp phải (khó khăn...); được nghe thấy; được trông thấy; nhìn thấy (bắt gặp) ai đang nhìn mình; nhìn trả lại; thu vén tằn tiện để cuối tháng khỏi thiếu tiền; đúng, thích hợp","OK, let's arrange a meet with Tyler and ask him.",""
"26298","hidden","hidden","B1","adjective","ngoại động từ","/haid/","10","POS_MISMATCH | MANY_SENSES | LONG_MEANING | NOISY_PRIMARY_MEANING | DUPLICATE_PRIMARY_MEANING","15","398","da sống (chưa thuộc","da sống (chưa thuộc, mới chỉ cạo và rửa); da người; không có bất cứ một dấu vết gì; để cứu lấy tính mạng mình; cầu an bảo mạng; lột da; đánh đòn; Haiddơ (đơn vị đo ruộng đất từ 60 đến 120 mẫu Anh tuỳ theo từng địa phương ở Anh); nơi nấp để rình thú rừng; trốn, ẩn nấp, náu; che giấu, che đậy, giấu giếm; giữ kín (một điều gì); che khuất; giấu mặt đi vì xấu hổ, xấu hổ vì không dám ló mặt ra; bushel","hidden treasure; hidden talents",""
"26857","digest","digest","B2","noun","nội động từ","/'daidʤest /","10","POS_MISMATCH | MANY_SENSES | LONG_MEANING | NOISY_PRIMARY_MEANING | MISSING_EXAMPLE","11","386","sách tóm tắt (chủ yếu là luật)","sách tóm tắt (chủ yếu là luật); tập san văn học, tập san thời sự[di'dʤest]; phân loại, sắp đặt có hệ thống; tóm tắt có hệ thống; suy nghĩ kỹ càng, sắp xếp trong óc; tiêu hoá, làm tiêu hoá (thức ăn); hiểu thấu, lĩnh hội, tiêu hoá (những điều đã học...); đồng hoá (một vùng đất đai chinh phục được); nhịn, chịu đựng, nuốt (nhục...); ninh, sắc (một chất trong rượu...); tiêu, tiêu hoá được","",""
"25227","major","major","A2","adjective","nội động từ","/'meidʤə/","10","POS_MISMATCH | MANY_SENSES | LONG_MEANING | NOISY_PRIMARY_MEANING | MISSING_EXAMPLE","10","374","thiếu tá (lục quân)","thiếu tá (lục quân); con trai đến tuổi thành niên (21 tuổi); chuyên đề (của một sinh viên); người có địa vị cao hơn (trong một lĩnh vực nào đó); lớn (hơn), nhiều (hơn), trọng đại, chủ yếu; anh, lớn (dùng trong trường hợp có hai anh em cùng trường); trưởng; đến tuổi trưởng thành; chuyên đề (của một sinh viên); chuyên về (một môn gì), chọn chuyên đề, đỗ cao (về một môn học)","",""
"25140","inch","inch","A2","noun","động từ","/intʃ/","10","POS_MISMATCH | MANY_SENSES | LONG_MEANING | NOISY_PRIMARY_MEANING | MISSING_EXAMPLE","15","356","đảo nhỏ (Ê-cốt)","đảo nhỏ (Ê-cốt); insơ (đơn vị đo chiều dài Anh bằng 2, 54 cm); mức (nước, mưa...) một insơ; một chút, một chút xíu, một tí; một tấc (đất...); một bước; tầm vóc; dần dần; tí một; từng bước; về mọi mặt, hoàn toàn, hệt như; cho nó một thì nó vớ mười; cho nó được đằng chân nó sẽ lấn đằng đầu; suýt nữa, gần; đi lần lần, đi rất chậm, đi từng bước, dịch lần lần","",""
"24387","head","head","A1","noun","nội động từ","/hed/","9","POS_MISMATCH | MANY_SENSES | LONG_MEANING | NOISY_PRIMARY_MEANING","83","2281","cái đầu (người","cái đầu (người, thú vật); người, đầu người; (số nhiều không đổi) con (vật nuôi), đầu (vật nuôi); đầu óc, trí nhớ; năng khiếu, tài năng; chứng nhức đầu (thường là sau khi uống rượu say); vị trí đứng đầu, người đứng đầu, người chỉ huy, thủ trưởng (cơ quan), hiệu trưởng (trường học), chủ; vật hình đầu; đoạn đầu, phần đầu; bọt (cốc rượu bia); váng kem (trên mặt bình sữa...); ngòi (mụn, nhọt); gạc (hươu, nai); mũi (tàu); mũi biển; mặt ngửa (đồng tiền); đường hầm; nhà xí cho thuỷ thủ (ở mũi tàu); đề mục, chương mục, phần chính (trong một bài diễn thuyết...); loại; lúc nguy kịch; lúc gay go căng thẳng; cơn khủng hoảng; cột nước; áp suất; addle; nhồi nhét cái gì vào đầu ai; có thể làm được một cái gì một cách dễ dàng; ngập lút đến đầu đến cổ, ngập đến mang tai; mất trí, hoá điên; đánh vỡ đầu ai; đánh gục ai; đánh bại ai hoàn toàn; đầu gà còn hơn đuôi trâu; mua tranh được ai cái gì; khoẻ hơn ai nhiều; cao lớn hơn ai một đầu; ngẩng cao đầu; không hiểu đầu đuôi ra sao; làm chi ai mất đầu; eat; nghĩ rằng, đinh ninh rằng; muốn rằng; quên ai (cái gì) đi, không nghĩ đến ai (cái gì) nữa; thả dây cương ra cho ngựa đi tự do thoải mái; sáng suốt, có óc phán đoán, có óc suy xét; lộn phộc đầu xuống trước; vội vàng, hấp tấp; người đề xướng và lânh đạo (một phong trào...); mái tóc dày cộm; heel; giữ bình tĩnh, điềm tĩnh; above; hội ý với nhau, bàn bạc với nhau; lose; tiến lên, tiến tới; kháng cự thắng lợi; gàn gàn, hâm hâm; khôn ngoan trước tuổi; do mình nghĩ ra, do mình tạo ra; lập dị; talk; nói khó hiểu, làm cho ai không hiểu gì cả; suy đi tính lại cái gì trong óc, nghiền ngẫm cái gì trong óc; ý kiến tập thể bao giờ cũng sáng suốt hơn, ba ông thợ da bằng Gia Cát Lượng; làm đầu, làm chóp (cho một cái gì); hớt ngọn, chặt ngọn (cây) ((cũng) to head down); để ở đầu, ghi ở đầu (trong chương mục...); đứng đầu, chỉ huy, lânh đạo; đi đầu, dẫn đầu; đương đầu với, đối chọi với; vượt, thắng hơn (ai); đi vòng phía đầu nguồn (con sông...); đánh đầu, đội đầu (bóng đá); đóng đầy thùng; hướng (mũi tàu về phía nào); kết thành bắp (bắp cải); kết thành cụm đầu (hoa...); mưng chín (mụn nhọt); tiến về, hướng về, đi về (phía nào...); tiến lên trước để chặn bắt (ai) phải quay lại; to head back; chặn tránh (một vấn đề gì khi chịu bóng bằng cách hướng câu chuyện sang một vấn đề khác...)","Be careful when you pet that dog on the head; it may bite.",""
"24748","break","break","A2","noun","nội động từ","/breik/","9","POS_MISMATCH | MANY_SENSES | LONG_MEANING | NOISY_PRIMARY_MEANING","91","2209","xe vực ngựa (tập cho ngựa kéo xe)","xe vực ngựa (tập cho ngựa kéo xe); xe ngựa không mui; sự gãy, sự kéo, sự đứt, sự ngắt; chỗ vỡ, chỗ nứt, chỗ rạn; sự nghỉ, sự dừng lại, sự gián đoạn; giờ nghỉ, giờ ra chơi, giờ giải lao; sự cắt đứt (quan hệ), sự tuyệt giao; sự lỡ lời; sự lầm lỗi; sự vỡ nợ, sự bị phá sản; sự thay đổi (thòi tiết); sự thụt giá thình lình; dịp may, cơ hội; sự đổi giọng; sự chuyển âm vực; mục xen (vào chương trình đang phát) (rađiô, truyền hình); tia hy vọng; bình minh, rạng đông; làm gãy, bẻ gãy, làm đứt, làm vỡ, đập vỡ; cắt, ngắt, làm gián đoạn, ngừng phá; xua tan, làm tan tác; phạm, phạm vi, xâm phạm; truyền đạt, báo (tin); làm suy sụp, làm nhụt (ý chí...), làm mất hết; ngăn đỡ, làm yếu đi, làm nhẹ đi; làm cho thuần thục; tập luyện; đập tan; đàn áp, trấn áp; sửa chữa; mở, mở tung ra, cạy tung ra; gãy, đứt, vỡ; chạy tán loạn, tan tác; ló ra, hé ra, hiện ra; thoát khỏi; sổ ra; ((thể dục,thể thao)) buông ra (quyền Anh); suy nhược, yếu đi; suy sụp, sa sút, phá sản; thay đổi; vỡ tiếng, nức nở, nghẹn ngào (tiếng nói); đột nhiên làm; phá lên; cắt đứt quan hệ, tuyệt giao; phá mà vào, phá mà ra, xông vào nhà; phá cửa vào nhà, bẻ khoá vào nhà; trốn thoát, thoát khỏi; bẻ gãy, rời ra; đập vỡ, đạp tan, đạp đổ, xô đổ; sụp đổ, đổ vỡ tan tành; suy nhược, kiệt sức; làm sa sút, làm suy nhược (sức khoẻ, tinh thần...); vỡ nợ, phá sản, thất cơ lỡ vận; bị pan, bị hỏng (xe cộ); phân ra từng món (chi tiêu...); (hoá) phân nhỏ, phân tích; vỡ ra, nổ ra; vọt ra, bắn ra, tuôn ra; xông vào, phá mà vào (nhà...); ngắt (lời); chặn (lời); cắt ngang (câu chuyện); can thiệp vào; tập luyện (ngựa...); cho vào khuôn phép, dạy dỗ (trẻ con...); rời ra, lìa ra, long ra, bị gãy rời ra; ngừng sững lại, đột nhiên ngừng lại, thôi; cắt đứt quan hệ, tuyệt giao; bẻ ra, bẻ tung ra; nổ bùng, nổ ra; nổi mụn, sùi đỏ lên (mặt); trốn thoát, thoát khỏi, vượt (ngục...); kêu to, phá lên (cười...); mở và bốc dỡ (kho hàng...); kéo lên và mở tung ra (cờ); chạy toán loạn, tan tác, tản ra; giải tán (hội nghị, đám đông, mây...); chia lìa, chia ly, lìa nhau; nghỉ hè (trường học); sụt lở; làm sụt lở (đường sá); thay đổi (thời tiết); suy yếu đi (người); đập vụn, đập nát; ăn ở (nhà ai) được (ai) mời ăn; even; ice; lance; beck; nói (viết) sai ngữ pháp; wheel","The femur has a clean break and so should heal easily.",""
"24406","hold","hold","A1","noun","nội động từ","/hould/","9","POS_MISMATCH | MANY_SENSES | LONG_MEANING | NOISY_PRIMARY_MEANING","71","1889","khoang (của tàu thuỷ)","khoang (của tàu thuỷ); sự cầm, sự nắm giữ, sự nắm chặt; sự nắm được, sự hiểu thấu; ảnh hưởng; vật để nắm lấy; vật đỡ; chỗ dựa; đồn ải, thành luỹ, pháo đài; sự giam cầm; nhà lao, nhà tù; cầm, nắm, giữ, nắm giữ, giữ vững; giữ, ở (trong một tư thế nào đó); chứa, chứa đựng; giam giữ (ai); giữ, nén, nín, kìm lại; bắt phải giữ lời hứa; choán, xâm chiếm, thu hút, lôi cuốn; có ý nghĩ là, cho là, xem là, coi là; tin rằng; quyết định là (toà án, quan toà...); tổ chức, tiến hành; nói, đúng (những lời lẽ...); theo, theo đuổi, tiếp tục đi theo; (+ to,  by) giữ vững, giữ chắc ((nghĩa đen) & (nghĩa bóng)); tiếp tục, kéo dài, còn mãi, cứ vẫn; có giá trị, có hiệu lực, có thể áp dụng ((cũng) to hold good,  to hold true); ((thường) phủ định + with) tán thành; hold! đứng lại, dừng lại; đợi một tí!; ngăn lại, giữ lại, nén lại, kìm lại; giấu, giữ bí mật, giữ riêng (tin tức...); do dự, ngập ngừng; cố ngăn, cố nén; bắt lệ thuộc, bắt phụ thuộc, bắt phục tùng; áp bức; cúi (đầu); tiếp tục giữ, vẫn giữ, vẫn (ở trong hoàn cảnh nào...); đưa ra, đặt ra, nêu ra (một đề nghị...); nói; hò hét diễn thuyết ((thường) xấu); nói chắc, dám chắc; giam giữ; nén lại, kìm lại, dằn lại; giữ không cho lại gần; giữ cách xa; chậm lại, nán lại; nắm chặt, giữ chặt, bám chặt; giữ máy không cắt (dây nói); giơ ra, đưa ra; chịu đựng, kiên trì dai dẳng; không nhượng bộ, không đầu hàng (thành bị bao vây...); ,  (từ lóng) không cho, không từ chối cho (cái gì phải cho); để chậm lại, đình lại, hoàn lại; ở lại sau khi hết nhiệm kỳ; ở lại thêm nhiệm kỳ; gắn lại với nhau, giữ lại với nhau; gắn bó với nhau, đoàn kết với nhau; đưa lên, giơ lên; đỡ, chống đỡ; vẫn vững, vẫn duy trì; vẫn đứng vững, không ngã (ngựa); nêu ra, phô ra, đưa ra; chặn đứng (ô tô...) ăn cướp; làm đình trệ, làm tắc nghẽn (giao thông...); loof; đứng lại!; ngừng!; own; luôn luôn giơ cái gì đe doạ ai; kín không rò (thùng); đứng vững được (lập luận...)","Keep a firm hold on the handlebars.",""
"24936","drop","drop","A2","noun","ngoại động từ","/drɔp/","9","POS_MISMATCH | MANY_SENSES | LONG_MEANING | NOISY_PRIMARY_MEANING","67","1682","giọt (nước","giọt (nước, máu, thuốc...); hớp nhỏ rượu mạnh, ly nhỏ rượu mạnh, chút xíu rượu mạnh; kẹo viên, viên (bạc hà...); hoa (đeo tai); dây rủ (có xâu hạt pha lê ở đèn treo); sự rơi; quãng rơi; sự xuống dốc, sự thất thế; sự hạ, sự giảm, sa sụt; chỗ thụt xuống thình lình (của mặt đường...); mực thụt xuống; dốc đứng; màn hạ lúc nghỉ tạm ((cũng) drop-curtain); cú đá quả bóng đang bật ((cũng) drop-kick); ván rút (ở chân giá treo cổ); miếng (sắt...) che lỗ khoá; khe đút tiền (máy bán hàng tự động); sự thả dù (vũ khí, thức ăn, quân...); vật thả dù; chảy nhỏ giọt, rơi nhỏ giọt; nhỏ giọt ráo nước; rơi, rớt xuống, gục xuống; tình cờ thốt ra, tình cờ nói ra; thôi ngừng lại, dừng lại, đứt đoạn; sụt, giảm, hạ; lắng xuống; rơi vào (tình trạng nào đó...); co rúm lại, thu mình lại (trước thú săn) (chó săn); nhỏ giọt, cho chảy nhỏ giọt; để rơi, buông rơi, bỏ xuống, ném xuống; vô tình thốt ra, buông (lời...); viết qua loa (cho ai vài dòng...); đẻ (cừu); bỏ lướt, bỏ không đọc (một chữ...); cho xuống xe (người); đưa đến (gói hàng); cúi (mặt...) xuống; hạ thấp (giọng); thua; đánh gục, bắn rơi, chặt đổ; bỏ (công việc, ý định...); ngừng (câu chuyện...); cắt đứt (cuộc đàm phán...); bỏ rơi (ai); thôi; phát bằng cú đá bóng đang bật nảy; ghi (bàn thắng) bằng cú đá bóng đang bật nảy (bóng đá); tình cờ gặp, ngẫu nhiên gặp; măng nhiếc, xỉ vả; trừng phạt (ai); lần lượt bỏ đi; tạt vào thăm; nhân tiện đi qua ghé vào thăm; lần lượt vào kẻ trước người sau; đi biến, mất hút; ngủ thiếp đi; chết; mắng nhiếc, xỉ vả; trừng phạt (ai); biến mất, mất hút; bỏ ra ngoài, không ghi vào (dánh sách...); rút ra khỏi (cuộc đấu...); bỏ học nửa chừng; curtsey; biến mất, mất hút; thiếu cái gì; không đạt tới cái gì","Put three drops of oil into the mixture.",""
"24695","back","back","A2","adjective","nội động từ","/bæk/","9","POS_MISMATCH | MANY_SENSES | LONG_MEANING | NOISY_PRIMARY_MEANING","60","1270","lưng (người","lưng (người, vật); ván lưng, ván ngựa (ghế); đằng sau; mặt sau, mặt trái; sống (dao); gáy (sách); mu (bàn tay); chỗ trong cùng; hậu vệ; cái ăn cái mặc; trong thâm tâm, trong đáy lòng; đứng đằng sau lưng ai; trợ lực cho ai, ủng hộ ai, làm hậu thuẫn cho ai; đuổi theo sát ai; biết được nguyên nhân sâu xa, nắm được bí mật của cái gì; nằm ngửa; bị thua, bị thất bại, nàm vào hoàn cảnh bất lực; ốm liệt giường; làm việc cật lực, làm việc đến sụm cả lưng; bắt ai làm việc cật lực; đánh gãy sống lưng ai; luồn cúi ai, quỵ luỵ ai; làm cho ai nổi giận, làm cho ai phát cáu; nổi giận, phát cáu; hiểu được thực chất của vấn đề gì; cúi xuống (chơi nhảy cừu); miệt mài làm việc gì, đem hết nhiệt tình ra làm việc gì; rob; neck; quay lưng lại với ai; lâm vào thế cùng; trong việc này có điều gì uẩn khúc; sau; hậu; còn chịu lại, còn nợ lại; để quá hạn, cũ, đã qua; ngược, lộn lại, trở lại; lùi lại, về phía sau; trước (thời gian); trả lại, trở lại, ngược lại; cách, xa; tới lui; phản bạn; không giữ lời hứa; đến đó và trở lại; lùi; ủng hộ (một kế hoạch...); đánh cá, đánh cuộc (một con ngựa...); đóng gáy (quyển sách); cưỡi (ngựa); cùng ký vào, ký tiếp vào (một văn kiện...); lùi lại; dịu trở lại (gió); bỏ, chùn lại; lùi; thoái lui; nuốt lời; lui, rút lui; lẩn trốn; lưỡng lự, do dự","Could you please scratch my back?",""
"24452","kick","kick","A1","noun","ngoại động từ","/kik/","9","POS_MISMATCH | MANY_SENSES | LONG_MEANING | NOISY_PRIMARY_MEANING","44","1183","trôn chai (chỗ lõm ở đít chai)","trôn chai (chỗ lõm ở đít chai); cái đá, cú đá (đá bóng); cái đá hậu (ngựa); sự giật (của súng, khi bắn); tay đá bóng, cầu thủ; hơi sức; sức bật, sực chống lại; ,  (thông tục) lý do phản kháng, lý do phản đối; sự phản kháng, sự phản đối; sự thích thú, sự thú vị; (từ Mỹ,nghĩa Mỹ),  (từ lóng) trò vui, trò nhộn; sự việc thay đổi bất ngờ, việc bất ngờ; bị đá bị đuổi, bị sa thải; bị chửi nhiều được khen ít; bực mình khó chịu nhiều hơn là thích thú; đá, đá hậu (ngựa); giật (súng); chống lại, kháng cự, phản đối, phản kháng; tỏ ý khó chịu với; đá; sút ghi (bàn thắng) (bóng đá); đá vung, đá lung tung; ,  (thông tục) hành hạ, đối xử thô bạo; ,  (thông tục) đi lung tung đây đó; ,  (thông tục) nghĩ về, bàn luận về; đánh ngược trở lại (maniven ô tô); đá lại; đá (quả bóng) trả lại; trả lại (của ăn cắp hoặc một phần số tiền do bị ép buộc hay thoả thuận riêng mà phải nhận...); đá bung (cửa); ,  (từ lóng) góp phần, đóng góp; ,  (từ lóng) chết; đá bật đi; bắt đầu ra bóng, bắt đầu ra trận đấu bóng đá; đá ra; tống cổ ra; đá tung lên; gây nên; kháng cự vô ích chỉ chuốc lấy cái đau đớn vào thân; bucket; heel; kháng cự lại, không chịu sự kiềm thúc gò ép; đề bạt ai cốt để tống khứ đi; heel","A kick to the knee.",""
"24889","dead","dead","A2","adjective","phó từ","/ded/","9","POS_MISMATCH | MANY_SENSES | LONG_MEANING | NOISY_PRIMARY_MEANING","31","842","chết (người","chết (người, vật, cây cối); tắt, tắt ngấm; chết, không hoạt động; không sinh sản; hết hiệu lực; không dùng được nữa; tê cóng, tê bại, tê liệt; xỉn, không bóng (màu, vàng...); đục, không vang (âm thanh...); không màng đến, không biết đến, chai điếng, điếc đặc không chịu nghe; thình lình, hoàn toàn; không có thế hiệu; ,  (thông tục) ngu xuẩn, đần độn; đã chết và chôn; đã qua từ lâu; đã bỏ đi không dùng đến từ lâu; chết thật rồi, chết cứng ra rồi; chai không, chai đã uống hết; gần chết, thừa sống thiếu chết; chết giấc, bất tỉnh nhân sự; người chết thì không còn tiết lộ bí mật được nữa; những người đã chết, những người đã khuất; giữa; hãy để cho quá khứ chôn vùi quá khứ đi; hãy quên quá khứ đi; ,  (thông tục) nhất định, kiên quyết; đứng đắn, không đùa; đúng vào, ngay vào, thẳng vào; hoàn toàn; hằn lại, sững lại; kiên quyết phản đối ai","Have respect for the dead.",""
"25234","mark","mark","A2","noun","ngoại động từ","/mɑ:k/","9","POS_MISMATCH | MANY_SENSES | LONG_MEANING | NOISY_PRIMARY_MEANING","26","826","đồng Mác (tiền Đức)","đồng Mác (tiền Đức); dấu, nhãn, nhãn hiệu; dấu, vết, lằn; bớt (người), đốm, lang (súc vật); dấu chữ thập (thay chữ ký của những người không biết viết); đích, mục đích, mục tiêu ((nghĩa đen) & (nghĩa bóng)); chứng cớ, biểu hiện; danh vọng, danh tiếng; mức, tiêu chuẩn, trình độ; điểm, điểm số; đánh dấu, ghi dấu; cho điểm, ghi điểm; chỉ, bày tỏ; biểu lộ, biểu thị; chứng tỏ, đặc trưng; để ý, chú ý; ghi (giá hàng) hạ hơn (trên phiếu ghi giá); chọn lựa, phân biệt, tách ra ((nghĩa đen) & (nghĩa bóng)); giới hạn, vẽ ranh giới, quy định ranh giới (để xây dựng); vạch (con đường); vạch, đề ra (kế hoạch); chỉ định, chọn lựa (để làm một nhiệm vụ, công việc gì); ghi (giá hàng) cao hơn (trên phiếu ghi giá); định giá bán (bằng cách cộng thêm kinh phí vào giá vốn); giậm chân tại chỗ theo nhịp; giậm chân tại chỗ, không tiến chút nào","to mark a box or bale of merchandise",""
"25813","count","count","B1","noun","nội động từ","/kaunt/","9","POS_MISMATCH | MANY_SENSES | LONG_MEANING | NOISY_PRIMARY_MEANING","26","781","bá tước (không phải ở Anh) ((xem) earl)","bá tước (không phải ở Anh) ((xem) earl); sự đếm; sự tính; tổng số; điểm trong lời buộc tội; sự hoãn họp (khi chỉ có dưới 40 nghị viên có mặt) (nghị viện Anh) ((cũng) count-out); biết đã đếm được bao nhiêu; không nhớ đã đếm được bao nhiêu; đếm; tính; kể cả, gồm cả, tính đến, kể đến; coi là, coi như, chom là; đếm, tính; có giá trị; được kể đến, được tính đến, được chú ý đến, được quan tâm đến; đếm ngược từ 10 đến 0 (trong các cuộc thí nghiệm...); hy vọng ở, trông mong ở; để riêng ra, không tính vào (một tổng số); đếm ra, lấy ra; tuyên bố bị đo ván (quyền Anh) (sau khi đã đếm đến 10 mà chưa dậy được); hoãn họp (vì không đủ 40 người) (nghị viện Anh); cộng sổ, tính sổ; tính toán hơn thiệt; coi như đã chết (mất); rất (ít, không) có giá trị, rất (ít, không) có tác dụng; chicken","Give the chairs a quick count to check if we have enough.",""
"24486","long","long","A1","adjective","nội động từ","/lɔɳ/","9","POS_MISMATCH | MANY_SENSES | LONG_MEANING | NOISY_PRIMARY_MEANING","37","764","dài (không gian","dài (không gian, thời gian); xa, lâu; kéo dài; cao; nhiều, đáng kể; dài dòng, chán; quá, hơn; chậm, chậm trễ, lâu; tạm biệt trong một thời gian dài; bow; mạnh cánh có thế lực; mặt dài ra, chán nản, buồn xỉu; linh lợi; láu lỉnh; nhìn xa thấy rộng; hay nói nhiều; trường hơi, có thể chạy lâu mà không nghỉ; có thể nói mãi mà không mệt; với tay ai (để lấy cái gì); vẫy mũi chế giễu; biết nhìn xa nghĩ rộng; nhìn thấu được vấn đề; sau cùng, sau rốt, kết quả là, rốt cuộc; có từ lâu đời; home; thời gian lâu; vụ nghỉ hè; tóm lại; tất cả vấn đề thâu tóm lại, nói gọn lại; lâu, trong một thời gian dài; suốt trong cả một khoảng thời gian dài; lâu, đã lâu, từ lâu; tạm biệt!; miễn là, chỉ cần, với điều kiện là; chừng nào mà; mãi mới; nóng lòng, mong mỏi, ước mong, ao ước","Every uptick made the longs cheer.",""
"24561","nose","nose","A1","noun","động từ","/nouz/","9","POS_MISMATCH | MANY_SENSES | LONG_MEANING | NOISY_PRIMARY_MEANING","31","756","mũi (người)","mũi (người); mõm (súc vật); khứu giác; sự đánh hơi; mùi, hương vị; đầu mũi (của một vật gì); trả lời một cách sỗ sàng; trong cơn bực tức với mình lại tự mình làm hại thân mình; đi thẳng về phía trước; chỉ theo linh tính; grindstone; lead; look; người dễ uốn nắn; người bảo sao nghe vậy; phao câu (gà...); chõ mũi vào việc của người khác; phải trả một giá cắt cổ; choán chỗ ai, hất cẳng ai; làm cho ai chưng hửng, làm cho ai thất vọng, làm cho ai vỡ mộng; nói giọng mũi; kiểm diện, đếm số người có mặt; kiểm phiếu; lấy đa số để quyết định một vấn đề gì; hếch mũi nhại (ai); ngay ở trước mắt, ngay ở trước mũi mình; ngửi, đánh hơi ((nghĩa đen) & (nghĩa bóng)); dính vào, chõ vào, xen vào; dí mũi vào, lấy mũi di di (cái gì); đâm bổ xuống (máy bay); lấn đường","She has a cold in the nose.",""
"25026","fit","fit","A2","adjective","nội động từ","/fit/","9","POS_MISMATCH | MANY_SENSES | LONG_MEANING | NOISY_PRIMARY_MEANING","37","724","đoạn thơ ((cũng) fytte)","đoạn thơ ((cũng) fytte); cơn (đau); sự ngất đi, sự thỉu đi; đợt; hứng; đánh thắng ai một cách dễ dàng; không đều, thất thường, từng đợt một; làm ai ngạc nhiên; xúc phạm đến ai; ,  (từ lóng) nổi cơn tam bành, điên tiết lên; sự làm cho vừa, sự điều chỉnh cho vừa; kiểu cắt (quần áo) cho vừa; cái vừa vặn; dùng được; thích hợp, vừa hơn; xứng đáng; đúng, phải; sãn sàng; đến lúc phải; mạnh khoẻ, sung sức; bực đến nỗi; hoang mang đến nỗi (có thể làm điều gì không suy nghĩ); mệt đến nỗi (có thể ngã lăn ra); (dùng như phó từ) đến nỗi; candle; hợp, vừa; làm cho hợp, làm cho vừa; lắp; vừa hợp; thích hợp, phù hợp, ăn khớp; ăn khớp; khớp với; làm cho khớp với; mặc thử (quần áo); trang bị; sửa sang cho có tiện nghi (nhà ở); glove","Since he put on weight, his jeans have been a tight fit.",""
"24341","game","game","A1","noun","tính từ","/geim/","9","POS_MISMATCH | MANY_SENSES | LONG_MEANING | NOISY_PRIMARY_MEANING","32","717","trò chơi (như bóng đá","trò chơi (như bóng đá, quần vợt, bài lá...); dụng cụ để chơi (các trò chơi); cuộc thi điền kinh, cuộc thi đấu; ván (bài, cờ...); trò cười; chuyện nực cười, trò đùa; sự trêu chọc, sự chế nhạo; trò láu cá, mánh khoé; ý đồ, mưu đồ; thú săn; thịt thú săn; ,  (từ lóng) mục tiêu theo đuổi khó khăn, mục tiêu nguy hiểm; con vật bị săn, con vật bị dồn; người bị theo đuổi, vật bị theo đuổi; bầy (thiên nga); không sung sức; sung sức; có những tham vọng cao hơn; nắm chắc thắng lợi trong tay; làm chủ được cuộc đấu; play; anh thắng cuộc; việc làm lợi chẳng bõ công; thu không bù chi; việc làm đã thất bại; đánh bạc; thua bạc khánh kiệt; như gà chọi; dũng cảm, anh dũng, gan dạ; có nghị lực; bị bại liệt (chân, tay); què, thọt","He's in the securities game somehow.",""
"25036","fool","fool","A2","noun","nội động từ, ((thường) + about,  (từ Mỹ,nghĩa Mỹ) + around)","/fu:l/","9","POS_MISMATCH | MANY_SENSES | LONG_MEANING | NOISY_PRIMARY_MEANING","25","697","món hoa quả nấu (trộn với sữa kem...)","món hoa quả nấu (trộn với sữa kem...); người khờ dại, người ngu xuẩn, người xuẩn ngốc; người làm trò hề, anh hề; người bị lừa phỉnh; nhọc mình mà chẳng nên công cán gì; không ra cái thớ gì khi đem so sánh với...; không phải là ngốc, không phải là ngu dại; khôn ngoan láu; sắp hết lý sự; xử sự như một thằng ngốc; đánh lừa ai; làm cho ai hoá thanh một thằng xuẩn ngốc; người khôn ngoan không cần bác sĩ; già còn chơi trông bổi; làm trò hề; lầm to; làm trò vớ vẩn, làm trò ngố; ,  (thông tục),  (như) foolish; lừa gạt, lừa phỉnh, đánh lừa (ai); lừa (tiền); lãng phí (một cách ngu dại) (tiền, thời gian); làm những chuyện ngớ ngẩn ngu dại; vớ vẩn, lãng phí thời gian; làm trò hề, làm trò ngố; đùa cợt","The village fool threw his own shoes down the well.",""
"24546","neck","neck","A1","noun","ngoại động từ","/nek/","9","POS_MISMATCH | MANY_SENSES | LONG_MEANING | NOISY_PRIMARY_MEANING","25","630","cổ (người","cổ (người, súc vật; chai, lọ); thịt cổ (cừu); chỗ thắt lại, chỗ hẹp lại (của một cái gì); tính táo tợn, tính liều lĩnh; người táo tợn, người liều lĩnh; khắc phục được những phần khó khăn nhất (của một công việc...); bị đánh chết; bị một vố đau; bị quở trách trừng phạt nặng nề; bị thải hồi; dở bướng, cứng đầu cứng cổ; ngang nhau, không hơn nhau tí nào (chạy thi; đua ngựa); được ăn cả ngã về không; một mất một còn; liều mạng; thoát chết ((nghĩa đen) & (nghĩa bóng)); thách đánh; sự bướng bỉnh, sự ngoan cố, sự cứng đầu cứng cổ; nói lung tung, nói bừa bãi; tread; về đích hơn một đầu (đua ngựa); ,  (từ lóng) ôm cổ; ôm ấp, âu yếm","Giraffes have long necks.",""
"24199","corner","corner","A1","noun","nội động từ","/'kɔ:nə/","9","POS_MISMATCH | MANY_SENSES | LONG_MEANING | NOISY_PRIMARY_MEANING","23","567","góc (tường","góc (tường, nhà, phố...); nơi kín đáo, xó xỉnh; chỗ ẩn náu, chỗ giấu giếm; nơi, phương; sự đầu cơ, sự lũng đoạn thị trường; quả phạt gốc; đi tắt; drive; ngã té; được ai yêu mến; dành cho ai một cảm tình đặc biệt; có cảm tình với ai, yêu mến ai; ,  (thông tục) chỗ nguy hiểm, chỗ chiến sự xảy ra ác liệt; liếc ai, nhìn trộm ai; nơi nguy hiểm; hoàn cảnh khó khăn; rẽ, ngoặt; vượt qua nơi nguy hiểm, vượt qua giai đoạn khó khăn; đặt thành góc, làm thành góc; để vào góc; dồn vào chân tường, dồn vào thế bí; mua vét (để đầu cơ, lũng đoạn thị trường); vét hàng (để đầu cơ)","The corners of the wire mesh were reinforced with little blobs of solder.",""
"25961","dive","dive","B1","noun","nội động từ","/daiv/","9","POS_MISMATCH | MANY_SENSES | LONG_MEANING | NOISY_PRIMARY_MEANING","17","560","sự nhảy lao đầu xuống (nước...)","sự nhảy lao đầu xuống (nước...); sự lặn; sự đâm bổ xuống, sự bổ nhào xuống (máy bay); sự lặn (tàu ngầm); sự vụt biến mất, sự vụt lao biến đi; sự thọc tay vào túi; quán rượu chui (nơi lui tới của bọn vô lại...); chỗ ẩn náu (của bọn lưu manh; cửa hàng ở tầng hầm (thường bán một số hàng đặc biệt); nhảy lao đầu xuống (nước...); lặn; đâm bổ xuống, bổ nhào xuống (máy bay); lặn (tàu ngầm); lặn xuống thình lình, chìm xuống thình lình; vụt lao biến đi, vụt biến mất; thọc tay vào (túi, nước...); chìm đắm vào, mải mê vào, đi sâu vào (công việc nghiên cứu cái gì...)","the dive of a hawk after prey",""
"24053","bar","bar","A1","noun","giới từ","/bɑ:/","9","POS_MISMATCH | MANY_SENSES | LONG_MEANING | NOISY_PRIMARY_MEANING","27","521","barơ (đơn vị áp suất)","barơ (đơn vị áp suất); thanh, thỏi; chấn song; then chắn (cửa); vật ngáng; cái ngáng đường (để thu thuế); cồn cát ngầm (ở cửa sông hay hải cảng); vạch ngang (ở trên huy chương); vạch đường kẻ; gạch nhịp; nhịp; thanh, cần; xà; sự kháng biện; vành móng ngựa, toà; nghề luật sư; quầy bán rượu; sự trở ngại, sự cản trở (về tinh thần); cài, then (cửa); chặn (đường...), ngăn cản; vạch đường kẻ; cấm, cấm chỉ; ghét, không ưa (một người, một thói quen); kháng biện; chặn (cửa) không cho ra; chặn (cửa) không cho vào; trừ, trừ ra","The window was protected by steel bars.",""
"25052","fresh","fresh","A2","adjective","danh từ","/freʃ/","9","POS_MISMATCH | MANY_SENSES | LONG_MEANING | NOISY_PRIMARY_MEANING","16","437","tươi (hoa","tươi (hoa, trứng, sữa, cá, thịt...); tươi tắn, mơn mởn; còn rõ rệt, chưa phai mờ; trong sạch, tươi mát, mát mẻ (không khí...); mới; vừa mới tới, vừa mới ra; non nớt, ít kinh nghiệm; không mặn, không chát (bơ...); ngọt (nước); khoẻ khắn, sảng khoái, khoẻ mạnh, lanh lợi; ,  (từ lóng) hỗn xược, xấc láo, sỗ sàng; ,  (từ lóng) ngà ngà say, chếnh choáng; vừa mới có sữa (bò cái sau khi đẻ); mới; lúc tươi mát, lúc mát mẻ; dòng nước trong mát","He followed the fresh hoofprints to find the deer.",""
"26929","drain","drain","B2","noun","nội động từ","/drein/","9","POS_MISMATCH | MANY_SENSES | LONG_MEANING | NOISY_PRIMARY_MEANING","12","417","ống dẫn (nước...)","ống dẫn (nước...), cống, rãnh, mương, máng; ống dẫn lưu; sự rút hết, sự bòn rút hết, sự tiêu hao, sự làm kiệt quệ; hớp nhỏ (rượu); + off,  away) rút, tháo, tiêu (nước); làm ráo nước (quần áo giặt, bát đĩa rửa); uống cạn (nước, rượu); dẫn lưu; rút hết, bòn rút hết, tiêu hao, làm kiệt quệ; + off,  away) chảy đi, thoát đi, tiêu đi (nước...); ráo nước (quần áo giặt, bát đĩa rửa); chảy ròng ròng, chảy nhỏ giọt (qua...)","The drain in the kitchen sink is clogged.",""
"24178","coach","coach","A1","noun","nội động từ","/koutʃ/","9","POS_MISMATCH | MANY_SENSES | LONG_MEANING | NOISY_PRIMARY_MEANING","15","408","xe ngựa bốn bánh ((thường) bốn ngựa)","xe ngựa bốn bánh ((thường) bốn ngựa); toa hành khách; xe buýt chạy đường dài; người kèm học, thầy dạy tư (luyện thi...); huấn luyện viên; chở bằng xe ngựa; dạy kèm, dạy tư; kèm (để luyện thi); huấn luyện, luyện tập (một vận động viên); hướng dẫn (phi công) bằng điện đài khi bay đêm; dặn dò; gợi ý (ai làm gì, nói gì); cung cấp tài liệu, cung cấp số liệu (cho ai); đi bằng xe ngựa; học tư (ai) (để luyện thi)","John flew coach to Vienna, but first-class back home.",""
"26816","defeat","defeat","B2","noun","ngoại động từ","/di'fi:t/","9","POS_MISMATCH | MANY_SENSES | LONG_MEANING | NOISY_PRIMARY_MEANING","15","385","sự thất bại (của một kế hoạch...)","sự thất bại (của một kế hoạch...); sự tiêu tan (hy vọng...); sự thua trận, sự bại trận; sự đánh bại (kẻ thù); sự huỷ bỏ, sự thủ tiêu; đánh thắng, đánh bại; làm thất bại (một kế hoạch...); làm tiêu tan (hy vọng...); sự thua trận, sự bại trận; sự đánh bại (kẻ thù); sự huỷ bỏ, sự thủ tiêu; đánh thắng, đánh bại; làm thất bại (một kế hoạch...); làm tiêu tan (hy vọng...); huỷ bỏ, thủ tiêu","Wellington defeated Napoleon at Waterloo.",""
"26148","fold","fold","B1","noun","nội động từ","/fould/","9","POS_MISMATCH | MANY_SENSES | LONG_MEANING | NOISY_PRIMARY_MEANING","17","368","bãi rào (nhốt súc vật)","bãi rào (nhốt súc vật); các con chiên; nhóm người cùng chung quyền lợi, nhóm người cùng chung mục đích; trở về với gia đình; quây (bâi) cho súc vật (để bán đất); cho (súc vật) vào bâi rào, quây (súc vật) vào bãi rào; nếp gấp; khe núi, hốc núi; khúc cuộn (của con rắn); nếp oằn; gấp, gập; vén, xắn; khoanh (tay); bọc kỹ; bao phủ; ôm, ãm (vào lòng); gập lại, gấp nếp lại","After two reraises in quick succession, John realised his best option was probably a fold.",""
"24198","corn","corn","A1","noun","ngoại động từ","/kɔ:n/","9","POS_MISMATCH | MANY_SENSES | LONG_MEANING | NOISY_PRIMARY_MEANING","16","367","chai (chân)","chai (chân); chỗ đau; tread; hạt ngũ cốc; cây ngũ cốc; ngô, bắp ((cũng) Indian corn); ,  (thông tục) rượu ngô; công nhận lời của ai là đúng; nhận lỗi; lợi dụng sự may mắn một cách khôn ngoan; lợi dụng sự thành công một cách khôn ngoan; ,  (từ lóng) khen ai, tán tụng ai, cho ai đi tàu bay; bushel; muối bằng muối hột, muối (thịt...); viên thành hạt nhỏ; nuôi bằng ngô","He paid her the nominal fee of two corns of barley.",""
"24746","brand","brand","A2","noun","ngoại động từ","/brænd/","9","POS_MISMATCH | MANY_SENSES | LONG_MEANING | NOISY_PRIMARY_MEANING","16","365","nhãn (hàng hoá)","nhãn (hàng hoá); loại hàng; dấu sắt nung (đóng vào vai tội nhân); vết dấu sắt nung; vết nhơ, vết nhục; khúc củi đang cháy dở; cây đuốc; thanh gươm, thanh kiếm; bệnh gỉ (cây); cứu ra khỏi tình trạng bị huỷ diệt; đóng nhãn (hàng hoá); đóng dấu bằng sắt nung (lên vai tội nhân); đốt bằng sắt nung; làm nhục, làm ô danh; khắc sâu (vào trí nhớ); gọi (ai) là, quy (ai) là","To burn something to brands and ashes.",""
"26558","buzz","buzz","B2","noun","ngoại động từ","/bʌs/","9","POS_MISMATCH | MANY_SENSES | LONG_MEANING | NOISY_PRIMARY_MEANING","17","364","tiếng vo vo (sâu bọ)","tiếng vo vo (sâu bọ); tiếng vù vù (máy bay); tiếng rì rầm; tiêng ồn ào; tin đồn; cưa tròn; kêu vo vo; kêu vù vù; rì rầm; lan truyền (tin đồn); bay sát máy bay khác (máy bay); tranh nhau nói ồn ào; ném mạnh, liệng mạnh (hòn đá); bay vo ve xung quanh (như con nhặng) ((nghĩa đen) & (nghĩa bóng)); đi mất, đi khỏi; chuồn, trốn mất; uống cạn, uống hết sạch (chai rượu)","Still feeling the buzz from the coffee, he pushed through the last of the homework.",""
"25820","crash","crash","B1","noun","ngoại động từ","/kræʃ/","9","POS_MISMATCH | MANY_SENSES | LONG_MEANING | NOISY_PRIMARY_MEANING","11","362","vải thô (làm khăn lau...)","vải thô (làm khăn lau...); tiếng đổ vỡ loảng xoảng, tiếng va chạm loảng xoảng, tiếng đổ sầm, tiếng nổ (sét...); sự rơi (máy bay); sự đâm sầm vào (ô tô); sự phá sản, sự sụp đổ; rơi vỡ loảng xoảng, dổ ầm xuống; đâm sầm xuống, đâm sầm vào; phá sản; phá tan tành, phá vụn; ,  (từ lóng) lẻn vào không có giấy mời, lẻn vào không có vé; tràn vào, đọt nhập vào, xâm nhập","After the lightning came the crash of thunder.",""
"24384","hat","hat","A1","noun","ngoại động từ","/hæt/","9","POS_MISMATCH | MANY_SENSES | LONG_MEANING | NOISY_PRIMARY_MEANING","15","350","cái mũ ((thường) có vành)","cái mũ ((thường) có vành); người xấu, người đê tiện, người không có luân thường đạo lý; đi quyên tiền; lệ thuộc vào ai; bám vào ai, dựa vào ai; hy vọng vào ai; khúm núm; anh ta sống độc thân không có gia đình; giữ bí mật điều gì; thật à!, thế à! (tỏ ý ngạc nhiên); take; huênh hoang khoác lác; nhận lời thách; hết sức bí mật, tối mật; đội mũ cho (ai)","I hit the jackpot.",""
"25611","bore","bore","B1","verb","thời quá khứ của bear","/bɔ:/","9","POS_MISMATCH | MANY_SENSES | LONG_MEANING | NOISY_PRIMARY_MEANING","14","332","lỗ khoan (dò mạch mỏ)","lỗ khoan (dò mạch mỏ); nòng (súng); cỡ nòng (súng); khoan đào, xoi; lách qua; chèn (một con ngựa khác) ra khỏi vòng đua (đua ngựa); thò cổ ra (ngựa); việc chán ngắt, việc buồn tẻ; điều buồn bực; người hay quấy rầy, người hay làm phiền; người hay nói chuyện dớ dẩn; làm buồn; làm rầy, làm phiền, quấy rầy; nước triều lớn (ở cửa sông)","the bore of a cannon",""
"24756","bush","bush","A2","noun","ngoại động từ","/buʃ/","9","POS_MISMATCH | MANY_SENSES | LONG_MEANING | MISSING_EXAMPLE | DUPLICATE_PRIMARY_MEANING","12","319","bụi cây","bụi cây, bụi rậm; rừng cây bụi; râu rậm, tóc râm; biển hàng rượu, quán rượu; beat; hữu xạ tự nhiên hương; trốn vào rừng đi ăn cướp; trồng bụi cây (trên một khoảng đất trống để ngăn ngừa sự săn trộm bằng lưới); bừa (một mảnh ruộng) băng bừa có gài cành cây; ống lót, cái lót trục; ống phát hoả; đặt ống lót, đặt lót trục","",""
"25285","negative","negative","A2","adjective","ngoại động từ","/'negətiv/","9","POS_MISMATCH | MANY_SENSES | LONG_MEANING | MISSING_EXAMPLE | DUPLICATE_PRIMARY_MEANING","16","316","không","không; phủ định, phủ nhận, cự tuyệt, phản đối, từ chối; cấm đoán; ,  (toán học); (nhiếp ảnh) âm; lời từ chối, lời cự tuyệt; quyền phủ định, quyền phủ nhận, quyền phủ quyết; tính tiêu cực; số âm; cực âm; bản âm; từ phủ định; phủ nhận; phủ định, cự tuyệt, bác bỏ; phản đối, chống lại (lời phát biểu); làm thành vô hiệu","",""
"26797","dearly","dearly","B2","adverb","thán từ","/diə/","9","POS_MISMATCH | MANY_SENSES | LONG_MEANING | MISSING_EXAMPLE | DUPLICATE_PRIMARY_MEANING","13","313","thân","thân, thân yêu, thân mến, yêu quý; kính thưa, thưa; thân mến (viết trong thư); đáng yêu, đáng mến; thiết tha, chân tình; yêu mến ai, yêu quý ai; life; người thân mến, người yêu quý; người đáng yêu, người đáng quý; vật đáng yêu, vật đáng quý; đắt; thân mến, yêu mến, thương mến; trời ơi!, than ôi! ((cũng) dear me)","",""
"24932","draw","draw","A2","noun","nội động từ","/drɔ:/","8","POS_MISMATCH | MANY_SENSES | LONG_MEANING | DUPLICATE_PRIMARY_MEANING","106","2758","sự kéo","sự kéo; sự cố gắng, sự nỗ lực; sức quyến rũ, sức hấp dẫn, sức lôi cuốn; người có sức quyến rũ, vật có sức lôi cuốn; sự rút thăm; sự mở số; số trúng; trận đấu hoà; câu hỏi mẹo (để khai thác ai, cái gì); động tác rút súng lục, động tác vảy súng lục; phần di động của cầu cất; kéo; kéo, lôi kéo, thu hút, lôi cuốn; đưa; hít vào; co rúm, cau lại; gò (cương ngựa); giương (cung); kéo theo (hậu quả); chuốc lấy (tai hoạ, bực mình...); kéo ra, nhổ ra, lấy ra, rút ra, hút ra, trích ra, múc ra; rút ra, suy ra, đưa ra, vạch ra, nêu ra; mở (số), rút (thăm); được, trúng (số...); lĩnh ra, lấy ra, tìm thấy ở; moi; moi ra (lòng gà...), móc ra, moi hết, làm cạn; pha (trà), rút lấy nước cốt; sục (bụi rậm) tìm thú săn; kéo dài; vẽ, vạch, dựng lên, thảo ra; mô tả (bằng lời); viết (séc) lĩnh tiền; động tính từ quá khứ) hoà, không phân được thua; chìm xuống (bao nhiêu mét); có mức chìm (bao nhiêu mét); bạt xiên (quả bóng crikê); đánh (quả bóng gôn) quả sang trái; kéo; kéo ra, lấy ra, rút ra; hấp dẫn, lôi cuốn, có sức thu hút; thông (lò sưởi, ống khói...); ngấm nước cốt (trà, , ,); căng gió (buồm); kéo đến, túm tụm đến, bị thu hút đến, bị lôi cuốn đến; đi; vẽ; trở (gió); ((thường) + on,  upon) lấy tiền ở, rút tiền ra; cầu đến, nhờ cậy đến, gợi đến; dẫn (trong cuộc đua ngựa thi...); lôi đi, kéo đi; bỏ xa; kéo lùi, giật lùi; rút lui (không làm việc gì, không tham gia trận đấu...); kéo xuống (màn, mành, rèm...); hít vào, hút vào (thuốc lá...); gây ra (cơn tức giận...); thu vào (sừng, móng sắc...); kéo vào, lôi kéo vào (một phong trào nào...); xuống dần, xế chiều, tàn (ngày); ngày càng ngắn hơn (những ngày liên tiếp); rút (quân đội); rút lui; lấy ra, kéo ra, rút ra... (rượu trong thùng..., giày ống...); làm lạc (hướng chú ý...); dẫn tới, đưa tới; đeo (găng...) vào; quyến rũ, lôi cuốn; tới gần; đuổi kịp, bắt kịp (trong cuộc chạy đua); rút tiền ra; cầu đến, nhờ đến, gợi đến; nhổ ra kéo ra, rút ra, lấy ra; kéo dài (bài nói, bài viết...); dài ra (ngày); biệt phái (một đơn vị...); dàn hàng, dàn trận; khai thác, moi ra (một điều bí mật); làm cho (ai) nói ra, làm cho (ai) bộc lộ ra; vẽ ra, thảo ra; kéo lên, rút lên; múc (nước...) lên; to draw oneself up đứng thẳng đơ, đứng ngay đơ; sắp quân lính thành hàng, dàn hàng; thảo (một văn kiện); bắt kịp, đuổi kịp, theo kịp; đỗ lại, dừng lại (xe); lại gần, tới gần; bead; lùng sục chẳng thấy thú săn nào, không săn được con nào; (nghĩa bóng) không ăn thua gì, không được gì; bow; sinh ra; trút hơi thở cuối cùng, chết; dọn bàn (sau khi ăn xong); quá chi ly, chẻ sợi tóc làm tư; chín (mụn nhọt...); thu sừng lại, co vòi lại; (nghĩa bóng) bớt vênh váo, bớt lên mặt ta đây; làm đến mức như vậy thôi; nhận đến mức như vậy thôi; ngừng lại (ở một giới hạn nào) không ai đi xa hơn nữa; mild; viết đả kích ai; tấn công ai","The game ended in a draw.",""
"24487","look","look","A1","noun","động từ","/luk/","8","POS_MISMATCH | MANY_SENSES | LONG_MEANING | MISSING_EXAMPLE","88","1960","cái nhìn","cái nhìn, cái ngó, cái dòm; vẻ, vẻ mặt, nét mặt, vẻ ngoài; không nên trông mặt mà bắt hình dong; nhìn, xem, ngó, để ý, chú ý; mở to mắt nhìn, giương mắt nhìn; ngó đến, để ý đến, đoái đến, lưu ý; mong đợi, tính đến, toan tính; hướng về, xoay về, quay về, ngoảnh về; có vẻ, giống như; đợi chờ; tìm kiếm; nhìn quanh; nhìn quanh; đắn đo, nghĩ kỹ trước khi có kế hoạch làm gì; nhìn theo; trông nom, chăm sóc; để ý, tìm kiếm; nhìn, ngắm, xem; xét, xem xét; quay đi; quay lại nhìn, ngoái cổ lại nhìn; ngần ngại không muốn tiếp tục công việc đã bắt đầu; ngừng tiến; ghé lại gọi lại; nhìn lại (cái gì đã qua); nhìn xuống; hạ giá; ra vẻ kẻ cả; tìm kiếm; đợi, chờ, mong; mong đọi một cách hân hoan; chờ đợi một cách vui thích; nhìn vào; ghé qua thăm, tạt qua, tạt vào; nhìn vào bên trong; xem xét kỹ, nghiên cứu; nhìn ram quay về, hướng về; đứng xem, đứng nhìn; nhìn kỹ, ngắm; to look upon; để ý, chú ý cẩn thận, coi chừng; tìm ra, kiếm ra; chọn, lựa; để ý đợi chờ (một cái gì sẽ xảy đến); xem xét, kiểm tra; tha thứ, quên đi, bỏ qua; nhìn bao quát, bao quát, ở cao nhìn xuống; nhìn quanh; suy nghĩ, cân nhắc; nhìn qua; nhìn kỹ từ đầu đến chân, xem lần lượt, xem kỹ, đọc kỹ; nhìn thấu; biểu lộ, lộ ra; lưu ý, cẩn thận về; mong đợi, đợi chờ (ở ai); tin vào, trông cậy vào, chắc vào (ai); dẫn đến, đưa đến; nhìn trước thấy; to look to; nâng cốc, chúc sức khoẻ (ai); nhìn lên, ngước lên; tìm kiếm; lên giá, tăng giá; phát đạt; đến thăm; tôn kính, kính trọng; xem như, coi như; nhanh lên, khẩn trương lên; hành động kịp thời; nhìn giận dữ; trông vẻ giận dữ; có vẻ đáng chán; có vẻ buồn bực thất vọng; dagger; nhìn với vẻ coi khinh; nhìn thẳng vào mặt; nhìn thẳng vào sự việc không chùn bước e ngại; gift-horse; needle; đề cao cảnh giác; hành động kịp thời; khẩn trương lên, hoạt động lên; nhìn sự việc không đúng với thực tế; nhìn sự việc qua cặp kính màu; trông có vẻ đã lại người, trông có vẻ đã lại hồn; small; nhìn ai từ đầu đến chân (một cách kỹ càng hay khinh bỉ); leap","",""
"24348","give","give","A1","verb","danh từ","/giv/","8","POS_MISMATCH | MANY_SENSES | LONG_MEANING | MISSING_EXAMPLE","63","1501","cho","cho, biếu, tặng, ban; cho, sinh ra, đem lại; nêu cho; đưa cho, trao cho, đem cho, chuyển cho; truyền cho, làm lây sang; trả (tiền...); trao đổi; làm cho, gây ra; cống hiến, hiến dâng; ham mê, miệt mài, chuyên tâm; tan, vỡ, sụp đổ; lún xuống, trĩu xuống; có thể nhún nhẩy, co giãn (như lò xo); quay ra, nhìn ra, dẫn; chỉ, đưa ra, để lộ ra; đồng ý, thoả thuận; nhường, nhượng bộ; coi như, cho là, cho rằng; quyết định xử; cho; trao, phát (phần thưởng); tố cáo, phát giác; để lộ, phản bội; hoàn lại, trả lại; toả ra, phát ra, bốc (sức nóng, ánh sáng, mùi, tiếng...); công bố (tin tức...); nhượng bộ, chịu thua; nộp (tài liêu...); ghi vào, điền vào; toả ra, phát ra, bốc ra, bốc lên, xông lên (mùi, hơi nóng, khói...); chia, phân phối; toả ra, phát ra, làm bay ra, bốc lên, xông lên (hơi nóng, mùi...); rao, công bố; hết, cạn; bị hư, bị hỏng (máy móc); mệt, quỵ, kiệt đi (sức); cho (phỏng vấn); thôi, chấm dứt; vứt bỏ, bỏ; bỏ, từ bỏ; nhường; coi như là tuyệt vọng, cho như là không chữa được; trao, nộp (cho nhà chức trách...); khai báo (đồng bọn); đam mê, đắm đuối, miệt mài (học tập); back; ăn miếng chả, trả miếng bùi; tôi thích, tôi phục; mắng mỏ ai, xỉ vả đánh đập ai; mắng mỏ (chỉnh, xỉ vả) ai, trừng phạt ai nghiêm khắc; công bố; day; nhượng bộ; chịu thua; kiệt đi (sức khoẻ); cong, oằn, lún xuống, tan, gây, đứt; bị giảm giá, sụt xuống; rán sức chèo; bị bật đi, bị thay thế; tính đàn hồi, tính co giân, tính nhún nhảy được; sự có đi có lại; sự nhượng bộ lẫn nhau, sự thoả hiệp; sự bông đùa qua lại","",""
"24132","call","call","A1","noun","nội động từ","/kɔ:l/","8","POS_MISMATCH | MANY_SENSES | LONG_MEANING | DUPLICATE_PRIMARY_MEANING","71","1496","tiếng kêu","tiếng kêu, tiếng la, tiếng gọi; tiếng chim kêu; tiếng bắt chước tiếng chim; kèn lệnh, trống lệnh, còi hiệu; lời kêu gọi, tiếng gọi; sự mời, sự triệu tập; sự gọi dây nói, sự nói chuyện bằng dây nói; sự thăm, sự ghé thăm, sự đỗ lại, sự ghé lại; sự đòi hỏi, sự yêu cầu; sự cần thiết; dịp; sự gọi vốn, sự gọi cổ phần; sự vỗ tay mời (diễn viên) ra một lần nữa; sẵn sàng nhận lệnh; lệnh nhập ngũ, lệnh động viên; việc gì mà xấu hổ; close; có quyền được hưởng (nhận) cái gì; nơi thường lui tới công tác; kêu gọi, mời gọi lại; gọi là, tên là; đánh thức, gọi dậy; coi là, cho là, gọi là; gợi, gợi lại, nhắc lại; triệu tập; định ngày (họp, xử...); phát thanh về phía; gọi, kêu to, la to, gọi to; kêu gọi, yêu cầu; gọi, đến tìm (ai) (để lấy cái gì...); dừng lại, đỗ lại (xe lửa...); ghé thăm, lại thăm, tạt vào thăm; (nghĩa bóng) đòi, bắt buộc phải, cần phải; gọi ra một chỗ; kéo sang một bên; gọi đi; mời đi; gọi lại, gọi về; gọi (ai) xuống; xỉ vả, mắng nhiếc thậm tệ; phát huy hết, đem hết; gây ra; gọi ra ngoài; thu về, đòi về, lấy về (tiền...); mời đến, gọi đến, triệu đến; gọi ra chỗ khác; đình lại, hoãn lại, ngừng lại; bỏ đi; làm lãng đi; gọi ra; gọi to; gọi (quân đến đàn áp...); thách đấu gươm; triệu tập (một cuộc họp...); gọi tên; gợi lại, nhắc lại (một kỷ niệm); gọi dây nói; nảy ra (một ý kiến); gây ra (một cuộc tranh luận...); đánh thức, gọi dậy; động viên, gọi (nhập ngũ); làm cho đãng trí; làm cho không chú ý; question; tạo ra, làm nảy sinh ra; play; điểm tên; name; coal; có cái gì; spade","I received several calls today.",""
"24583","open","open","A1","adjective","nội động từ","/'oupən/","8","POS_MISMATCH | MANY_SENSES | LONG_MEANING | MISSING_EXAMPLE","51","1408","mở","mở, ngỏ; mở rộng, không hạn chế; không cấm; trần, không có mui che; không gói, không bọc; trống, hở, lộ thiên, thoáng rộng; thông, không bị tắn nghẽn; công khai, rõ ràng, ra mắt, không che giấu, ai cũng biết; cởi mở, thật tình; thưa, có lỗ hổng, có khe hở...; chưa giải quyết, chưa xong; rộng rãi, phóng khoáng, sẵn sàng tiếp thu cái mới, không thành kiến; còn bỏ trống, chưa ai đảm nhiệm, chưa ai làm...; không đóng băng; không có trong sương giá, dịu, ấm áp; mở ra cho, có thể bị; hở; quang đãng, không có sương mù; mở (âm); buông (dây); ai đến cũng tiếp đãi, rất hiếu khách; lay; arm; chỗ ngoài trời, chỗ thoáng mát, chỗ rộng râi, nơi đồng không mông quạnh; biên khơi; sự công khai; chỗ hở, chỗ mở; (từ Mỹ,nghĩa Mỹ) cuộc thi (điền kinh, thể dục, thể thao...) tranh giải vô địch toàn quốc tế ((cũng) the National Open); mở, bắt đầu, khai mạc; thổ lộ; nhìn thấy, trông thấy; mở cửa; mở ra, trông ra; bắt đầu, khai mạc; huồm poảy khyếm bắt đầu nói (người); nở; trông thấy rõ; phơi bày ra, mở ra, mở rộng ra, trải ra; bộc lộ ra, thổ lộ tâm tình; mở ra, trải ra; làm cho có thể đến được, làm nhìn thấy được; bắt đầu; ,  (từ lóng) bắt đầu nổ súng, bắt đầu tấn công; khai ra (điều bí mật); làm cho ai đi ngoài được, làm cho nhuận tràng; phát biểu đầu tiên trong một cuộc tranh luận; door; mở to mắt, tỏ vẻ ngạc nhiên; làm cho ai trố mắt ra; làm cho ai sáng mắt ra; đứng ở tư thế sắp đánh một cú bên phải (crickê)","",""
"24353","good","good","A1","adjective","danh từ","/gud/","8","POS_MISMATCH | MANY_SENSES | LONG_MEANING | DUPLICATE_PRIMARY_MEANING","54","1223","tốt","tốt, hay, tuyệt; tử tế, rộng lượng, thương người; có đức hạnh, ngoan; tươi (cá); tốt lành, trong lành, lành; có lợi; cừ, giỏi, đảm đang, được việc; vui vẻ, dễ chịu, thoải mái; được hưởng một thời gian vui thích; hoàn toàn, triệt để; ra trò, nên thân; đúng, phải; tin cậy được; an toàn, chắc chắn; có giá trị; khoẻ, khoẻ mạnh, đủ sức; thân, nhà (dùng trong câu gọi); khá nhiều, khá lớn, khá xa; ít nhất là; hầu như, coi như, gần như; giúp đỡ (ai); rất tốt, rất ngoan; rất tốt, rất xứng đáng, rất thích hợp; chào (trong ngày); tạm biệt nhé!; chào (buổi sáng); chào (buổi chiều); chào (buổi tối); chúc ngủ ngon, tạm biệt nhé!; chúc may mắn; lương cao; có ý muốn làm cái gì; vui vẻ, phấn khởi, phấn chấn; thực hiện; giữ (lời hứa); giữ lời hứa, làm đúng như lời hứa; bù đắp lại; gỡ lại, đền, thay; sửa chữa; xác nhận, chứng thực; làm ăn phát đạt, thành công, tiến bộ; vẫn còn giá trị; vẫn đúng; part; nói dối nghe được đấy! nói láo nghe được đấy!; các vị tiên; điều thiện, điều tốt, điều lành; lợi, lợi ích; điều đáng mong muốn, vật đáng mong muốn; những người tốt, những người có đạo đức; đang rắp tâm dở trò ma mãnh gì; không đi đến đâu, không đạt kết quả gì, không làm nên trò trống gì; mãi mãi, vĩnh viễn; được lâi, được lời","The soup is good and hot.",""
"26924","down","down","B2","adjective","danh từ","/daun/","8","POS_MISMATCH | MANY_SENSES | LONG_MEANING | DUPLICATE_PRIMARY_MEANING","43","1199","xuống","xuống; xuống, bỏ xuống, lặn xuống, ngã xuống, nằm xuống; ở dưới; xuống cho đến, cho đến tận, xuôi theo; hạ bớt, giảm bớt, dần; ở phía dưới, ở vùng dưới, xuôi về (ngụ ý xa nơi trung tâm, xa thành phố lớn; ở nơi trung tâm về...); gục xuống, kiệt sức, ở thế cùng, cùng đường; im đi (ngụ ý trấn áp, bắt im, làm kiệt sức, dồn vào thế cùng...); ngay mặt tiền (trả tiền); ghi chép (trên giấy...); xông vào, lăn xả vào, đánh đập; vẹt gót (giày); đi giày vẹt gót, ăn mặc nhếch nhác (người); sức khoẻ giảm sút; ỉu xìu, chán nản, thất vọng; luck; hoàn toàn; đả đảo!; gục không dậy được nữa, bị đo ván (quyền Anh); cùng đường, cùng kế, thất cơ lỡ vận; thua cháy túi (đánh bạc); ngay lập tức; up; xuống, xuôi, xuôi dọc theo; ở phía thấp, ở dưới; vứt bỏ, bỏ đi; xuống, xuôi; chán nản, nản lòng, thất vọng; ,  (thể dục,thể thao) kém điểm (đối phương); đặt xuống, hạ xuống, bỏ xuống; đánh gục, đánh ngã (ai); hạ, bắn rơi (máy bay); nốc một cốc rượu; bãi công; ngừng việc; số nhiều) cảnh sa sút, vận xuống dốc; sự ghét (chỉ muốn nện cho một trận); lông tơ chim (để nhồi gối...); lông tơ (ở trái cây, ở má...); vùng cao nguyên, vùng đồi; vùng đồi trọc (có nhiều bãi cỏ chăn nuôi ở miền nam nước Anh); cồn cát, đụn cát","I love almost everything about my job. The only down is that I can't take Saturdays off.",""
"24805","clear","clear","A2","adjective","nội động từ,  (thường) + up","/kliə/","8","POS_MISMATCH | MANY_SENSES | LONG_MEANING | DUPLICATE_PRIMARY_MEANING","46","1188","trong","trong, trong trẻo, trong sạch; sáng sủa, dễ hiểu; thông trống, không có trở ngại (đường xá); thoát khỏi, giũ sạch, trang trải hết; trọn vẹn, toàn bộ, đủ, tròn, trọn; chắc, chắc chắn; rõ như ban ngày; rõ như hai với hai là bốn; không có khó khăn trở ngại gì; không có gì đáng sợ; không có gì cản trở; không có khó khăn trở ngại gì; không có gì đáng sợ; không ai cản trở; giũ sạch được; viết rõ, không viết bằng số hoặc mật mã; rõ ràng; hoàn toàn, hẳn; tách ra, ra rời, xa ra, ở xa; làm trong sạch, lọc trong; làm đăng quang, làm sáng sủa, làm sáng tỏ; tự bào chữa, thanh minh, minh oan; dọn, dọn sạch, dọn dẹp; phát quang, phá hoang, khai khẩn; nạo, cạo; vét sạch, lấy đi, mang đi, dọn đi; vượt, nhảy qua; (hàng hải) tránh, đi né sang bên; lãi, lãi đứt đi; chuyển (séc); sáng sủa ra, trở nên trong trẻo (bầu trời); tươi lên, hết nhăn nhó (mặt); + up) sáng tỏ (điều bí mật, tình hình...); rời bến; chuồn, cút, tẩu; tan đi, tiêu tan, tan biến; biến mất (người); lấy đi, dọn đi, mang đi; làm tan; làm biến đi (mối nghi ngờ, mây mù); trả hết, thanh toán (nợ nần...); quét sạch, vét sạch, dọn sạch; dọn dẹp (một căn buồng); làm sáng tỏ; giải quyết (nột vấn đề...); làm tiêu tan (sự hiểu lầm...)","a room ten feet square in the clear",""
"24061","bear","bear","A1","noun","động từ","/beə/","8","POS_MISMATCH | MANY_SENSES | LONG_MEANING | DUPLICATE_PRIMARY_MEANING","47","1148","mang","mang, cầm, vác, đội, đeo, ôm; chịu, chịu đựng; sinh, sinh sản, sinh lợi; chịu, chịu đựng; chống đỡ, đỡ; có hiệu lực, ăn thua; rẽ, quay, hướng về; ở vào (vị trí nào...); sinh, sinh sản, sinh lợi; mang đi, cuốn đi, lôi đi; đi xa, đi sang hướng khác; tách ra xa không cho tới gần; mang đi, cuốn đi, lôi đi, đoạt; rời bến xa thuyền (thuyền, tàu); có liên quan tới, quy vào; tì mạnh vào, chống mạnh vào; ấn mạnh xuống; xác nhận, xác minh; chống đỡ (vật gì); ủng hộ (ai); có nghị lực, không để cho quỵ; không thất vọng; tránh (gió ngược); comparison; hand; đè nặng lên ai; đè nén ai; chịu một phần; resemblance; khoan thứ ai, chịu đựng ai; testimony; witness; bây giờ tôi hoàn toàn tin tưởng rằng...; con gấu; người thô lỗ, người thô tục; chòm sao gấu; chịu đựng được sự trừng phạt hành hạ, chịu đựng ngoan cường sự trừng phạt hành hạ; bán da gấu trước khi bắt được gấu; chưa đẻ đã đặt tên; cau có, nhăn nhó, gắt như mắm tôm; liều vô ích; tự dấn thân vào chỗ nguy hiểm một cách không cần thiết; sự đầu cơ giá hạ (chứng khoán); sự làm cho sụt giá (chứng khoán); người đầu cơ giá hạ (chứng khoán); đầu cơ giá hạ (chứng khoán); làm cho sụt giá (chứng khoán)","That window can be a bear to open.",""
"24319","fly","fly","A1","noun","tính từ","/fly/","8","POS_MISMATCH | MANY_SENSES | LONG_MEANING | MISSING_EXAMPLE","54","1147","con ruồi","con ruồi; ruồi (làm mồi câu); ruồi giả (làm mồi câu cá); bệnh do ruồi, sâu bệnh; dùng dao mổ trâu cắt tiết gà, lấy búa đạp muỗi; người lăng xăng tưởng mình quan trọng; anh ta rất đắc lực, anh ta rất được việc; anh ta rất láu; sự bay; quãng đường bay; vạt cài cúc (ở áo); cánh cửa lều vải; đuôi cờ; , (số nhiều) khoảng trên đầu sân khấu (có để những bộ kéo phông); bộ phận điều chỉnh tốc độ (ở đồng hồ); (như) fly-wheel; xe độc mã; bay; đi máy bay, đáp máy bay; bay vút lên cao (diều hâu, để đánh nhau); bay phấp phới, tung bay; đi nhanh, chạy nhanh, rảo bước; tung; chạy vùn vụt như bay; chạy trốn, tẩu thoát; làm bay phấp phới, làm tung bay; thả (cho bay); lái (máy bay...); chuyên chở bằng máy bay; xông lên; tấn công; nổi (khùng), rớn (mừng); xông vào, xộc vào (trong phòng...); bay đi (chim); chuồn đi; đứt mất (cúc áo); tuôn ra một thôi một hồi; nổi cơn hung hăng; nhảy qua; quay (bánh xe); to fly at; crow; chim đã lọt lưới rồi, hung thủ đã tẩu thoát rồi; arm; chạy trốn; đi khỏi nước; face; có tham vọng, có hoài bão lớn; kite; nằm im, lẩn lút; ,  (từ lóng) bước đi, đừng quấy rầy nữa!; let; tiêu tiền như rác; cẩn thận, tỉnh táo, cảnh giác","",""
"24872","cross","cross","A2","noun","nội động từ","/krɔs/","8","POS_MISMATCH | MANY_SENSES | LONG_MEANING | DUPLICATE_PRIMARY_MEANING","45","1119","đạo Cơ-đốc","đạo Cơ-đốc; dấu chữ thập, hình chữ thập; dấu gạch ngang ở chữ cái (như ở chữ đ,  t); nỗi đau khổ, nỗi thống khổ; bước thử thách; sự gian nan; bội tính; sự tạp giao; vật lai giống; sự pha tạp; sự gian lận, sự lừa đảo, sự ăn cắp; cây thánh giá của Đức Chúa; Bắc đẩu bội tinh hạng năm; hội chữ thập đỏ; đánh dấu chữ thập thay cho chữ ký (đối với người không biết viết); chéo nhau, vắt ngang; bực mình, cáu, gắt; đối, trái ngược, ngược lại; lai, lai giống; bất lương, man trá; kiếm được bằng những thủ đoạn bất lương; tức điên lên; qua, đi qua, vượt, đi ngang qua; đưa (ai cái gì...) đi ngang qua; gạch ngang, gạch chéo, xoá; đặt chéo nhau, bắt chéo; gặp mặt, cham mặt (một người ở ngoài đường); cưỡi (ngựa); viết đè lên (một chữ, một trang đã viết); cản trở, gây trở ngại; tạp giao, lai giống (động vật); vượt qua, đi qua; gặp nhau, giao nhau, chéo ngang, chéo nhau; gạch đi, xoá đi; đi qua, vượt qua, vượt, ngang qua; tạp giao, lai giống; làm dấu chữ thập; móc ngón tay vào nhau để cầu may; làm dấu thánh giá; chợt nảy ra trong óc; cho người nào tiền, thưởng tiền người nào; gặp ai; ngáng trở kế hoạch của ai; Styx; sword","Put a cross for a wrong answer and a tick for a right one.",""
"24929","double","double","A2","adjective","nội động từ","/'dʌbl/","8","POS_MISMATCH | MANY_SENSES | LONG_MEANING | DUPLICATE_PRIMARY_MEANING","31","927","đôi","đôi, hai, kép; gập đôi; nước đôi, hai mặt, hai nghĩa; giả dối, không thành thật, lá mặt, lá trái; gấp đôi, to gấp đôi, mạnh gấp đôi, có giá trị gấp đôi; kép (hoa); cái gấp đôi, lượng gấp đôi; bản giống hệt, bản sao lục, cái giống hệt (cái khác); người giống hệt (người khác); trận đánh đôi (bóng bàn, quần vợt); người đóng thay thế (một vai); bóng ma, hồn (người chết hiện hình); sự chạy ngoặt thình lình (thú bị săn đuổi); khúc ngoặt đột ngột (của dòng sông); ,  (thể dục,thể thao) bước chạy đều; đôi, gấp đôi, gấp hai; gập đôi, còng gập lại; làm gấp đôi, tăng gấp đôi, nhân gấp đôi; + up) gập đôi; xếp (một hành khách...) vào cùng phòng với một người khác; tăng đôi; ; (điện ảnh) đóng thay thế; nắm chặt (nắm tay); đi quanh (mũi biển); gấp đôi, tăng gấp đôi; + up) bị gập đôi (tờ giấy...); gập người làm đôi; rẽ ngoặt thình lình, chạy ngoằn ngoèo (trong khi chạy trốn...); ; (thể dục,thể thao) đi bước rào, chạy bước chạy đều","Saddam Hussein was rumored to have many doubles.",""
"26790","dash","dash","B2","noun","nội động từ","/dæʃ/","8","POS_MISMATCH | MANY_SENSES | LONG_MEANING | DUPLICATE_PRIMARY_MEANING","37","918","sự va chạm","sự va chạm, sự đụng mạnh; tiếng nước vỗ bờ, tiếng nước vỗ; sự lao tới, sự xông tới, sự nhảy bổ vào; sự hăng hái, sự hăm hở; nghị lực, tính táo bạo, tính kiên quyết; vết, nét (tô màu trên bức hoạ...); chút ít, ít, chút xíu; vẻ phô trương, dáng chưng diện; nét viết nhanh; gạch ngang (đầu dòng...); cuộc đua ngắn; (như) dashboard; đập vỡ, làm tan nát; làm tan vỡ, làm tiêu tan; làm lúng túng, làm bối rối; làm thất vọng, làm chán nản; ném mạnh, văng mạnh, va mạnh; ném mạnh cái cốc vào tường; vảy, hất (nước...); pha, hoà, trộn; gạch đít; lao tới, xông tới, nhảy bổ tới; va mạnh, đụng mạnh; lao đi; xông vào, nhảy bổ vào; xô mạnh ra xa, đẩy mạnh ra xa, quăng mạnh ra xa; vọt ra xa; đạp mạnh xuống, vứt mạnh xuống; nhảy bổ xuống, lao xuống (dốc...); viết nhanh, thảo nhanh; vẽ nhanh, vẽ phác; lao vào, xông vào, nhảy bổ vào; thảo nhanh (bức thư...), vẽ nhanh (bức hoạ...); lao đi; gạch đi, xoá đi; đánh vỡ (óc...); lao ra","Add a dash of vinegar.",""
"24382","hard","hard","A1","adjective","danh từ","/hɑ:d/","8","POS_MISMATCH | MANY_SENSES | LONG_MEANING | MISSING_EXAMPLE","35","904","cứng","cứng, rắn; rắn chắc, cứng cáp; cứng (nước); thô cứng; gay gắt, khó chịu; hà khắc, khắc nghiệt, nghiêm khắc, không thương xót, không có tính cứng rắn, cứng cỏi; hắc, keo cú, chi li; nặng, nặng nề; gay go, khó khăn, gian khổ, hắc búa; không thể chối câi được, không bác bỏ được, rõ rành rành; cao, đứng giá (thị trường giá cả); kêu (âm); bằng đồng, bằng kim loại (tiền); có nồng độ rượu cao; cứng rắn, chặt chẽ (nguyên tắc, luật lệ...); nail; nut; row; hết sức cố gắng, tích cực; chắc, mạnh, nhiều; khắc nghiệt, nghiêm khắc; cứng rắn; hắc; gay go, khó khăn, chật vật, gian khổ; sát, gần, sát cạnh; bit; press; bị lâm vào hoàn cảnh khó khăn; cạn túi, cháy túi, hết tiền; bí không bới đâu ra, bế tắc không tìm đâu ra (cái gì...); ,  (thông tục) lâm vào hoàn cảnh khó khăn, phải va chạm với những khó khăn; gần sát, xấp xỉ; rất là khó khăn bất lợi cho anh ta; đường dốc xuống bâi, đường dốc xuống bến; khổ sai","",""
"24152","change","change","A1","noun","nội động từ","/tʃeindʤ/","8","POS_MISMATCH | MANY_SENSES | LONG_MEANING | DUPLICATE_PRIMARY_MEANING","30","890","sự đổi","sự đổi, sự thay đổi, sự biến đổi; trăng non; bộ quần áo sạch (để dự phòng) ((cũng) a change of clothes); tiền đổi, tiền lẻ; tiền phụ lại (cho khách hàng); nơi đổi tàu xe; sự giao dịch chứng khoán; thị trường chứng khoán (ở Luân-đôn) ((cũng) Change,  (viết tắt) của Exchange); trật tự rung chuông; thời kỳ mãn kinh; không địch lại được ai (trong cuộc tranh luận); không cạnh tranh nổi ai (trong việc buôn bán); không móc được của ai cái gì; lặp đi lặp lại một vấn đề dưới hình thức khác nhau, nhai đi nhai lại một vấn đề dưới những hình thức khác nhau; trả thù ai; đổi, thay, thay đổi; đổi, đổi chác; biến đổi, đổi thành; đổi ra tiền lẻ; thay đổi, biến đổi; sang tuần trăng mới, sang tuần trăng non (trăng); thay quần áo; đổi tàu xe; trở mặt; trả số, xuống số (ô tô); colour; condition; đổi chiều đổi hướng (trong cuộc tranh luận...); thay giày; đổi chân nhịp (khi diễu hành theo nhịp trống)","The product is undergoing a change in order to improve it.",""
"26153","foot","foot","B1","noun","nội động từ,  (từ Mỹ,nghĩa Mỹ)","/fut/","8","POS_MISMATCH | MANY_SENSES | LONG_MEANING | DUPLICATE_PRIMARY_MEANING","44","871","chân","chân, bàn chân (người, thú...); bước chân, cách đi; bộ binh; chân (giường, ghế, tường, núi...); bệ phía dưới, cuối; phút (đơn vị đo chiều dài Anh bằng 0, 3048 m); âm tiết ((thơ ca)); gốc cánh (hoa); cặn bã ((thường) foot); đường thô ((thường) foots); (như) footlights; ở dưới trướng ai; là đồ đệ của ai; đang cầu cạnh ai; đứng thẳng; lại khoẻ mạnh; có công ăn việc làm, tự lập; làm cho ai phấn khởi, gây cảm hứng cho ai; fall; biết nhược điểm của ai, nắm được thóp của ai; ball; chân đất sét dễ bị lật đổ, ở thế không vững; gần đất xa trời; đè đầu cưỡi cổ ai; feet; suy bụng ta ra bụng người; put; put; phục hồi sức khoẻ cho ai; phục hồi địa vị cho ai; set; đã đẻ (ngựa cái); bị khiêng đi để chôn; đặt chân lên; thay bàn chân cho; khâu bàn chân cho (bít tất); thanh toán (hoá đơn); cộng, cộng gộp; đi bộ; nhảy; nhảy, nhảy múa; đi bộ; chạy; lên tới, tới mức, tổng cộng tới","A spider has eight feet.",""
"24479","line","line","A1","noun","ngoại động từ","/lain/","8","POS_MISMATCH | MANY_SENSES | LONG_MEANING | DUPLICATE_PRIMARY_MEANING","36","855","dây","dây, dây thép; vạch đường, đường kẻ; đường, tuyến; hàng, dòng (chữ); câu (thơ); hàng, bậc, lối, dãy; đường, nét, khuôn; vết nhăn; tuyến, phòng tuyến; ranh giới, giới hạn; dòng, dòng dõi, dòng giống; phương châm, phương pháp, quy tắc, cách, thói, lối...; ngành, phạm vi; chuyên môn, sở trường; mặt hàng, vật phẩm; hoàn cảnh, tình thế; đường lối, cách tiến hành; đường xích đạo; lai (đơn vị dài bằng một phần mười hai của insơ); (the line) quân đội chính quy; giấy giá thú ((cũng) marriage lines); (sân khấu) lời của một vai; mập mờ ở giữa; làm cho đồng ý, làm cho cộng tác (với); đồng ý công tác (với); tạm dong dây cho ai, tạm buông lỏng ai (để sau theo dõi lại hoặc bắt); read; toe; sinker; vạch, kẻ thành dòng; làm nhăn, làm cho có ngấn, làm cho có vạch; sắp thành hàng dàn hàng; sắp hàng, đứng thành hàng ngũ; lót; làm đầy, nhồi, nhét; phủ, đi tơ (chó)","The arrow descended in a curved line.",""
"26851","devil","devil","B2","noun","ngoại động từ","/'devl/","8","POS_MISMATCH | MANY_SENSES | LONG_MEANING | DUPLICATE_PRIMARY_MEANING","29","828","ma","ma, quỷ; điều quái gỡ, điều ghê gớm, điều khủng khiếp; sự giận dữ, sự tức giận; người hung ác, người nanh ác, người ác độc; người quỷ quyệt, người xảo quyệt; người khốn khổ; người bất hạnh, người vô phúc; thư ký riêng (của luật sư, của nhà văn); người học việc (ở xưởng in); thịt nướng tẩm nhiều tiêu ớt; lò than, lò nung; máy xé (vải vụn, giẻ rách); thằng quỷ ranh (hoặc tỏ ý chê là khó ưa, khó chịu, hoặc tỏ ý khen ai là đáng chú ý, vui tính...); sự cãi lộn; sự lộn xộn; sự ồn ào; tất cả cái gì xấu; khôn sống mống chết; between; đối xử công bằng ngay cả với kẻ không xứng đáng; đối xử công bằng ngay cả với kẻ mình không ưa; phá sản, lụn bại; cút đi!; người (điều) phiền toái; raise; vừa nói đến ai thì người đó đã đến ngay; làm thư ký riêng (cho một luật sư); viết văn thuê (cho nhà văn); nướng (thịt...) sau khi tẩm tiêu ớt","The devil in me wants to let him suffer.",""
"24461","know","know","A1","verb","danh từ (thông tục)","/nou/","8","POS_MISMATCH | MANY_SENSES | LONG_MEANING | DUPLICATE_PRIMARY_MEANING","28","795","biết","biết; hiểu biết; biết, nhận biết; phân biệt được; biết, quen biết; + of) biết, biết tin, biết rõ về; đã biết mùi, đã trải qua; đã ăn nằm với (một người đàn bà); (với) tất cả khả năng của mình, (với) tất cả sự hiểu biết của mình; hết sức mình; ngay, không chậm trễ, trong chốc lát, một cách nhanh chóng; biết rõ sự tình; biết phân biệt trắng đen; biết cặn kẽ, biết rõ ngọn ngành; better; không ngốc mà lại...; không dính vào việc của người khác; biết cặn kẽ cái gì (ai); biết rõ cái gì (ai) như lòng bàn tay mình; biết rõ ý định của mình; kiên quyết, không dao động; biết phải làm gì; hành động một cách khôn ngoan; không biết cái gì với cái gì; cái gì cũng biết là không biết cái gì cả; theo tôi biết thì không; to be in the know biết rõ sự việc, biết rõ vấn đề; biết điều mà mọi người chưa biết","He knew something terrible was going to happen.",""
"24393","heavy","heavy","A1","adjective","danh từ,  số nhiều heavies","/'hevi/","8","POS_MISMATCH | MANY_SENSES | LONG_MEANING | DUPLICATE_PRIMARY_MEANING","26","792","nặng","nặng, nặng nề ((nghĩa đen) & (nghĩa bóng)); chất nặng, chứa đầy, nặng trĩu; nặng, khó tiêu (thức ăn); nặng trọng; nhiều, bội, rậm rạp; lớn, to, dữ dội, kịch liệt; chắc, bì bì, không xốp, không nở (bột bánh...); chán ngắt, buồn tẻ, không hấp dẫn (tác phẩm văn học nghệ thuật); âm u, u ám, ảm đạm; lấy lội khó đi (đường sá...); tối dạ, chậm hiểu, đần độn (người); trông nặng trình trịch, vụng về khó coi, thô; đau buồn, đau đớn, bi thảm, chán nản, thất vọng; buồn ngủ; nghiêm nghị, khắc khổ; đặc, khó bay hơi; khó cầm cương (ngựa); khó làm vui, khoa làm cho khuây khoả (người); người lên khung để tỏ vẻ ta đây quan trọng; nặng, nặng nề; chậm chạp; đội cận vệ Rồng; (the Heavies) trọng pháo; võ sĩ hạng nặng, đồ vật hạng nặng; người nặng trên trung bình; vai nghiêm nghị khắc khổ (trên sân khấu)","With his wrinkled, uneven face, the actor always seemed to play the heavy in films.",""
"24207","cry","cry","A1","noun","động từ","/krai/","8","POS_MISMATCH | MANY_SENSES | LONG_MEANING | DUPLICATE_PRIMARY_MEANING","29","716","tiếng kêu","tiếng kêu, tiêng la, tiếng hò hét, tiếng hò reo (vì đau đớn, sợ, mừng rỡ...); tiếng rao hàng ngoài phố; lời hô, lời kêu gọi; sự khóc, tiếng khóc; dư luận quần chúng, tiếng nói quần chúng; tiếng chó sủa ((nghĩa đen) & (nghĩa bóng)); quãng cách xa; sự khác xa; ở trong một đám đông vô danh; hò hét đuổi theo; hue; chuyện bé xé ra to; trong tầm tai nghe được; kêu, gào, thét, la hét; khóc, khóc lóc; rao; chê bai, làm giảm giá trị, làm mất thanh danh; đòi, vòi; thét; tán dương; đòi chia phần; xin dung thứ; khóc tới khi ngủ thiếp đi; heart; chưa đánh đã khóc, chưa đụng đến đã la làng; chống lại ai, phản khán ai; vạch áo cho người xem lưng, lạy ông tôi ở bụi này; kêu cứu đùa, kêu cứu láo để đánh lừa mọi người; spill","After we broke up, I retreated to my room for a good cry.",""
"24244","dress","dress","A1","noun","nội động từ","/dres/","8","POS_MISMATCH | MANY_SENSES | LONG_MEANING | DUPLICATE_PRIMARY_MEANING","27","683","quần áo","quần áo; vỏ ngoài, cái bọc ngoài, vẻ ngoài; mặc (quần áo...), ăn mặc; băng bó, đắp thuốc (người bị thương, vết thương); sửa lại hàng ngũ cho thẳng hàng, treo cờ xí (tàu thuỷ); bày biện (mặt hàng); sắm quần áo (cho một vở kịch); đẽo gọt (gỗ, đá), mài giũa (đồ thép...), mài nhẵn (mặt đá...); hồ (vải); thuộc (da); chải, vấn (tóc, đầu); chải (lông ngựa); sửa (vườn) tỉa, xén (cây); sửa soạn, nêm đồ gia vị, nấu (thức ăn); xới, làm (đất); bón phân (ruộng); mặc quần áo, ăn mặc; mặc lễ phục (dự dạ hội...); xếp thẳng hàng; chỉnh, mắng mỏ; đánh đập; đẽo, gọt, mài giũa; diện ngất, ""lên khung""; diện bảnh; ăn mặc chải chuốt tề chỉnh; mặc quần áo hội nhảy giả trang; ""lên khung"" , diện ngất","Amy and Mary looked very pretty in their dresses.",""
"24309","fine","fine","A1","adjective","danh từ","/fain/","8","POS_MISMATCH | MANY_SENSES | LONG_MEANING | DUPLICATE_PRIMARY_MEANING","33","680","tốt","tốt, nguyên chất (vàng, bạc...); nhỏ, mịn, thanh mảnh; sắc; tốt, khả quan, hay, giải; lớn, đường bệ; đẹp, xinh, bảnh; đẹp, trong sáng; sặc sỡ, rực rỡ, loè loẹt; cầu kỳ (văn); có ý kiến khen ngợi, có ý ca ngợi; tế nhị, tinh vi; chính xác; cao thượng, cao quý; hoàn toàn sung sức; người tốt vì lụa; ông lớn; bà lớn; hay, khéo; trời đẹp; dù mưa hay nắng; lúc khó khăn cũng như lúc thuận lợi; lọc (bia) cho trong; làm thanh, làm mịn; làm nhỏ bớt, làm thon; trong ra (nước...); trở nên thanh hơn, trở nên nhỏ hơn, trở nên mịn hơn; thon ra; tiền phạt; tiền chồng nhà (của người mới thuê); bắt phạt ai, phạt vạ ai; trả tiền chồng nhà (người thuê nhà); in fine tóm lại; cuối cùng, sau hết","They filtered silt and fines out of the soil.",""
"25321","over","over","A2","adverb","tính từ","/'ouvə/","8","POS_MISMATCH | MANY_SENSES | LONG_MEANING | DUPLICATE_PRIMARY_MEANING","34","672","trên","trên; ở trên; trên khắp, ở khắp; hơn, trên; hơn, nhiều hơn; qua, sang, đến tận; mê ai, phải lòng ai, say ai; từ bên này đến bên kia, bao quát; khó quá chúng tôi không hiểu được; vượt qua đầu chúng tôi, không hỏi ý kiến chúng tôi; yêu say đắm; boot; nhảy lên (hào giao thông) để công kích; đi ngủ mà còn suy nghĩ đến công việc; nói chuyện trong khi uống trà; nghiêng, ngửa; qua, sang; khắp, khắp chỗ, khắp nơi; ngược; lần nữa, lại; quá, hơn; từ đầu đến cuối, kỹ lưỡng, cẩn thận; qua, xong, hết; all; lại nữa; đối lập với; above; nhiều lần lặp đi lặp lại; cái thêm vào, cái vượt quá; ,  (quân sự) phát đạn nổ quá mục tiêu; cao hơn; ở ngoài hơn; nhiều hơn, quá; qua, xong hết","He overed the fence in good style.",""
"24875","crown","crown","A2","noun","ngoại động từ","/kraun/","8","POS_MISMATCH | MANY_SENSES | LONG_MEANING | MISSING_EXAMPLE","26","666","mũ miện","mũ miện; vua, ngôi vua; vòng hoa, vòng lá (đội trên đầu); (nghĩa bóng) phần thưởng; đỉnh, ngọn, chóp, chỏm (núi, cây, mũ...); đỉnh đầu; đầu; đỉnh cao nhất, sự tột cùng (của hạnh phúc...); đồng curon (tiền Anh, bằng 5 silinh); thân răng; khổ giấy 15 x 20; thái tử; có khổ rồi mới có sướng; có gian khổ mới có vinh quang; đội mũ miện; tôn lên làm vua; thưởng, ban thưởng, tặng thưởng; mang vinh dự cho; đặt lên đỉnh, bao quanh ở đỉnh; làm cho hoàn hảo; bịt (răng, bằng vàng, bạc...); ,  (thông tục) giáng cho một cú vào đầu (ai); nâng (một quân cờ đam) len thành con đam; lại thêm nữa là, cuối cùng lại thêm; lại khổ thêm nữa là, cuối cùng lại khổ nữa là; bọn vua chúa","",""
"24471","leg","leg","A1","noun","nội động từ","/leg/","8","POS_MISMATCH | MANY_SENSES | LONG_MEANING | DUPLICATE_PRIMARY_MEANING","29","664","chân","chân, cẳng (người, thú...); chân (bàn ghế...); ống (quần, giày...); nhánh com-pa; cạnh bên (của tam giác); đoạn (đường đi); chặng; giai đoạn; ván (trong một hiệp đấu); kẻ lừa đảo; cao lêu đêu, chỉ thấy chân với cẳng; kiệt sức, sắp chết; feel; get; đỡ ai leo lên, đỡ ai trèo lên; giúp đỡ ai vượt qua lúc khó khăn; đi (chạy) nhanh hơn ai; keep; cúi đầu chào; không có lý lẽ gì để bào chữa cho thuyết của mình; trêu chòng ai, giễu cợt ai; best; bắt ai làm việc mệt nhoài, bắt ai làm việc liên miên; nhảy, khiêu vũ; ra khỏi giường; tự tin ở mình, sự tự lực, sự tự chủ; chạy đi, bỏ chạy; đẩy (thuyền) bằng chân (qua sông đào trong đường hầm); to leg it đi mau, chạy mau","{{ux|en|Insects have six legs.}",""
"26814","deep","deep","B2","adjective","danh từ","/di:p/","8","POS_MISMATCH | MANY_SENSES | LONG_MEANING | DUPLICATE_PRIMARY_MEANING","26","660","sâu","sâu; khó lường, khó hiểu, bí ẩn, thâm hiểm; sâu xa, sâu sắc, sâu kín, thâm trầm; ngập sâu vào, mải mê, miệt mài, đắm mình vào; trầm; sẫm, thẫm, thắm (màu sắc); vô cùng, hết sức; say (ngủ), nặng (tội), dày đặc (bóng tối)...; khôn ngoan, láu, ranh mãnh; gặp hoạn nạn, lâm vào hoàn cảnh hết sức khó khăn; gặp chuyện đau buồn; đứng thành năm hàng; liều, làm liều; quyết định một cách liều lĩnh; nổi nóng, nổi giận, phát cáu; đại tang; sâu; muộn, khuya; nhiều; những người thâm trầm kín đáo mới là những người sâu sắc; tâm ngẩm tầm ngầm mà đâm chết voi; (the deep) biển cả; số nhiều) đáy sâu (của đại dương); vực thẳm, vực sâu; nơi sâu kín, đáy lòng, thâm tâm; giữa","creatures of the deep",""
"25040","force","force","A2","noun","ngoại động từ","/fɔ:s/","8","POS_MISMATCH | MANY_SENSES | LONG_MEANING | DUPLICATE_PRIMARY_MEANING","30","660","thác nước","thác nước; sức, lực, sức mạnh; vũ lực, quyền lực; sự bắt buộc; quân đội, quân lực; (số nhiều) quân, lực lượng (quân đội); ảnh hưởng, tác dụng; sức thuyết phục; sự tác động mạnh mẽ, ấn tượng sâu sắc; sự sinh động; hiệu lực; ý nghĩa; lực; (từ cổ,nghĩa cổ) năng lượng; do nhờ, bằng cách; nhiều; mạnh mẽ, sung sức; dùng vũ lực đối với, bức hiếp, ép buộc, cưỡng ép, bắt buộc; phá (cửa); bẻ (khoá); bắt, ép (phải đưa một quân nào ra); ép, gượng; làm (quả) chín gượng, làm chín sớm; làm (hoa) nở ép, làm nở sớm; thúc cho (cây) chóng lớn; thúc đẩy, đẩy tới; cưỡng đoạt, chiếm; bắt ai phải hành động hơi sớm; buộc ai phải manh động; bắt ai phải công nhận một chính sách","the force of an appeal, an argument, or a contract",""
"25217","lost","lost","A2","adjective","nội động từ","/lu:z/","8","POS_MISMATCH | MANY_SENSES | LONG_MEANING | DUPLICATE_PRIMARY_MEANING","26","654","mất không còn nữa","mất không còn nữa; mất, mất hút, không thấy nữa; lạc, thất lạc; bỏ lỡ, bỏ uổng, bỏ qua; thua, bại; uổng phí, bỏ phí; làm hại, làm mất, làm hư, di hại; chậm (đồng hồ); dạng bị động mê man, say sưa, chìm đắm, triền miên; mất hết không còn nữa; bị lu mờ; mất; mất ý nghĩa, mất hay; thơ Hồ Xuân Hương dịch ra bị mất hay đi nhiều; thất bại, thua, thua lỗ; chúng nó thua và ta thắng; chậm (đồng hồ); ground; mất hết can đảm, mất hết hăng hái; lo nghĩ mất ngủ về cái gì; lạc đường, lạc lối; mất bình tĩnh, nổi nóng, cáu; rối trí, hoang mang; mất bình tĩnh, mất tự chủ, nóng nảy; lạc đường; một tâm hồn sa đoạ, một tâm hồn tội lỗi không hòng gì cứu chữa được nữa","He lost his hearing in the explosion.",""
"25982","dull","dull","B1","adjective","nội động từ","/dʌl/","8","POS_MISMATCH | MANY_SENSES | LONG_MEANING | MISSING_EXAMPLE","22","651","chậm hiểu","chậm hiểu, tối dạ, ngu đần, đần độn; không tinh, mờ (mắt); không thính, nghễnh ngãng (tai); vô tri vô giác (vật); cùn (dao...); đục, mờ đục, xỉn, xám xịt; cảm thấy lờ mờ, cảm thấy không rõ rệt, âm ỉ; thẫn thờ, uể oải, chậm chạp (người, vật); ứ đọng, trì chậm, bán không chạy, ế; đều đều, buồn tẻ, chán ngắt, tẻ ngắt, buồn nản; tối tăm, âm u, u ám, ảm đạm; làm ngu đàn, làm đần dộn; làm cùn; làm mờ đi, làm mờ đục, làm xỉn; làm âm ỉ, làm đỡ nhức nhối, làm đỡ nhói (cơn đau); làm buồn nản; làm tối tăm, làm u ám, làm ảm đạm; hoá ngu đần, đần độn; cùn đi; mờ đi, mờ đục, xỉn đi; âm ỉ, đỡ nhức nhối, đỡ đau (cơn đau); tối sầm lại, thành u ám, thành ảm đạm","",""
"24048","bag","bag","A1","noun","ngoại động từ","/bæg/","8","POS_MISMATCH | MANY_SENSES | LONG_MEANING | DUPLICATE_PRIMARY_MEANING","28","650","bao","bao, túi, bị, xắc; mẻ săn; túi, bọng, bọc; vú (bò); chỗ húp lên (dưới mắt); của cải, tiền bạc; (từ lóng) quần; chỗ phùng ra, chỗ lụng thụng (ở quần áo...); người gầy giơ xương, người toàn xương; kẻ lắm điều, kẻ hay ba hoa, kẻ hay bép xép, kẻ hay nói huyên thuyên; chuồn, bỏ mặc ai trong lúc khó khăn; nắm chắc trong tay, chắc chắn; cùng kế; let; cuốn gói trốn đi; thắng ai; đủ các mưu mẹo, thiên phương bách kế; tất cả không để lại cái gì; bỏ vào túi, bỏ vào bao; bỏ vào túi săn; bắn giết, săn được; thu nhặt; lấy, ăn cắp; phồng lên, nở ra, phùng ra; thõng xuống (buồm); đi chệch hướng (thuyền); , lóng đến lượt tớ, đến phiên tớ!; gặt (lúa) bằng liềm","Acid House is not my bag: I prefer the more traditional styles of music.",""
"24331","free","free","A1","adjective","ngoại động từ","/fri:/","8","POS_MISMATCH | MANY_SENSES | LONG_MEANING | DUPLICATE_PRIMARY_MEANING","29","649","tự do","tự do; không mất tiền, không phải trả tiền; được miễn; không bị, khỏi phải, thoát được; rảnh, không có người ở, không có người giữ chỗ; lỏng, không bọ ràng buộc; suồng sã; xấc láo; tục; thanh thoát, uyển chuyển, mềm mại; dễ dàng; rộng rãi, hào phóng; phong phú, nhiều; thông, thông suốt (không bị ngăn cản); tự nguyện, tự ý; được đặc quyền (ở một thành phố); được quyền sử dụng và ra vào (một toà nhà...); xọc xạch; jơ (máy); để cho ai toàn quyền hành động; rảnh tay, không phải lo lắng điều gì; tuỳ thích sử dụng cái gì; tự do; không phải trả tiền; xiên gió; thả, phóng thích, giải phóng, trả tự do; gỡ ra khỏi; giải thoát; mở thông (một con đường)","He was given free rein to do whatever he wanted.",""
"24873","crowd","crowd","A2","noun","ngoại động từ","/kraud/","8","POS_MISMATCH | MANY_SENSES | LONG_MEANING | MISSING_EXAMPLE","18","616","đám đông","đám đông; quần chúng; bọn, lũ, nhóm, tụi, cánh; đống, vô số; crowd of sail (hàng hải) sự căng hết (thảy) buồm, sự căng nhiều buồm; anh ta chẳng có gì xấu để cho thiên hạ phải để ý, anh ta cũng chẳng có gì để thiên hạ phải để nói; xúm lại, tụ tập, đổ xô đến; len vào, chen vào, len qua; đi hết tốc độ, căng hết buồm mà đi; làm cho chật ních, chồng chất, nhét đầy, nhồi nhét; tụ tập, tập hợp; dùng áp lực đối với (ai), cưỡng bách, thúc giục; quấy rầy; làm trở ngại, cản (đối phương); ùa vào, đổ xô vào, lũ lượt kéo vào; ùa ra, đổ xô ra, lũ lượt kéo ra; đuổi ra ngoài, không cho vào (vì quá đông); gương hết (thảy) buồm","",""
"26932","draught","draught","B2","noun","ngoại động từ,  (từ hiếm,nghĩa hiếm) ((cũng) draft)","/drɑ:ft/","8","POS_MISMATCH | MANY_SENSES | LONG_MEANING | DUPLICATE_PRIMARY_MEANING","22","605","sự kéo","sự kéo; sự kéo lưới (bắt cá); mẻ lưới; sự uống một hơi; hơi, hớp, ngụm; cơn (đau...), chầu (vui...); sự lấy (rượu...) ở thùng ra; lượng (rượu...) lấy ở thùng ra; liều thuốc nước; lượng nước rẽ, lượng xả nước; tầm nước (của thuyền tàu...); gió lò; gió lùa; sự thông gió (ở lò, lò sưởi); cờ đam; phân đội biệt phái, phân đội tăng cường ((thường) draft); bản phác hoạ, bản phác thảo, bản dự thảo ((thường) draft); hối phiếu (bây giờ thg chỉ dùng draft); gặp vận bỉ, gặp vận rủi, lâm vào cảnh túng quẫn; phác thảo, phác hoạ; dự thảo (đạo luật...); lấy ra, rút ra (một phân đội... để làm công tác biệt phái...)","She took a deep draft from the bottle of water.",""
"24327","form","form","A1","noun","nội động từ","/fɔ:m/","8","POS_MISMATCH | MANY_SENSES | LONG_MEANING | DUPLICATE_PRIMARY_MEANING","26","596","hình","hình, hình thể, hình dạng, hình dáng; hình thức, hình thái; hình thức (bài văn...), dạng; hình thái; lớp; thể thức, nghi thức, thủ tục, lề thói; mẫu (đơn...) có chỗ trống (để điền vào); tình trạng sức khoẻ; sự phấn khởi; ghế dài; khuôn; hang thỏ; ắc quy; sự ghép, sự thiết lập (đoàn toa xe lửa); làm thành, tạo thành, nặn thành; huấn luyện, rèn luyện, đào tạo; tổ chức, thiết lập, thành lập; phát thành tiếng, phát âm rõ (từ); nghĩ ra, hình thành (ý kiến...); gây, tạo được; nhiễm (thói quen); cấu tạo (từ); xếp thành; ghép, thiết lập (đoàn toa xe lửa); thành hình, được tạo thành; xếp thành hàng","To apply for the position, complete the application form.",""
"24310","finish","finish","A1","noun","ngoại động từ","/'finiʃ/","8","POS_MISMATCH | MANY_SENSES | LONG_MEANING | DUPLICATE_PRIMARY_MEANING","19","594","sự kết thúc","sự kết thúc, sự kết liễu; phần cuối, phần kết thúc, đoạn kết thúc; sự sang sửa, cuối cùng, sự hoàn thiện; tích chất kỹ, tính chất trau chuốt; hoàn thành, kết thúc, làm xong; dùng hết, ăn (uống) hết, ăn (uống) sạch; sang sửa lần cuối cùng; hoàn chỉnh sự giáo dục của (ai); giết chết, cho đi đời; làm mệt nhoài; ,  (thông tục) làm cho không còn giá trị gì nữa; hoàn thành, kết thúc, làm xong; giết chết, kết liễu; hoàn thành, kết thúc, làm xong ((như) to finish off); dùng hết, ăn hết sạch; ăn nốt cho hết; hoàn thành, kết thúc, làm xong ((như) to finish off); chấm dứt mọi quan hệ với; thờ ơ với","The car's finish was so shiny and new.",""
"24729","bite","bite","A2","noun","(bất qui tắc) động từ bit; bitten","/bait/","8","POS_MISMATCH | MANY_SENSES | LONG_MEANING | MISSING_EXAMPLE","28","588","sự cắn","sự cắn, sự ngoạm; miếng cắn; vết cắn; sự châm, sự đốt; nốt đốt (muỗi, ong...); miếng (thức ăn); thức ăn; sự đau nhức, sự nhức nhối của vết thương; sự cắn câu (cá...); sự bám chắt, sự ăn sâu (mỏ neo, phanh, đinh ốc...); vị cay tê (gừng, hạt tiêu...); sự châm biếm, sự chua cay (lời nói); cỏ cho vật nuôi; cắn, ngoạm; châm đốt; đâm vào (gươm...); làm đau, làm nhột; ăn mòn; làm cay tê (thức ăn); cắn câu ((nghĩa đen),  (nghĩa bóng)); bám chắt, ăn sâu, bắt vào; lừa bịp; cắn, cắn đứt ra; say mê, ham mê (cái gì); ngã xuống và chết; mím môi (để nén giận...); cố làm việc gì quá sức mình; once","",""
"25306","on","on","A2","adverb","danh từ","/ɔn/","8","POS_MISMATCH | MANY_SENSES | LONG_MEANING | DUPLICATE_PRIMARY_MEANING","32","560","trên","trên, ở trên; dựa trên, dựa vào; vào, lúc khi; vào, về phía, bên; với; chống lại; bằng, nhờ vào; về, nói về, bàn về; đang; thuộc, của; có việc, có công tác; instant; purpose; sly; go; mang cái gì trong người; có điều gì đang phàn nàn về ai; hơn ai về cái gì; tiếp, tiếp tục, tiếp diễn, tiến lên; đang, đang có, đang hoạt động; vào; sắp năm mươi tuổi; ủng hộ, sẵn sàng tham gia, đồng ý; biết được ý định của ai; quấy rầy ai; móc máy ai; ngà ngà say; từ ngày đó về sau; lúc lúc, chốc chốc, chập chờn; liên tục, liên miên; về bên trái (crickê); phía trái (crickê)","Can you on the light?",""
"26709","content","content","B2","adjective","ngoại động từ","/'kɔntent/","8","POS_MISMATCH | MANY_SENSES | LONG_MEANING | MISSING_EXAMPLE","14","559","nội dung","nội dung; sức chứa, sức đựng, dung tích, dung lượng (bình, hồ, ao...); thể tích (khối đá...); diện tích, bề mặt (ruộng...); lượng, phân lượng; table; sự bằng lòng, sự vừa lòng, sự hài lòng, sự vừa ý, sự toại nguyện, sự mãn nguyện, sự thoả mãn; sự bỏ phiếu thuận (thượng nghị viện Anh); những phiếu thuận; những người bỏ phiếu thuận; bằng lòng, vừa lòng, hài lòng, vừa ý, toại nguyện, mãn nguyện, thoả mãn; sẵn lòng, vui lòng; thuận (thượng nghị viện Anh); làm bằng lòng, làm vừa lòng, làm đẹp lòng, làm vui lòng, làm vừa ý, làm đẹp ý, làm mãn nguyện, thoả mãn","",""
"25015","feel","feel","A2","noun","nội động từ felt","/fi:l/","8","POS_MISMATCH | MANY_SENSES | LONG_MEANING | DUPLICATE_PRIMARY_MEANING","25","553","sự sờ mó","sự sờ mó; xúc giác; cảm giác (khi sờ mó); cảm giác đặc biệt (của cái gì); nắm chắc được cái gì, sử dụng thành thạo được cái gì; sờ mó; thấy, cảm thấy, có cảm giác, có cảm tưởng; chịu đựng; chịu ảnh hưởng; thăm dò, dò thám; bắt, sờ; sờ, sờ soạng, dò tìm; cảm thấy; hình như, có cảm giác như; cảm nghĩ là, cho là; cảm thông, cảm động; thấy có đủ sức để, thấy có thể (làm được việc gì); cheap; thấy muốn làm việc gì, thấy thích làm việc gì; có ý muốn giúp đỡ ai; trời có vẻ muốn mưa; đứng vững; cảm thấy thoải mái, cảm thấy dễ chịu; thấy sảng khoái; tự chủ","Bark has a rough feel.",""
"26179","frozen","frozen","B1","adjective","ngoại động từ","/fri:z/","8","POS_MISMATCH | MANY_SENSES | LONG_MEANING | DUPLICATE_PRIMARY_MEANING","24","543","sự đông vì lạnh","sự đông vì lạnh, sự giá lạnh; tình trạng đông vì lạnh; tiết đông giá; sự ổn định; sự hạn định (giá cả, tiền lương...); đóng băng; đông lại (vì lạnh), lạnh cứng; thấy lạnh, thấy giá; thấy ớn lạnh, thấy ghê ghê (vì sợ); làm đóng băng; làm đông, làm lạnh cứng; ướp lạnh (thức ăn); làm (ai) ớn lạnh; làm lạnh nhạt (tình cảm); làm tê liệt (khả năng...); ngăn cản, cản trở (sự thực hiện); ổn định; hạn định (giá cả, tiền lương...); nắm chặt lấy, giữ chặt lấy; cho (ai) ra rìa; phủ đầy băng; bị phủ đầy băng; làm ai sợ hết hồn; mức chịu đựng cao nhất","The lake froze solid.",""
"25009","favor","favor","A2","noun","ngoại động từ","/'feivə/","8","POS_MISMATCH | MANY_SENSES | LONG_MEANING | DUPLICATE_PRIMARY_MEANING","29","529","thiện ý","thiện ý; sự quý mến; sự đồng ý, sự thuận ý; sự chiếu cố; sự thiên vị; ân huệ; đặc ân; sự giúp đỡ, sự che chở, sự ủng hộ; vật ban cho; (từ Mỹ,nghĩa Mỹ) quà nhỏ, vật kỷ niệm; huy hiệu; thư; sự thứ lỗi; sự cho phép; vẻ mặt; không mất tiền; đồng ý cho ai ăn nằm với mình; ""ban ân"" cho ai (đàn bà); kính nhờ... chuyển; curry; ưu đâi, biệt đãi, chiếu cố; thiên vị; bênh vực, giúp đỡ, ủng hộ; tỏ ra có lợi cho (ai); làm dễ dàng cho, làm thuận lợi cho; trông giống; thích dùng (thứ áo, giày... nào; trong văn báo chí); kính nhờ... chuyển","He did me a favor when he took the time to drive me home.",""
"25010","favour","favour","A2","noun","ngoại động từ","/'feivə/","8","POS_MISMATCH | MANY_SENSES | LONG_MEANING | DUPLICATE_PRIMARY_MEANING","29","529","thiện ý","thiện ý; sự quý mến; sự đồng ý, sự thuận ý; sự chiếu cố; sự thiên vị; ân huệ; đặc ân; sự giúp đỡ, sự che chở, sự ủng hộ; vật ban cho; (từ Mỹ,nghĩa Mỹ) quà nhỏ, vật kỷ niệm; huy hiệu; thư; sự thứ lỗi; sự cho phép; vẻ mặt; không mất tiền; đồng ý cho ai ăn nằm với mình; ""ban ân"" cho ai (đàn bà); kính nhờ... chuyển; curry; ưu đâi, biệt đãi, chiếu cố; thiên vị; bênh vực, giúp đỡ, ủng hộ; tỏ ra có lợi cho (ai); làm dễ dàng cho, làm thuận lợi cho; trông giống; thích dùng (thứ áo, giày... nào; trong văn báo chí); kính nhờ... chuyển","He did me a favor when he took the time to drive me home.",""
"25830","crush","crush","B1","noun","nội động từ","/krʌʃ/","8","POS_MISMATCH | MANY_SENSES | LONG_MEANING | DUPLICATE_PRIMARY_MEANING","23","518","sự ép","sự ép, sự vắt; sự nghiến, sự đè nát; đám đông, chen chúc, đám đông xô đẩy chen lấn nhau; buổi hội họp đông đúc; đòn trí mạng; (quân sự) sự tiêu diệt; sự vò nhàu, sự vò nát; nước vắt (cam, chanh...); sự phải lòng, sự mê; đường rào chỉ đủ một con vật đi (Uc); ép, vắt (hoa quả); nghiến, đè nát, đè bẹp; nhồi nhét, ấn, xô đẩy; tiêu diệt, diệt; dẹp tan, làm tiêu tan; vò nhàu, làm nhàu nát (quần áo, tờ giấy...); uống cạn; chen, chen chúc; nhàu nát; tán vụn; ép, vắt ra; dẹp tan, bóp chết (một cuộc nổi dậy...); nghiền nát","a crush at a reception",""
"25746","command","command","B1","noun","nội động từ","/kə'mɑ:nd/","8","POS_MISMATCH | MANY_SENSES | LONG_MEANING | DUPLICATE_PRIMARY_MEANING","22","505","lệnh","lệnh, mệnh lệnh; quyền chỉ huy, quyền điều khiển; sự làm chủ; sự kiềm chế, sự nén; sự tinh thông, sự thành thạo; đội quân (dưới quyền chỉ huy của một sĩ quan); bộ tư lệnh; sẵn sàng để tuỳ ý sử dụng; khi mệnh lệnh được ban ra; tối biểu diễn do lệnh của vua; điều khiển, chỉ huy; dưới quyền chỉ huy của; nắm quyền chỉ huy; ra lệnh, hạ lệnh; chỉ huy, điều khiển; chế ngự, kiềm chế, nén; sẵn, có sẵn (để sử dụng); đủ tư cách để, đáng được; bắt phải, khiến phải; bao quát; ra lệnh, hạ lệnh; chỉ huy, điều khiển","I was given a command to cease shooting.",""
"26335","advance","advance","B2","noun","nội động từ","/əd'vɑ:ns/","8","POS_MISMATCH | MANY_SENSES | LONG_MEANING | DUPLICATE_PRIMARY_MEANING","20","498","sự tiến lên","sự tiến lên, sự tiến tới, sự tiến bộ; sự đề bạt, sự thăng, chức; sự tăng giá; tiền đặt trước, tiền trả trước; tiền cho vay; sự theo đuổi, sự làm thân; sự sớm pha; bản (sách, tài liệu, ...) đưa (cho tác giả...) trước khi xuất bản; trước, sớm; trước, đi trước; đưa lên, đưa ra phía trước; đề xuất, đưa ra; đề bạt, thăng chức (cho ai); làm cho tiến bộ, làm tiến mau (khoa học...); thúc đẩy (sự việc...); tăng, tăng lên; trả trước, đặt trước; cho vay (tiền); tiến lên, tiến tới, tiến bộ; tăng, tăng lên","an advance in health or knowledge",""
"24213","dance","dance","A1","noun","nội động từ","/dɑ:ns/","8","POS_MISMATCH | MANY_SENSES | LONG_MEANING | DUPLICATE_PRIMARY_MEANING","23","491","sự nhảy múa","sự nhảy múa; sự khiêu vũ; bài nhạc nhảy; điệu nhạc khiêu vũ; buổi liên hoan khiêu vũ; lead; gây khó khăn trở ngại cho ai; làm phiền ai; chứng múa giật; nhảy múa, khiêu vũ; nhảy lên, rộn lên; nhún nhảy, rung rinh, bập bềnh, rập rình; nhảy; làm cho nhảy múa; tung tung nhẹ, nhấc lên nhấc xuống; phải chờ đợi ai lâu; luôn luôn theo bên cạnh ai; nhảy múa cho tiêu thời giờ; nhờ nhảy múa mà chiếm được lòng yêu quý của ai; nhảy múa chóng cả mặt; để cho ai xỏ mũi; để cho ai điều khiển; bị treo cổ","So how much longer are we gonna do this dance?",""
"24520","miss","miss","A1","noun","nội động từ","/mis/","8","POS_MISMATCH | MANY_SENSES | LONG_MEANING | DUPLICATE_PRIMARY_MEANING","18","491","cô","cô; cô gái, thiếu nữ; hoa khôi; sự không tin, sự trượt, sự không trúng đích ((nghĩa đen) & (nghĩa bóng)); sự thất bại; sự thiếu, sự vắng; trượt là trượt, đá trượt thì dù chỉ một ly cũng vần là trượt; tránh cái gì, bỏ qua cái gì, mặc kệ cái gì; trượt, hỏng, trệch, không trúng (đích); lỡ, nhỡ; bỏ lỡ, bỏ phí; bỏ sót, bỏ quên; không thấy, không trông thấy; thiếu, cảm thấy thiếu, thấy mất, nhớ; không nghe, không thấy, không hiểu, không nắm được; suýt; trượt, chệch, không trúng đích; thất bại","I think I’ll give the meeting a miss.",""
"26071","even","even","B1","adjective","ngoại động từ","/'i:vən/","8","POS_MISMATCH | MANY_SENSES | LONG_MEANING | DUPLICATE_PRIMARY_MEANING","23","480","chiều","chiều, chiều hôm; bằng phẳng; ngang bằng, ngang; ; (thương nghiệp) cùng; điềm đạm, bình thản; chẵn (số); đều, đều đều, đều đặn; đúng; công bằng; trả thù ai, trả đũa ai; hoà vốn, không được thua; ngay cả, ngay; lại còn, còn; không hơn không kém, đúng; ngay cho là, dù là; mặc dù thế; ngay có đúng như thế, dù có đúng như thế thì; san bằng, làm phẳng; làm cho ngang, làm bằng; bằng (ai), sánh được với (ai), ngang với (ai); thanh toán với ai ((nghĩa bóng)); trả miếng ai, trả đũa ai","So let's see. There are two evens here and three odds.",""
"24609","act","act","A2","noun","nội động từ","/ækt/","8","POS_MISMATCH | MANY_SENSES | LONG_MEANING | DUPLICATE_PRIMARY_MEANING","18","478","hành động","hành động, việc làm, cử chỉ, hành vi; đạo luật; chứng thư; hồi, màn (trong vở kịch); tiết mục (xiếc, ca múa nhạc...); luận án, khoá luận; sắp sửa (làm gì); khi đang hành động, quả tang; khoe mẽ, nói khoe; đóng vai (kịch, chèo, tuồng, phim); giả vờ, giả đò ""đóng kịch""; hành động; cư xử, đối xử; giữ nhiệm vụ, làm công tác, làm; tác động, có tác dụng, có ảnh hưởng; đóng kịch, diễn kịch, thủ vai; hành động theo, làm theo; thực hành cho xứng đáng với, hành động cho xứng đáng với","an act of goodwill",""
"25017","fence","fence","A2","noun","ngoại động từ","/fens/","8","POS_MISMATCH | MANY_SENSES | LONG_MEANING | MISSING_EXAMPLE","17","457","hàng rào","hàng rào; thuật đánh kiếm; (nghĩa bóng) tài tranh luận; lá chắn; nơi oa trữ của ăn cắp; người oa trữ của ăn cắp; bức tường thành; vào hùa với người thắng cuộc; trung lập, chẳng đứng về bên nào; nhảy rào, vượt rào (ngựa); đánh kiếm, đấu kiếm; lảng tránh, đánh trống lảng; buôn bán của ăn cắp; + in,  about,  round,  up) rào lại; đắp luỹ (cho kiên cố); + from,  against) che chở, bảo vệ; + off,  out) đánh lui, đẩy lui, đẩy xa, ngăn chặn, tránh được, gạt được","",""
"24597","pair","pair","A1","noun","nội động từ","/peə/","8","POS_MISMATCH | MANY_SENSES | LONG_MEANING | DUPLICATE_PRIMARY_MEANING","17","449","đôi","đôi, cặp; cặp vợ chồng; đôi đực cái, đôi trống mái (loài vật); chiếc; cái (đồ vật có hai bộ phận); từng đôi, từng cặp; cầu thang, tầng gác; đó lại là vấn đề khác; ghép đôi, ghép cặp; cho yêu nhau, cho lấy nhau (đôi trai gái); kết đôi, sánh cặp; yêu nhau, lấy nhau (đôi trai gái); kết đôi với nhau (con đực con cái, con trống con mái); ghép từng đôi một; hợp thành từng đôi; kết đôi (trong việc thoả thuận không bỏ phiếu ở nghị trường); kết duyên với","I couldn't decide which of the pair of designer shirts I preferred, so I bought the pair.",""
"24458","kite","kite","A1","noun","ngoại động từ","/kait/","8","POS_MISMATCH | MANY_SENSES | LONG_MEANING | MISSING_EXAMPLE","18","439","cái diều","cái diều; diều hâu; kẻ tham tàn; kẻ bịp bợm, quân bạc bịp; ,  (từ lóng) văn tự giả; hối phiếu giả; cánh buồm cao nhất (chỉ giương lên khi có gió nhẹ); ,  (từ lóng) máy bay; thả diều; thăm dò ý kiến; ,  (từ lóng) lấy tiền bằng văn tự giả; lấy tiền bằng hối phiếu giả; bay lên như diều; ,  (từ lóng) lấy tiền bằng văn tự giả; lấy tiền bằng hối phiếu giả; làm bay lên như diều; ,  (từ lóng) chuyển thành văn tự giả; chuyển thành hối phiếu giả","",""
"24226","difference","difference","A1","noun","ngoại động từ","/'difrəns/","8","POS_MISMATCH | MANY_SENSES | LONG_MEANING | DUPLICATE_PRIMARY_MEANING","17","432","sự khác nhau","sự khác nhau, tình trạng khác nhau; tính khác nhau; sự chênh lệch; sự bất đồng; mối bất hoà, mối phân tranh; sự cãi nhau; sự chênh lệch về giá cả (hối phiếu... trong những thời gian khác nhau); dấu phân biệt đặc trưng (các giống...); hiệu, sai phân; phân biệt giữa; phân biệt đối xử; điều đó quan trọng; điều đó làm cho sự thể thay đổi hoàn toàn; split; cái đó có gì quan trọng?; phân biệt, phân hơn kém; tính hiệu số, tính sai phân","You need to learn to be more tolerant of difference.",""
"25332","passage","passage","A2","noun","ngoại động từ","/'pæsidʤ/","8","POS_MISMATCH | MANY_SENSES | LONG_MEANING | DUPLICATE_PRIMARY_MEANING","18","427","sự đi qua","sự đi qua, sự trôi qua; lối đi; hành lang; quyền đi qua (một nơi nào...); sự chuyển qua; chuyến đi (tàu biển, máy bay); đoạn (bài văn, sách...); sự thông qua (một dự luật...); quan hệ giữa hai người; sự chuyện trò trao đổi giữa hai người; chuyện trò tri kỷ giữa hai người; nét lướt; sự đi ỉa; bird; (nghĩa bóng) trận đánh; cuộc va chạm, cuộc cãi cọ; đi né sang một bên (ngựa, người cưỡi ngựa); làm cho (ngựa) đi né sang một bên","She struggled to play the difficult passages.",""
"25327","pan","pan","A2","noun","nội động từ (+ out)","/pæn - pɑ:n/","8","POS_MISMATCH | MANY_SENSES | LONG_MEANING | MISSING_EXAMPLE","20","413","pɑ:n","pɑ:n/; thần đồng quê; ông Tạo; đạo nhiều thần; lá trầu không (để ăn trầu); miếng trầu; xoong, chảo; đĩa cân; cái giần (để đãi vàng); nồi, bể (luyện kim...); đất trũng lòng chảo; tầng đất cái ((cũng) hard pan); ổ nạp thuốc súng (ở một số súng cổ); sọ ((cũng) brain pan); ,  (từ lóng) đầu; mặt; đãi (vàng ở trong cát, bằng cái giần); chỉ trích gay gắt, phê bình nghiêm khắc; đâi được vàng, có vàng (cát...); kết quả","",""
"24047","bad","bad","A1","adjective","thời quá khứ của bid (từ hiếm,nghĩa hiếm)","/bæd/","8","POS_MISMATCH | MANY_SENSES | LONG_MEANING | DUPLICATE_PRIMARY_MEANING","25","412","xấu","xấu, tồi, dở; ác, bất lương, xấu; có hại cho, nguy hiểm cho; nặng, trầm trọng; ươn, thiu, thối, hỏng; khó chịu; đồ bất lương, kẻ thành tích bất hảo, đồ vô lại; đồ đê tiện; bebt; egg; hat; thức ăn không bổ; sự mất dạy; shot; răng đau; worse; không có cái gì là hoàn toàn xấu; trong cái không may cũng có cái may; grace; vận rủi, vận không may, vận xấu; cái xấu; phá sản; sa ngã; bị thiệt, bị lỗ; còn thiếu, còn nợ","Abducting children is bad for mothers.",""
"24626","after","after","A2","adverb","tính từ","/'ɑ:ftə/","8","POS_MISMATCH | MANY_SENSES | LONG_MEANING | DUPLICATE_PRIMARY_MEANING","19","411","sau","sau, đằng sau; sau, sau khi; ở đằng sau, phía sau, đứng sau, liền sau; theo sau, theo đuổi (diễn tả ý tìm kiếm, sự mong muốn, sự trông nom săn sóc); phỏng theo, theo; với, do, vì; mặc dù, bất chấp; cuối cùng, sau hết, rốt cuộc, xét cho cùng; heart; tàm tạm, tạm được; that; xin mời đi trước!; sau anh thì đến lượt tôi đấy nhé; day; ngày hôm sau; time; sau khi; sau này, sau đây, tiếp sau; ở đằng sau, ở phía sau","The after gun is abaft the forward gun.",""
"24879","curse","curse","A2","noun","động từ","/kə:s/","8","POS_MISMATCH | MANY_SENSES | LONG_MEANING | MISSING_EXAMPLE","16","411","sự nguyền rủa","sự nguyền rủa, sự chửi rủa; tai ương, tai hoạ; vật ghê tở, vật đáng nguyền rủa; lời thề độc; sự trục xuất ra khỏi giáo hội; cái của nợ (sự thấy kinh...) ((thường) the curse); ác giả ác báo; không cần, bất chấp, không thèm đếm xỉa đến; không đáng giá một trinh, đáng bỏ đi; bị nguyền; bị bùa, bị chài; nguyền rủa, chửi rủa; báng bổ; động tính từ quá khứ) làm khổ sở, làm đau đớn; trục xuất ra khỏi giáo hội; dale","",""
"25130","image","image","A2","noun","ngoại động từ","/'imidʤ/","8","POS_MISMATCH | MANY_SENSES | LONG_MEANING | DUPLICATE_PRIMARY_MEANING","12","400","hình","hình, hình ảnh, ảnh (trong gương...); vật giống hệt (vật khác); người giống hệt (người khác); hình tượng; tượng, thần tượng, thánh tượng; ý niệm, ý tưởng, quan niệm; tượng trưng, điển hình, hiện thân (của cái gì); vẽ hình; phản ánh (như ở trong gương); hình dung, tưởng tượng ra; mô tả sinh động, mô tả bằng hình tượng; là tượng trưng của, là điển hình của, là hiện thân của, tượng trưng cho (cái gì)","The Bible forbids the worship of graven images.",""
"25973","dot","dot","B1","noun","ngoại động từ","/dɔt/","8","POS_MISMATCH | MANY_SENSES | LONG_MEANING | DUPLICATE_PRIMARY_MEANING","16","399","của hồi môn","của hồi môn; chấm nhỏ, điểm; dấu chấm (trên chữ i,  j...); dấu chấm câu; chấm; đứa bé tí hon; vật nhỏ xíu; ngu; tàng tàng, điên điên; đúng giờ; chấm, đánh dấu chấm (trên chữ i,  j...); rải rác, lấm chấm; đánh, nện; đánh dấu chấm những chữ i và đánh dấu ngang những chữ t; bổ sung đầy đủ chi tiết làm cho nghĩa rõ ràng minh bạch; viết... và nhớ một (hai...) (câu nói của các em nhỏ khi làm tính cộng)","a dot of colour",""
"24937","drug","drug","A2","noun","nội động từ","/drʌg/","8","POS_MISMATCH | MANY_SENSES | LONG_MEANING | DUPLICATE_PRIMARY_MEANING","12","395","thuốc","thuốc, dược phẩm; thuốc ngủ, thuốc tê mê, ma tuý; hàng ế thừa ((cũng) drug in (on) the market); pha thuốc ngủ vào, pha thuốc tê mê vào; pha thuốc độc vào (đồ uống...); cho uống thuốc; cho uống thuốc; ngủ, đánh thuốc tê mê, cho hít chất ma tuý; cho uống thuốc độc; kích thích (ngựa thi) bằng thuốc; uống thuốc ngủ, hít thuốc tê mê, nghiện thuốc ngủ, nghiện thuốc tê mê, nghiện ma tuý; chán mứa ra","Aspirin is a drug that reduces pain, acts against inflammation and lowers body temperature.",""
"24001","about","about","A1","adverb","ngoại động từ","/ə'baut/","8","POS_MISMATCH | MANY_SENSES | LONG_MEANING | DUPLICATE_PRIMARY_MEANING","21","386","xung quanh","xung quanh, quanh quẩn, đây đó, rải rác; đằng sau; khoảng chừng, gần; vòng; rất giống nhau; bận (làm gì); đã dậy được (sau khi ốm); có mặt; đúng, đúng đắn; tốt, được; về; quanh quất, quanh quẩn đây đó, rải rác; xung quanh; khoảng chừng, vào khoảng; bận, đang làm (gì...); ở (ai); trong người (ai), theo với (ai); sắp, sắp sửa; anh đang làm gì đấy?; what; lái (thuyền...) theo hướng khác","After my bout with Guillan-Barre Syndrome, it took me 6 months to be up and about again.",""
"24858","couple","couple","A2","noun","nội động từ","/'kʌpl/","8","POS_MISMATCH | MANY_SENSES | LONG_MEANING | DUPLICATE_PRIMARY_MEANING","16","384","đôi","đôi, cặp; đôi vợ chồng; cặp nam nữ (đã lấy nhau hoặc đã đính hôn); cặp nam nữ nhảy quốc tế; dây xích cặp (buộc liền một cặp chó săn); cặp chó săn; ngẫu lực; cặp; không lúc nào rời nhau, lúc nào cũng cặp kè bên nhau; buộc thành cặp, ghép thành cặp, kết đôi; nối hợp lại, ghép lại; cho cưới, cho lấy nhau; gắn liền, liên tưởng; mắc, nối; lấy nhau, cưới nhau (người); giao cấu (loài vật)","I've coupled our system to theirs.",""
"26203","general","general","B1","adjective","danh từ","/'dʤenərəl/","8","POS_MISMATCH | MANY_SENSES | LONG_MEANING | DUPLICATE_PRIMARY_MEANING","16","381","chung","chung, chung chung; tổng; tổng hành dinh; bộ tổng tham mưu; thường; người bán bách hoá; bệnh viện đa khoa; bác sĩ đa khoa; người đọc đủ các loại sách; người hầu đủ mọi việc; cái chung, cái đại thể, cái tổng quát, toàn thể; tướng, nhà chiến lược xuất sắc; nhà chiến thuật xuất sắc; (từ cổ,nghĩa cổ) nhân dân quần chúng; trưởng tu viện; người hầu đủ mọi việc ((cũng) general vervant)","We have dealt with the generals; now let us turn to the particulars.",""
"24350","glass","glass","A1","noun","ngoại động từ","/glɑ:s/","8","POS_MISMATCH | MANY_SENSES | LONG_MEANING | MISSING_EXAMPLE","19","381","kính thuỷ tinh","kính thuỷ tinh; đồ dùng bằng thuỷ tinh (nói chung); cái cốc; (một) cốc; cái phong vũ biểu ((cũng) weather glass); ống nhòm; thấu kính; mặt kính (đồng hồ, cửa sổ); nhà kính (trồng cây); gương soi ((cũng) looking glass); đồng hồ cát; kính đeo mắt; quá chén; nhìn (sự việc...) một cách bi quan yếm thế; thèm muốn, ghen tức; lắp kính, lồng kính; phản chiếu; soi mình; đóng vào hòm kính","",""
"25385","power","power","A2","noun","ngoại động từ","/'pauə/","8","POS_MISMATCH | MANY_SENSES | LONG_MEANING | DUPLICATE_PRIMARY_MEANING","17","376","khả năng","khả năng, tài năng, năng lực; sức, lực, sức mạnh; quyền, chính quyền, quyền hạn, quyền lực, quyền thế, thế lực, uy quyền; người quyền thế, người cầm quyền; cơ quan có quyền lực; trời, thánh thần; cường quốc; ; (vật lý) lực; công suất, năng suất; năng lượng; luỹ thừa; số phóng to (kính hiển vi...); số lượng lớn, nhiều; máy đơn giản; cố lên nữa nào!; cung cấp lực (cho máy...)","the mechanical powers",""
"24460","knife","knife","A1","noun","ngoại động từ","/naif/","8","POS_MISMATCH | MANY_SENSES | LONG_MEANING | MISSING_EXAMPLE","13","374","con dao","con dao; dao mổ; dao cắt gọt, dao nạo; đột ngột, rất nhanh không kịp kêu lên một tiếng; tấn công ai mânh liệt, đả kích ai kịch kiệt; sự ăn; người ăn; chiến tranh ác liệt, chiến tranh một mất một còn; đó là một cái có thực, đó là một cái cụ thể có thể sờ mó được; đâm bằng dao; chém bằng dao; cắt bằng dao; dùng thủ đoạn ám muội để làm thất bại ((thường) là về mặt chính trị)","",""
"24235","doctor","doctor","A1","noun","nội động từ","/'dɔktə/","8","POS_MISMATCH | MANY_SENSES | LONG_MEANING | MISSING_EXAMPLE","14","371","bác sĩ y khoa","bác sĩ y khoa; tiến sĩ; ,  (từ lóng) người đầu bếp, anh nuôi (trên tàu); bộ phận điều chỉnh (ở máy); ruồi già (để câu cá); nhà học giả, nhà thông thái; chữa bệnh cho (ai); cho uống thuốc, tống thuốc vào; cấp bằng bác sĩ y khoa cho; thiến, hoạn; sửa chữa, chấp vá (máy...); làm giả, giả mạo; + up) pha, pha trộn (rượu, thức ăn...) (để làm kém phẩm chất); làm bác sĩ y khoa","",""
"24002","action","action","A1","noun","ngoại động từ","/'ækʃn/","8","POS_MISMATCH | MANY_SENSES | LONG_MEANING | DUPLICATE_PRIMARY_MEANING","14","370","hành động","hành động, hành vi; hoạt động; công việc, việc làm; tác động, tác dụng, ảnh hưởng; sự chiến đấu, trận đánh; việc kiện, sự tố tụng; sự diễn biến, quá trình diễn biến (của vở kịch); động tác, dáng điệu, bộ điệu, bộ tịch; bộ máy, cơ cấu (đàn pianô, máy...); sự hoạt động của bộ máy; uỷ ban hành động; vị trí của quân đội trước khi bước vào chiến đấu; speak; kiện, thưa kiện","Knead bread with a rocking action.",""
"24817","comb","comb","A2","noun","nội động từ","/koum/","8","POS_MISMATCH | MANY_SENSES | LONG_MEANING | MISSING_EXAMPLE","15","361","cái lược","cái lược; bàn chải len; lỗ tổ ong; mào (gà); đỉnh, chóp, ngọn đầu (núi, sóng...); tính kiêu ngạo; chải (tóc, len, ngựa...); lùng, sục; nổi cuồn cuộn, dập dồn (sóng); chải cho hết rối, gỡ (tóc); lùng sục, bắt bớ, ráp (những người tình nghi...); thải, thải hồi (những thứ, những người không cần thiết); vét sạch (người để đưa ra mặt trận; hàng trong kho...); hair","",""
"26193","gain","gain","B1","noun","động từ","/gein/","8","POS_MISMATCH | MANY_SENSES | LONG_MEANING | DUPLICATE_PRIMARY_MEANING","18","360","lợi","lợi, lời; lợi lộc; lợi ích; của thu nhập, của kiếm được; tiền lãi; sự tăng thêm; của phi nghĩa có già đâu; thu được, lấy được, giành được, kiếm được; đạt tới, tới; tăng tốc (tốc độ...); lên (cân...); nhanh (đồng hồ...); lấn chiếm, lấn vào; tiến sát, đuổi sát (ai, cái gì); tranh thủ được lòng (ai); tiến tới, tiến bộ; lấn chiếm; đuổi sát, tiến sát (ai, cái gì)","Looks like you've gained a new friend.",""
"25631","broad","broad","B1","adjective","danh từ","/broutʃ/","8","POS_MISMATCH | MANY_SENSES | LONG_MEANING | DUPLICATE_PRIMARY_MEANING","14","359","rộng","rộng; bao la, mênh mông; rộng rãi, khoáng đạt, phóng khoáng; rõ, rõ ràng; thô tục, tục tĩu; khái quát đại cương, chung, chính; nặng (giọng nói); quanh quanh thì cũng vẫn vậy không có gì khác, trở đi trở lại thì cũng vẫn thế thôi; rộng, rộng rãi; hoàn toàn; nặng (giọng nói); chỗ rộng, phần rộng (của cái gì); ,  (từ lóng) đàn bà; ,  (từ lóng) gái đĩ, gái điếm","the broad expanse of ocean",""
"25281","natural","natural","A2","adjective","danh từ","/'nætʃrəl/","8","POS_MISMATCH | MANY_SENSES | LONG_MEANING | DUPLICATE_PRIMARY_MEANING","14","356","tự nhiên","tự nhiên, (thuộc) thiên nhiên; thiên tính; bẩm sinh, trời sinh; tự nhiên, đương nhiên, tất nhiên, dĩ nhiên; tự nhiên, không giả tạo, không màu mè; đẻ hoang (con); mọc tự nhiên, dại; tuổi thọ của con người; người bẩm sinh ngớ ngẩn, người bẩm sinh ngu đần; nốt thường; dấu hoàn; người có khiếu tự nhiên (về ngành gì); điều thắng lợi tất nhiên; điều chắc chắn","He's a natural on the saxophone.",""
"24788","cheek","cheek","A2","noun","ngoại động từ","/tʃi:k/","8","POS_MISMATCH | MANY_SENSES | LONG_MEANING | MISSING_EXAMPLE","12","354","má","má; sự táo tợn, sự cả gan; thói trơ tráo, tính không biết xấu hổ; lời nói láo xược, lời nói vô lễ; thanh má, thanh đứng (của khung cửa); má (kìm, ròng rọc,  êtô); vai kề vai; thân thiết với nhau, tớ tớ mình mình, mày mày tao tao; cho riêng mình không chia xẻ với ai cả; không thành thật, giả dối; chế nhạo, nhạo báng; láo xược với (ai), hỗn xược với (ai)","",""
"26710","contract","contract","B2","noun","động từ","/'kɔntrækt/","8","POS_MISMATCH | MANY_SENSES | LONG_MEANING | MISSING_EXAMPLE","10","354","hợp đồng","hợp đồng, giao kèo, khế ước, giấy ký kết; sự ký hợp đồng, sự ký giao kèo, việc bỏ thầu, việc đấu giá; đính ước, giao ước, kết giao; nhiễm, mắc, tiêm nhiễm; ký giao kèo, thầu (làm việc gì); ký giao kèo, ky hợp đồng, thầu; thoả thuận trước mà tránh, thoả thuận trước mà miễn (việc gì); thu nhỏ lại, co lại, rút lại, chụm lại, teo lại; làm đau lòng; rút gọn","",""
"25184","labor","labor","A2","noun","ngoại động từ","/'leibə/ (labor) /'leibə/","8","POS_MISMATCH | MANY_SENSES | LONG_MEANING | DUPLICATE_PRIMARY_MEANING","14","347","lao động","lao động; công việc, công việc nặng nhọc; tầng lớp lao động, nhân công; đau đẻ; những cố gắng vô ích, những nỗ lực uổng công; gắng công, nỗ lực, dốc sức; di chuyển chậm chạp, di chuyển khó khăn; lắc lư tròng trành trên biển động; bị giày vò, quằn quại, chịu đau đớn; là nạn nhân của; đau khổ; dày công trau dồi; chuẩn bị kỹ lưỡng; bàn bạc chi tiết","I think we've all got the idea. There's no need to labour the point.",""
"25185","labour","labour","A2","noun","ngoại động từ","/'leibə/ (labor) /'leibə/","8","POS_MISMATCH | MANY_SENSES | LONG_MEANING | DUPLICATE_PRIMARY_MEANING","14","347","lao động","lao động; công việc, công việc nặng nhọc; tầng lớp lao động, nhân công; đau đẻ; những cố gắng vô ích, những nỗ lực uổng công; gắng công, nỗ lực, dốc sức; di chuyển chậm chạp, di chuyển khó khăn; lắc lư tròng trành trên biển động; bị giày vò, quằn quại, chịu đau đớn; là nạn nhân của; đau khổ; dày công trau dồi; chuẩn bị kỹ lưỡng; bàn bạc chi tiết","I think we've all got the idea. There's no need to labour the point.",""
"25952","distance","distance","B1","noun","ngoại động từ","/'distəns/","8","POS_MISMATCH | MANY_SENSES | LONG_MEANING | MISSING_EXAMPLE","13","342","khoảng cách","khoảng cách, tầm xa; khoảng (thời gian); quãng đường; (thể dục,thể thao) quãng đường chạy đua (dài 240 iat); nơi xa, đằng xa, phía xa; thái độ cách biệt, thái độ xa cách; sự cách biệt, sự xa cách; cảnh xa (của một bức hoạ); khoảng cách (giữa hai nốt); để ở xa, đặt ở xa; làm xa ra; làm dường như ở xa; bỏ xa (trong cuộc chạy đua, cuộc thi...)","",""
"24201","couch","couch","A1","noun","nội động từ","/kautʃ/","8","POS_MISMATCH | MANY_SENSES | LONG_MEANING | MISSING_EXAMPLE","13","335","trường kỷ","trường kỷ, đi văng; giường; hang (chồn, cáo...); chỗ rải ủ lúa mạch (để làm rượu bia); động tính từ quá khứ) nằm xuống, nằm dài ra; diễn đạt, diễn tả; ẩn, che đậy; đánh màng, đánh mộng (mắt); đặt ngang (ngọn giáo, để chuẩn bị tấn công); rải ủ (lúa mạch) cho nẩy mầm; nằm, nằm dài ra (thú dữ trong hang); ẩn náu, núp trốn; nằm phục kích","",""
"25867","decline","decline","B1","noun","ngoại động từ","/di'klain/","8","POS_MISMATCH | MANY_SENSES | LONG_MEANING | MISSING_EXAMPLE","12","335","sự sụt","sự sụt, sự suy tàn, sự suy sụp, sự tàn tạ; bệnh gầy mòn, sự sụt sức; nghiêng đi, dốc nghiêng đi; nghiêng mình, cúi mình, cúi đầu rũ xuống; tàn dần (ngày); xế, xế tà (mặt trời...); suy đi, suy dần (sức khoẻ); sụt xuống (giá cả...); suy sụp, suy vi, tàn tạ; nghiêng (mình), cúi (đầu); từ chối, khước từ, không nhận, không chịu; biến cách","",""
"24538","much","much","A1","adverb","danh từ","/mʌtʃ/","8","POS_MISMATCH | MANY_SENSES | LONG_MEANING | DUPLICATE_PRIMARY_MEANING","14","335","nhiều","nhiều, lắm; không địch nổi (người nào về sức mạnh); nhiều, lắm; hầu như; như nhau, chẳng khác gì nhau; bằng hai (ba...) chừng nầy, gấp hai (ba...) thế; ngay cả đến... cũng không; nhiều lắm, phần nhiều, phần lớn; lợi dụng nhiều được; coi trọng; coi trọng, đánh giá cao; là một nhạc sĩ chẳng có tài gì lắm; chừng ấy, chừng nấy; chừng này","He is much fatter than I remember him.",""
"26550","bum","bum","B2","noun","động từ","/bʌm/","8","POS_MISMATCH | MANY_SENSES | LONG_MEANING | DUPLICATE_PRIMARY_MEANING","13","331","phía sau","phía sau, đằng sau; mông đít; nhân viên chấp hành ((cũng) bum bailiff); ,  (từ lóng) kẻ vô công rồi nghề, kẻ lười biếng; kẻ ăn bám; đi lang thang vô công rồi nghề; ăn bám; lộn xộn, rối loạn; ăn bám; ,  (từ lóng) tồi, vô giá trị, hạng bét; ,  (từ lóng) làm biếng, đi lang thang vơ vẩn, vô công rồi nghề; ăn bám; bòn rút, xin xỏ được","Okay, everyone sit on your bum and try and touch your toes.",""
"24986","exchange","exchange","A2","noun","nội động từ","/iks'tʃeindʤ/","8","POS_MISMATCH | MANY_SENSES | LONG_MEANING | DUPLICATE_PRIMARY_MEANING","12","329","sự đổi","sự đổi, sự đổi chác, sự trao đổi; vật trao đổi; sự đổi tiền; nghề đổi tiền; sự hối đoái; cơ quan hối đoái; sự thanh toán nợ bằng hối phiếu; tổng đài (dây nói); đổi, đổi chác, trao đổi; đổi ra được, ngang với (tiền); ,  (hàng hải) chuyển (từ trung đoàn này sang trung đoàn khác, từ tàu này sang tàu khác); đối với một sĩ quan khác","All in all, it was an even exchange.",""
"24170","clock","clock","A1","noun","ngoại động từ","/klɔk/ (o'clock) /ə'klɔk/","8","POS_MISMATCH | MANY_SENSES | LONG_MEANING | DUPLICATE_PRIMARY_MEANING","12","327","đường chỉ viền ở cạnh bít tất","đường chỉ viền ở cạnh bít tất; đồng hồ; giờ; đều đặn, chạy đều, trơn tru, trôi chảy; quay lại thời kỳ đã qua; đi ngược lại bánh xe lịch sử, ngăn chặn sự phát triển; làm việc suốt 12 tiếng; làm việc suốt 24 tiếng; bấm giờ (trong một cuộc chạy đua); ghi giờ; bấm giờ (một cuộc chạy đua); chạy (đi...) mất... (bao nhiêu thời gian)","This car has over 300,000 miles on the clock.",""
"24570","o'clock","o'clock","A1","adverb","ngoại động từ","/klɔk/ (o'clock) /ə'klɔk/","8","POS_MISMATCH | MANY_SENSES | LONG_MEANING | DUPLICATE_PRIMARY_MEANING","12","327","đường chỉ viền ở cạnh bít tất","đường chỉ viền ở cạnh bít tất; đồng hồ; giờ; đều đặn, chạy đều, trơn tru, trôi chảy; quay lại thời kỳ đã qua; đi ngược lại bánh xe lịch sử, ngăn chặn sự phát triển; làm việc suốt 12 tiếng; làm việc suốt 24 tiếng; bấm giờ (trong một cuộc chạy đua); ghi giờ; bấm giờ (một cuộc chạy đua); chạy (đi...) mất... (bao nhiêu thời gian)","(rare, nonstandard) What o'clock is it?",""
"24265","engineer","engineer","A1","noun","nội động từ","/,endʤi'niə/","8","POS_MISMATCH | MANY_SENSES | LONG_MEANING | MISSING_EXAMPLE","9","326","kỹ sư","kỹ sư, công trình sư; kỹ sư xây dựng ((cũng) civil engineer); công binh; người thiết kế và xây dựng công sự; người phụ trách máy; (từ Mỹ,nghĩa Mỹ) người lái đầu máy xe lửa; người nghĩ ra, người bày ra, người vạch ra, người bố trí (mưu kế...); nghĩ ra, bày ra, vạch ra, bố trí, sắp đặt (mưu kế...); làm kỹ sư, làm công trình sư","",""
"24197","copy","copy","A1","noun","động từ","/'kɔpi/","8","POS_MISMATCH | MANY_SENSES | LONG_MEANING | DUPLICATE_PRIMARY_MEANING","13","319","bản sao","bản sao, bản chép lại; sự sao lại, sự chép lại, sự bắt chước, sự phỏng theo, sự mô phỏng; bản, cuộn (sách); số (báo); bản thảo, bản in; đề tài để viết (báo); kiểu, mẫu (một bức hoạ); kiểu (chữ); bản thảo đã sửa và chép lại rõ ràng trước khi đưa in; bản nháp; sao lại, chép lại; bắt chước, phỏng theo, mô phỏng; quay cóp","Please bring me the copies of those reports.",""
"24219","dear","dear","A1","adjective","thán từ","/diə/","8","POS_MISMATCH | MANY_SENSES | LONG_MEANING | DUPLICATE_PRIMARY_MEANING","13","313","thân","thân, thân yêu, thân mến, yêu quý; kính thưa, thưa; thân mến (viết trong thư); đáng yêu, đáng mến; thiết tha, chân tình; yêu mến ai, yêu quý ai; life; người thân mến, người yêu quý; người đáng yêu, người đáng quý; vật đáng yêu, vật đáng quý; đắt; thân mến, yêu mến, thương mến; trời ơi!, than ôi! ((cũng) dear me)","My cousin is such a dear, always drawing me pictures.",""
"24803","classic","classic","A2","adjective","danh từ","/'klæsik/","8","POS_MISMATCH | MANY_SENSES | LONG_MEANING | DUPLICATE_PRIMARY_MEANING","12","311","kinh điển","kinh điển; viết bằng thể văn kinh điển; cổ điển không mới (kiểu ăn mặc); hạng nhất; tác giả kinh điển; tác phẩm kinh điển; nhà học giả kinh điển (chuyên về ngôn ngữ văn học Hy-La); (the classis) tiếng Hy lạp và La mã cổ; văn học Hy-La; các nhà kinh điển Hy-La; nhà văn hạng nhất, nghệ sĩ hạng nhất; tác phẩm hay","Users who dislike the new visual layout can return to classic mode.",""
"25680","casual","casual","B1","adjective","danh từ","/'kæʤjuəl/","8","POS_MISMATCH | MANY_SENSES | LONG_MEANING | DUPLICATE_PRIMARY_MEANING","7","303","tình cờ","tình cờ, bất chợt, ngẫu nhiên, vô tình, không có chủ định; tự nhiên, không trịnh trọng, bình thường, thường; vô ý tứ, cẩu thả; tuỳ tiện; không đều, thất thường, lúc có lúc không; người không có việc làm cố định ((cũng) casual labourer); người nghèo túng thường phải nhận tiền cứu tế ((cũng) casual poor)","The devs dumbed the game down so the casuals could enjoy it.",""
"24317","floor","floor","A1","noun","ngoại động từ","/floor/","8","POS_MISMATCH | MANY_SENSES | NOISY_PRIMARY_MEANING | MISSING_EXAMPLE","13","272","sàn (nhà","sàn (nhà, cầu...); tầng (nhà); đáy; phòng họp (quốc hội); quyền phát biểu ý kiến (ở hội nghị); giá thấp nhất; vào đảng phái khác; mop; làm sàn, lát sàn; đánh (ai) ngã, cho (ai) đo ván; làm rối trí, làm bối rối; bảo (học sinh không thuộc bài) ngồi xuống; vượt qua thắng lợi","",""
"25114","hike","hike","A2","noun","ngoại động từ","/haik/","8","POS_MISMATCH | MANY_SENSES | NOISY_PRIMARY_MEANING | LONG_PRIMARY_MEANING","10","256","cuộc đi bộ đường dài (để luyện sức khoẻ hoặc tiêu khiển)","cuộc đi bộ đường dài (để luyện sức khoẻ hoặc tiêu khiển); cuộc hành quân; đi mạnh mẽ; đi nặng nhọc, đi lặn lội; đi bộ đường dài (để rèn luyện sức khoẻ hoặc tiêu khiển); hành quân; đẩy đi; kéo lên; bắt buộc phải chuyển động; tăng đột xuất (tiền thuê nhà...)","The tenants were not happy with the rent hike.",""
"24438","jacket","jacket","A1","noun","ngoại động từ","/'dʤækit/","8","POS_MISMATCH | MANY_SENSES | NOISY_PRIMARY_MEANING | MISSING_EXAMPLE","10","256","áo vét tông (đành ông)","áo vét tông (đành ông), áo vét (đàn bà); cái bao, áo giữ nhiệt (bọc máy...); bìa bọc sách; (từ Mỹ,nghĩa Mỹ) bìa tài liệu chính thức; da, bộ lông (súc vật); vỏ (khoai tây); nện cho ai một trận; mặc áo vét tông cho, mặc áo vét cho; bọc, bao; sửa cho một trận","",""
"25921","dial","dial","B1","noun","động từ","/'daiəl/","8","POS_MISMATCH | MANY_SENSES | NOISY_PRIMARY_MEANING | LONG_PRIMARY_MEANING","7","254","đồng hồ mặt trời (theo ánh nắng mà tính giờ) ((cũng) sun dial)","đồng hồ mặt trời (theo ánh nắng mà tính giờ) ((cũng) sun dial); mặt đồng hồ, công tơ...) ((cũng) plate dial); đĩa số (máy điện thoại); mặt (người...); la bàn (dùng ở mỏ) ((cũng) miner's dial); đo bằng đĩa số, chỉ bằng đĩa số; quay số (điện thoại tự động)","President Trump has recently dialled down the rhetoric.",""
"24233","dish","dish","A1","noun","nội động từ","/diʃ/","8","POS_MISMATCH | MANY_SENSES | NOISY_PRIMARY_MEANING | MISSING_EXAMPLE","10","246","đĩa (đựng thức ăn)","đĩa (đựng thức ăn); móm ăn (đựng trong đĩa); vật hình đĩa; chén, tách; cuộc nói chuyện gẫu; sắp (đồ ăn) vào đĩa (để dọn cơm); làm lõm xuống thành lòng đĩa; chạy chân trước khoằm vào (ngựa); dọn ăn, dọn cơm; trình bày (sự việc...) một cách hấp dẫn","",""
"26619","clam","clam","B2","noun","nội động từ","/klæm/","8","POS_MISMATCH | MANY_SENSES | NOISY_PRIMARY_MEANING | MISSING_EXAMPLE","10","242","con trai (Bắc-Mỹ)","con trai (Bắc-Mỹ); ,  (thông tục) người kín đáo; người khó gần, người không thích giao thiệp, người sống cô độc; một đô-la; sướng rơn; câm như hến; bắt trai sò; dính chặt, bám chặt; ,  (thông tục) câm như hến; ngồi im thin thít, câm miệng lại","",""
"26779","cuff","cuff","B2","noun","ngoại động từ","/kʌf/","8","POS_MISMATCH | MANY_SENSES | NOISY_PRIMARY_MEANING | MISSING_EXAMPLE","10","240","cổ tay áo (sơ mi","cổ tay áo (sơ mi, vét); cổ tay áo giả; gấu vén lên, gấu lơ-vê (quần); ,  (từ lóng) cho vay, cho chịu; không mất tiền, không phải trả tiền; cái tát, cái bạt tai; cú đấm, cú thoi, quả thụi; dở đấm dở đá với nhau; tát, bạt tai; đấm, thoi, thụi","",""
"25322","overweight","overweight","A2","adjective","ngoại động từ","/'ouvəweit/","8","POS_MISMATCH | MANY_SENSES | NOISY_PRIMARY_MEANING | LONG_PRIMARY_MEANING","6","148","trọng lượng trội ((nghĩa đen) & (nghĩa bóng))","trọng lượng trội ((nghĩa đen) & (nghĩa bóng)); số cân thừa (béo quá); quá trọng lượng hợp lệ; béo quá; cân nặng hơn, có trọng lượng hơn; đè trĩu lên","Apple common stock is one of our overweights.",""
"24450","keep","keep","A1","verb","danh từ","/ki:p/","7","POS_MISMATCH | MANY_SENSES | LONG_MEANING","108","2613","giữ","giữ, giữ lại; giữ, tuân theo, y theo, thi hành, đúng; giữ, canh phòng, bảo vệ; phù hộ; giữ gìn, giấu; giữ gìn (cho ngăn nắp gọn gàng), bảo quản; chăm sóc, trông nom; quản lý; giữ riêng, để ra, để riêng ra, để dành; giữ lại, giam giữ; + from) giữ cho khỏi, giữ đứng, ngăn lại, nhịn tránh; nuôi, nuôi nấng; bao (gái); có thường xuyên để bán; cứ, cứ để cho, bắt phải; không rời, ở lỳ, vẫn cứ, ở trong tình trạng; theo; bắt làm kiên trì, bắt làm bền bỉ; làm (lễ...), tổ chức (lễ kỷ niện...); vẫn cứ, cứ, vẫn ở tình trạng tiếp tục; đẻ được, giữ được, để dành được (không hỏng, không thổi...) (đồ ăn...); giữ lấy, bám lấy, cứ theo, không rời xa; có thể để đấy, có thể đợi đấy; rời xa, tránh xa; nhịn; làm kiên trì, làm bền bỉ (công việc gì...); để xa ra, bắt ở xa ra; cất đi; giữ lại; làm chậm lại; chặn lại, cản lại, cầm lại; giấu không nói ra; đứng ở đằng sau, ở lại đằng sau; tránh xa ra; cầm lại, nén lại, dằn lại; cản không cho lên, giữ không cho lên; không trở dậy (cứ quỳ, cứ ngồi, cứ nằm); nằm phục kích; nhịn, kiêng, nén, nín; tự kiềm chế được; dằn lại, nén lại, kiềm chế, kìm lại (sự xúc đông, tình cảm...); giữ không cho ra ngoài; phạt bắt (học sinh) ở lại sau giờ học; giữ cho (ngọn lửa) cháy đều; ở trong nhà, không ra ngoài; vẫn thân thiện, vẫn hoà thuận (với ai); để cách xa ra, làm cho xa ra; ở cách xa ra, tránh ra; cứ vẫn tiếp tục; cứ để, cứ giữ; không cho vào; không để cho, không cho phép; đứng ngoài, không xen vào, không dính vào; tránh; kết hợp nhau, gắn bó với nhau, không rời nhau; đè nén, thống trị, bắt quy phục; kiềm chế; giữ vững, giữ không cho đổ, giữ không cho hạ, giữ không cho xuống; giữ cho tốt, bảo quản tốt (máy...); duy trì, tiếp tục, không bỏ; bắt thức đêm, không cho đi ngủ; giữ vững tinh thần; không giảm, không hạ; theo kịp, ngang hàng với, không thua kém; theo kịp, không lạc hậu so với; check; tránh, tránh xa; company; company; company; countenance; counsel; lẫn trốn, núp trốn; distance; tiếp tục làm việc gì; không đầu hàng, không nhượng bộ; giữ vững ý kiến của mình; để mắt vào, theo dõi; trông giữ, canh giữ; giúp đỡ ai về vật chất (để cho có thể sống được, làm ăn được...); hair; head; hour; lặng thinh, nín lặng; giữ kín, không nói ra; không thích giao thiệp; không thích giao du; sống tách rời; ai đến cũng tiếp đãi, rất hiếu khách; pace; giữ quan hệ tốt với; shirt; lip; tab; temper; đúng giờ (đồng hồ); track; appearance; cảnh giác đề phòng; sự nuôi thân, sự nuôi nấng (gia đình...); cái để nuôi thân, cái để nuôi nấng (gia đình...); người giữ; nhà tù, nhà giam; tháp, pháo đài, thành luỹ; thường xuyên; mãi mãi, vĩnh viễn; trong tình trạng tốt; trong tình trạng xấu","He works as a cobbler's apprentice for his keep.",""
"26108","fall","fall","B1","noun","ngoại động từ","/fɔ:l/","7","POS_MISMATCH | MANY_SENSES | LONG_MEANING","113","2487","sự rơi","sự rơi, sự ngã; sự rụng xuống (lá); sự rũ xuống; sự hạ; sự sụp đổ, sự suy sụp (của một đế quốc...); sự sa sút, sự mất địa vị, sự xuống thế, sự xuống dốc (của một người...); sự sụt giá, sự giảm giá; sự vật ngã; keo vật; sự sa ngã (đàn bà); lượng mưa, lượng tuyết; số lượng cây ngả; số lượng gỗ xẻ; hướng đi xuống; dốc xuống; thác; sự đẻ (của cừu); lứa cừu con; dây ròng rọc; lưới che mặt, mạng che mặt (của phụ nữ); mùa lá rụng, mùa thu; lúc chập tối; lúc màn đêm buông xuống; trèo cao ngã đau; ride; rơi, rơi xuống, rơi vào ((nghĩa đen) & (nghĩa bóng)); rủ xuống, xoã xuống (tóc...); rụng xuống (lá); ngã; hạ thấp, xuống thấp, xịu xuống; dịu đi, nguôi đi; đổ nát, sụp đổ; mất địa vị, bị hạ bệ, xuống thế, sa sút, xuống dốc; sa ngã (đàn bà); thất bại, thất thủ; hy sinh, chết, ngã xuống ((nghĩa bóng)); buột nói ra, thốt ra; sinh ra, đẻ ra (cừu con...); được chia thành thuộc về; bị (rơi vào tình trạng nào đó...); dốc xuống; đổ ra; bắt đầu; xông vào; ; (từ Mỹ,nghĩa Mỹ) chặt, hạ (cây); tình cờ gặp (ai); tình cờ rơi vào đám (người nào...); bỏ, rời bỏ, bỏ rơi (ai...); ly khai (đạo, đảng); héo mòn đi, gầy mòn đi; biến đi; ngã ngửa; rút lui; phải cầu đến, phải dùng đến (cái gì); thụt lùi, bị tụt lại đằng sau; không trả được đúng hạn, còn thiếu lại, còn nợ lại; rơi xuống, ngã xuống, sụp xuống, sụp đổ; mê tít, phục lăn; mỹ bị bịp, bị chơi xỏ; đứng vào hàng; vào trong lùi vào trong (ngôi nhà); đến lúc phải thanh toán (nợ); hết hạn (hợp đồng thuê nhà); sập, lún, sụp đổ (mái nhà...); tình cờ gặp (ai); theo, tán đồng (quan điểm của ai...); đồng ý với (ai); (từ Mỹ,nghĩa Mỹ) chiều ý, theo ý (ai); trùng hợp với; rơi xuống; rút, giảm sút; thoái hoá, tàn tạ, suy đồi; không ăn theo tay lái; nổi dậy, bỏ hàng ngũ; nhập trận, tấn công; bắt đầu ăn uống; rơi ra ngoài; xoã ra (tóc); cãi nhau, bất hoà; hoá ra là, thành ra là, dẫn đến kết quả là; hoá ra là, thành ra là; bỏ hàng, ra ngoài hàng; ngã lộn nhào, bị đổ; hỏng, thất bại; không đi đến kết quả nào; bắt đầu; bắt đầu tấn công; bắt đầu ăn; được liệt vào, được xếp loại vào; ở dưới (sự quan sát...); chịu (ảnh hưởng của ai...); tấn công; nằm trong, gồm trong; đến kỳ phải trả, đến hạn; flat; foul; love; habit; đứng vào hàng; đồng ý với; giận điên lên, nổi cơn tam bành; tự tử, tự sát; đi đến chỗ cực đoan; hết sức sốt sắng đồng ý; đánh lộn, ẩu đả; cạnh tranh xâu xé nhau kịch liệt; làm mồi cho; thiếu, không đủ; không tới đích (đạn, tên lửa...); thất bại, không đạt (mục đích...); thoát khỏi khó khăn, lại đứng vững chân; là nạn nhân của","the fall of Rome",""
"24378","hand","hand","A1","noun","ngoại động từ","/hænd/","7","POS_MISMATCH | MANY_SENSES | LONG_MEANING","87","2300","tay","tay, bàn tay (người); bàn chân trước (loài vật bốn chân); quyền hành; sự có sãn (trong tay); sự nắm giữ (trong tay); sự kiểm soát; sự tham gia, sự nhúng tay vào; phần tham gia; sự hứa hôn; số nhiều) công nhân, nhân công (nhà máy, công trường...); thuỷ thủ; người làm (một việc gì), một tay; nguồn; sự khéo léo, sự khéo tay; chữ viết tay; chữ ký; kim (đồng hồ); nải (chuối); buộc, (một) nắm; gang tay (đơn vị đo chiều cao của ngựa, bằng 4 insơ); phía, bên, hướng; sắp bài (có trên tay); ván bài; chân đánh bài; tiếng vỗ tay hoan hô; gần ngay, có thể với tới được, rất tiện tay; sắp đến, sắp tới; ở tay ai, từ tay ai; giúp đỡ ai một tay; glove; ăn cháo đái bát; nuôi bằng sữa bò (trẻ con); hống hách; kiêu căng, ngạo mạn; đầu hàng, hạ vũ khí, chịu thua (cuộc); vô tội thì chẳng việc gì mà phải thanh minh; sự trong trắng, sự vô tội; đến tay đã nhận (thư từ...); làm một cố gắng nhỏ, trở bàn tay ((thường),  phủ định); chiến đấu vì lợi ích của bản thân; thắng thế, chiếm ưu thế; gạt bỏ cái gì, tống khứ cái gì; giũ trách nhiệm về một việc gì; whip_hand; glad; đi tay nắm tay, đi bằng hàng với, đi song song với ((nghĩa đen) & (nghĩa bóng)); tay này bắt tiếp lên tay kia (như lúc leo dây); tiến bộ chắc chắn, tiến bộ nhanh; dễ dàng, không khó khăn gì; được hoàn toàn tự do hành động, được hành động hoàn toàn theo ý mình; lóng ngóng, hậu đậu; hào phóng, rộng rãi; anh ta chưa quen tay, anh ta bỏ lâu không luyện tập; nắm chắc trong tay; bận việc, không được một lúc nào rảnh rỗi; bị trói tay ((nghĩa đen) & (nghĩa bóng)); bàn tay sắt, sự độc tài chuyên chế; sự giúp đỡ; join; khống chế ai, kiềm chế ai chặt chẽ; vẫn tập luyện đều; đặt tay vào, để tay vào, sờ vào; chiếm lấy, nắm lấy (cái gì); hành hung; live; trong tay, chịu trách nhiệm phải cáng đáng; ngay lập tức, không chậm trễ; không chuẩn bị trước; ứng khẩu, tuỳ hứng; không nắm được, không kiểm soát được nữa; đừng dính vào chuyện riêng của vợ chồng người ta; plough; tận tay phục vụ ai, làm mọi việc lặt vặt để phục vụ ai; sự giơ tay biểu quyết (bầu); được vỗ tay thưa thớt; ngồi khoanh tay không làm gì; chặn tay ai lại (không cho làm gì); nhận làm, chịu trách nhiệm làm, chịu cáng đáng; tự mình nắm lấy vận mệnh của mình; bỏ cuộc; đã nhận được, đã đến tay (thư); wash; đưa, trao tay, chuyển giao; truyền cho; đưa tay đỡ; cuộn (buồm) lại; check","Her hands are really strong.",""
"25847","cut","cut","B1","noun","nội động từ","/kʌt/","7","POS_MISMATCH | MANY_SENSES | LONG_MEANING","79","2109","sự cắt","sự cắt, sự đốn, sự chặt, sự thái; nhát chém, nhát thái, vết đứt, vết xẻ, vết mổ; sự giảm, sự hạ, sự cắt bớt; vật cắt ra, miêng; đoạn cắt đi (của một vở kịch, cuốn tiểu thuyết...); kiểu cắt, kiểu may; sự cắt bóng, sự cúp bóng; nhánh đường xe lửa; kênh đào; bản khắc gỗ ((cũng) wood cut); lời nói làm tổn thương tình cảm, hành động làm tổn thương tình cảm; sự phớt lờ; khe hở để kéo phông; sự hơn một bậc; lối đi tắt; cuộc đánh giáp lá cà; rút thăm; jib; cắt, chặt, chém, thái, xén, xẻo, hớt, xẻ, đào, khắc, gọt, chạm; chia cắt, cắt đứt; cắt nhau, gặp nhau, giao nhau; giảm, hạ, cắt bớt; làm đau lòng, chạm tự ái, làm mếch lòng, làm tổn thương tình cảm; làm đau đớn, làm buốt, cắt da cắt thịt (gió, rét...); cắt, may (quần áo); làm, thi hành; cắt, cúp (bóng); đào (cổ bài); phớt lờ, làm như không biết (ai); không dự, trốn, chuồn (một buổi họp...); mọc (răng); cắt, gọt, chặt, thái...; đi tắt; chuồn, trốn; cắt, chặt đi; trốn, chuồn mất; tỉa bớt, cắt bớt; chiếu lại một đoạn (để làm tăng tính kịch); chặt, đốn (cây); gặt (lúa); giảm bớt, cắt bớt (chi tiêu...); nói xen vào; thế chân (một người không được chơi nữa); chèn ngang; chèn ngang sau khi đã vượt (xe ô tô); chặt phăng ra, cắt, cắt đứt ((nghĩa đen) & (nghĩa bóng)); kết liễu đột ngột, làm chết đột ngột; cắt ra, cắt bớt; thôi (làm gì), thôi dùng (cái gì); làm mờ, áp đảo; hất cẳng (đối phương); khác nhau; vạch ra trước, chuẩn bị trước; bị loại ra không được đánh bài nữa; cắt ra từng mảnh, tiêu diệt (quân địch); chỉ trích gay gắt, phê bình nghiêm khắc; làm đau đớn, làm đau lòng; đau đớn do được tin buồn; để lại gia tài; cloth; ăn ngon miệng; mời cứ tự nhiên đừng làm khách; Gordian_knot; ground; ,  (từ lóng) lên mặt ta đây; làm bộ, làm tịch, nói thánh nói tướng; ,  (thông tục) thôi đi!; fine; tránh được sự thua lỗ (do kịp thời thôi không đầu cơ nữa); không ăn thua gì, không nước mẹ gì; run; (như) to cut it fat; ngắt, thu ngắn, rút ngắn; cắt hết phần gia tài của ai chỉ để lại cho một siling; chuồn, tẩu, chạy trốn; mọc răng khôn; (nghĩa bóng) đã khôn ra, đã chín chắn hơn, đã có kinh nghiệm hơn; nổi giận, phát cáu; nổi cơn thịnh nộ, phát khùng","He made a fine cut with his sword.",""
"24246","drive","drive","A1","noun","nội động từ","/draiv/","7","POS_MISMATCH | MANY_SENSES | LONG_MEANING","63","1852","cuộc đi xe","cuộc đi xe, cuộc đi chơi bằng xe; đường lái xe vào nhà (trong khu vực một toà nhà); sự lùa (thú săn), sự săn đuổi, sự dồn (kẻ địch); quả bạt, quả tiu; sự cố hắng, sự gắng sức, sự nổ lực; nghị lực; chiều hướng, xu thế, sự tiến triển (của sự việc); đợt vận động, đợt phát động; cuộc chạy đua; cuộc tấn công quyết liệt; đường hầm ngang; sự truyền, sự truyền động; dồn, xua, đánh đuổi, lùa, săn đuổi; đi khắp, chạy khắp, sục sạo, lùng sục (một vùng); cho (máy) chạy, cầm cương (ngựa), lái (ô tô...); lái xe đưa đi, lái xe dẫn đi; dồn vào thế, bắt buộc, khiến cho, làm cho; bắt làm cật lực, bắt làm quá sức; cuốn đi, đánh giạt, làm trôi giạt (gió, dòng nước...); đóng (cọc, đinh...), bắt (vít), đào, xoi (đường hầm); tiu, bạt (bóng bàn); làm cho (máy...) chạy; đưa (quản bút viết...); dàn xếp xong, ký kết (giao kèo mua bán...); làm (nghề gì); hoãn lại, để lại, để chậm lại (một việc gì... đến một lúc nào); cầm cương ngựa, đánh xe, lái xe...; đi xe; chạy (xe); bạt bóng, tiu; bị cuốn đi, bị trôi giạt; lao vào, xô vào; đập mạnh, quất mạnh; giáng cho một cú, bắn cho một phát đạn, ném cho một hòn đá ((cũng) to let drive at); nhằm mục đích, có ý định, có ý muốn; làm cật lực, lao vào mà làm (công việc gì); tập trung vật nuôi để kiểm lại; đuổi, xua đuổi; đi xe, lái xe, cho xe chạy; đuổi đi, xua đuổi; ra đi bằng xe; khởi động (ô tô); rán sức, cật lực; đẩy lùi ((nghĩa đen) & (nghĩa bóng)); lái xe đưa (ai) về; trở về bằng xe, trở lại bằng xe; đánh xe đưa (ai) về (nông thôn, xa thành phố...); bắt (máy bay hạ cánh); đi xe về (nông thôn, nơi xa thành phố); đóng vào; đánh xe đưa (ai); lái xe vào, đánh xe vào; lôi kéo, kéo đi; lái xe đi tiếp, đánh xe đi tiếp; đuổi ra khỏi; nhổ ra khỏi; hất cẳng; đi ra ngoài bằng xe; lái xe ra; dồn qua, chọc qua, đâm qua, xuyên qua; lái xe qua, đi xe qua (thành phố...); kéo lên, lôi lên; chạy lên gần (xe hơi, xe ngựa...)","Crassus had wealth and wit, but Pompey had drive and Caesar as much again.",""
"25182","knock","knock","A2","noun","nội động từ","/nɔk/","7","POS_MISMATCH | MANY_SENSES | LONG_MEANING","53","1604","cú đánh","cú đánh, cú va chạm; tiếng gõ (cửa); ,  (từ lóng) lời phê bình kịch liệt, lời chỉ trích gay gắt; tiếng nổ lọc xọc (máu bị jơ hoặc hỏng); bị thất bại, bị đánh bại; bị khán giả chê; bị sa sút, bị nghèo khổ; đập, đánh, va đụng; làm choáng người, gây ấn tượng sâu sắc, làm ngạc nhiên hết sức; ,  (từ lóng) phê bình kịch liệt, chỉ trích gay gắt; gõ (cửa); kêu lọc xọc, nổ lọc xọc (máy bị jơ hoặc hỏng); đánh liên hồi, gõ liên hồi; hành hạ, làm khổ, làm ngược đãi (ai); đi lang thang, sống lang thang, sống được chăng hay chớ; va phải, đụng phải; tình cờ, chạm trán, tình cờ gặp (ai); uống; đánh ngâ, húc ngã; phá đổ (nhà...); bắn rơi (máy bay...); đánh quỵ; hạ (uy thế của ai...); gõ búa xuống bàn ra hiệu quyết định bán (bán đấu giá); yêu cầu (ai hát một bài...); dỡ (máy...) thành từng bộ phận nhỏ (cho gọn khi chuyên chở); hạ (giá...); đánh bật đi, đánh văng đi, đánh tung lên; nghỉ, ngừng (việc); ngừng làm việc; giải quyết nhanh, làm mau; rút bớt, bớt đi; ăn cắp, xoáy (cái gì); chết; gõ (tẩu cho tàn thuốc) bật ra; đánh nốc ao, hạ đo ván (quyền Anh); đánh gục, đánh bại (kẻ địch); làm vội (một kế hoạch...); tập hợp vội vàng, vơ váo vào với nhau; ghép vội vào với nhau; đầu hàng, hàng phục, chịu khuất phục, chịu thua; đánh bay lên, đánh tốc lên; gõ cửa đánh thức (ai) dậy; làm vội vàng, giải quyết vội vàng, thu xếp vội vàng (việc gì); làm kiệt sức, làm mệt lử; kiệt sức, mệt lử; ,  (từ lóng) làm cho có mang; ghi nhanh, thắng nhanh (điểm); làm thất bại, làm hỏng (kế hoạch...); chặn đứng (một âm mưu...); thắng ai một cách dễ dàng; đánh ai ngã lăn quay; làm cho ai choáng người, làm cho ai điếng người","I heard a knock on my door.",""
"26578","cast","cast","B2","noun","động từ","/kɑ:st/","7","POS_MISMATCH | MANY_SENSES | LONG_MEANING","66","1364","sự quăng","sự quăng, sự ném (lưới...); sự thả (neo...); sự gieo (súc sắc...); sự thử làm, sự cầu may; khoảng ném; tầm xa (của mũi tên); mồi và lưỡi câu; chỗ câu (câu cá); đồ ăn không tiêu mửa ra (chim ưng, cá...); cứt giun; vỏ lột, da lột (rắn...); xác (ve...); cái vứt bỏ đi; sự đúc, khuôn đúc; vật đúc; mẫu đúc; (ngành in) bản in đúc; sự cộng lại (các con số); sự tính; sự phân phối các vai; bảng phân phối các vai; các vai; bố cục, cách bố trí, cách sắp đặt một câu; loại, vẻ, nét, tính tình, tính chất; thiên hướng; màu, sắc thái; sự hơi lác (mắt); sự đi nhờ xe bò, sự đi nhờ xe ngựa; quăng, ném, liệng, thả; đánh gục, đánh ngã (trong cuộc đấu vật); thắng được (kiện); lột, tuộc, mất, bỏ, thay; đẻ non; rụng; đúc, nấu chảy, đổ khuôn (để đúc); cộng lại, gộp lại, tính; phân đóng vai (một vở kịch); thải, loại ra; đưa (mắt nhìn); đi tìm đằng này, đằng khác; tìm cách, kiếm cớ, xoay sở (để làm gì); vứt đi, loại ra, bỏ đi; liệng ném, quăng, vứt; bị đắm (tàu); quay lại, trở lại; nhắc lại, hồi tưởng lại; vứt xuống, quăng xuống; nhìn xuống (mắt); làm thất vọng, làm chán nản; loại bỏ, thải, vứt bỏ, từ bỏ; thả (chó); thả, qăng (dây...); thai lại (mũi đan); đuổi ra; tính, cộng lại, gộp lại; ngẩng (đầu); ngước mắt; vứt lên, quăng lên, ném lên; trách móc; nôn ra, mửa ra; lot; cùng chia sẻ một số phận với ai; trông ở lòng thương của ai; trách móc ai về việc gì; bỏ phiếu; die","The area near the stream was covered with little bubbly worm casts.",""
"24281","eye","eye","A1","noun","ngoại động từ","/ai/","7","POS_MISMATCH | MANY_SENSES | LONG_MEANING","53","1225","mắt","mắt, con mắt; mắt (trên củ khoai tây); lỗ (kim, xâu dây ở giày...); vòng, thòng lọng (dây); vòng mắt (ở đuôi công); điểm giữa (đích tập bắn); sự nhìn, thị giác; cách nhìn, con mắt; cách nhìn, sự đánh giá; sự chú ý, sự theo dõi; sự sáng suốt; chuyện tầm phào, chuyện tào lao, chuyện bá láp, điều vô lý; ăn miếng trả miếng; nhìn chằm chằm; ngập đầu (công việc, nợ nần); là người có tai mắt trong thiên hạ; sheep; được chủ tịch (nghị viện) trông thấy mình giơ tay và cho phát biểu; nhìn; front; nhìn bên trái!; nhìn bên phải!; mặt trời; theo dõi ai; trông nom ai; theo dõi ai; trông nom ai; glad; có con mắt tinh đời về, rất tinh tế; lấy cái gì làm mục đích; chú ý từng li từng tí; có mắt rất tinh, cái gì cũng nhìn thấy; mắt tinh bắn giỏi; no bụng đói con mắt; nếu anh không mù, nếu anh không đần độn; theo sự đánh giá của, theo con mắt của; đứng về mặt pháp lý, đứng về mặt luật pháp; ngược gió; trong trí tưởng tượng; trong sự nhìn trước; mù một mắt; liếc mắt đưa tình; làm ai trố mắt nhìn (vì ngạc nhiên); ồ lạ nhỉ!; mắt thường (không cần đeo kính); đồng ý với ai; trông thấy ngay; dust; dưới sự giám sát của ai; thong manh à?, mắt để ở đâu?; phỗng tay trên ai, đi nước trước ai; nhằm cái gì; nhìn quan sát, nhìn trừng trừng","Bright lights really hurt my eyes.",""
"24171","close","close","A1","adjective","nội động từ","/klous/","7","POS_MISMATCH | MANY_SENSES | LONG_MEANING","54","1193","đóng kín","đóng kín; chật, chật chội; kín, bí hơi, ngột ngạt; chặt, bền, sít, khít; che đậy, bí mật, giấu giếm, kín; dè dặt, kín đáo; hà tiện, bủn xỉn; gần, thân, sát; chặt chẽ, kỹ lưỡng, tỉ mỉ, cẩn thận; hạn chế, cấm; gay go, ngang nhau, ngang sức; cái suýt làm nguy đến tính mạng; sự cạo nhẵn; sự suýt đâm vào nhau; sự hút chết; sát cánh vào nhau mà chiến đấu; kín; ẩn, kín đáo, giấu giếm; gần, sát, ngắn; gần, ở gần; gần, suýt soát; khu đất có rào; sân trường; sân trong (nhà thờ); sự kết thúc, lúc kết thúc; phần cuối; sự ôm nhau vật; sự đánh giáp lá cà; kết; kết thúc, chấm dứt; draw; đóng, khép; làm khít lại, dồn lại gần, làm sát lại nhau; kết thúc, chấm dứt, làm xong; đóng, khép; kết thúc, chấm dứt; bao bọc, bao quanh; đóng cửa hẳn (không buôn bán, không sản xuất nữa); trấn áp, đàn áp; bóp chết (một phong trào cách mạng...); tới gần; ngắn dần; ngày ngắn dần; rào quanh, bao quanh (một miếng đất); tiến sát để tấn công; khít lại, sát lại gần nhau; dồn hàng, siết chặt hàng ngũ; bít lại, cản (đường), làm tắc nghẽn (lối đi); lấp lại (lỗ); đóng kín, đóng hẳn, đóng miệng (vết thương); đến sát gần, dịch lại gần; đánh giáp lá cà, ôm sát người mà vật; đồng ý (với ai); sẵn sàng nhận (điều kiện...)","We owe them our thanks for bringing the project to a successful close.",""
"24606","account","account","A2","noun","nội động từ","/ə'kaunt/","7","POS_MISMATCH | MANY_SENSES | LONG_MEANING","44","1188","sự tính toán","sự tính toán; sự kế toán; sổ sách, kế toán; bản kê khai; bản thanh toán tiền, bản ghi những món tiền phải trả; sự thanh toán; sự trả dần, sự trả làm nhiều kỳ; tài khoản, số tiền gửi; lợi, lợi ích; lý do, nguyên nhân, sự giải thích; báo cáo, bài tường thuật; sự tường thuật, sự miêu tả; sự đánh giá, sự chú ý, sự lưu tâm; tầm quan trọng, giá trị; theo sự đánh giá chung, theo ý kiến chung; balance; according to all accounts; go; bắt phải báo cáo sổ sách, bắt phải báo cáo mọi khoản thu chi; bắt phải giải thích (về cái gì...); ; (thông tục) nôn mửa; giả mạo sổ sách (kế toán); bịa ra một khoản, kê khai giả mạo một khoản; đòi báo cáo sổ sách; bắt phải giải thích (việc gì...); gây được tiếng tốt cho mình; (thể dục,thể thao) thắng lợi, đạt được kết quả tốt; ngày tận thế; thoát nợ đời; chết; đánh giá cao, coi trọng; mong đợi ở cái gì; hy vọng ở cái gì; không quan tâm đến, không để ý đến, không đếm xỉa đến; vì mình, vì lợi ích của mình, vì mục đích của mình; tự mình phải gánh lấy mọi sự xảy ra; vì ai; thanh toán với ai; trả thù ai, thanh toán mối thù với ai; coi, coi như, coi là, cho là; giải thích (cho); giải thích (việc sử dụng, thanh toán, tính toán tiền nong); bắn được, hạ được","to keep one's account at the bank.",""
"24237","dog","dog","A1","noun","ngoại động từ","/dɔg/","7","POS_MISMATCH | MANY_SENSES | LONG_MEANING","37","1135","chó","chó; chó săn; chó đực; chó sói đực ((cũng) dog wolf); cáo đực ((cũng) dog fox); kẻ đê tiện, kẻ đáng khinh, đồ chó má; kẻ cắn cẩu cục cằn; gã, thằng cha; vỉ lò (ở lò sưởi) ((cũng) fire dogs); móng kìm, cặp, móc ngoạm, gàu ngoạm; mống bão, ráng bão (ở chân trời) ((cũng) sea dog); dogfish; như chó già giữ xương; ích kỷ, không muốn ai dùng đến cái gì mình không cần đến; chết khổ, chết sở, chết nhục nhã, chết như một con chó; những sự tàn phá giết chóc của chiến tranh; ai rồi cũng có lúc gặp vận; ai khó ba đời; muốn giết chó thì bảo là chó dại; không ưa thì dưa có giòi; thất cơ lỡ vận, khánh kiệt, xuống dốc ((nghĩa bóng)); sa đoạ; giúp đỡ ai trong lúc khó khăn; sống một cuộc đời khổ như chó; bắt ai sống một cuộc đời khổ cực; đừng khêu gợi lại những chuyện đã êm thấm; đừng bới cứt ra mà ngửi; yêu tôi thì hãy yêu cả những người thân của tôi; không có chút may mắn nào; lầm lì không mở miệng nói nửa lời; kiêu kỳ không thèm mở miệng nói nửa lời; làm bộ làm tịch, làm ra vẻ ta đây, làm ra vẻ ta đây quan trọng; rain; hair; vứt bỏ đi, quẳng đi (cho chó); theo nhùng nhằng, theo sát gót, bám sát (ai); kẹp bằng kìm, cặp bằng móc ngoạm","The dog barked all night long.",""
"24754","burn","burn","A2","noun","nội động từ","/bə:n/","7","POS_MISMATCH | MANY_SENSES | LONG_MEANING","42","1127","dòng suối","(thơ ca) dòng suối; vết cháy, vết bỏng; đốt, đốt cháy, thiêu, thắp, nung; làm bỏng; chịu hậu quả của sự khinh suất; chuốc lấy vạ vào thân vì dính vào công việc người; đóng dấu (tội nhân) bằng sắt nung; làm rám, làm sạm (da); làm cháy, làm khê (khi nấu ăn); ăn mòn (xit); sử dụng năng lượng nguyên tử (của urani...); cháy, bỏng; rừng rực, bừng bừng; gần tìm thấy, gần tìm ra (trong một số trò chơi của trẻ con); dính chảo, cháy, khê (thức ăn); đốt sạch, thiêu huỷ, thiêu trụi; héo dần, mòn dần; thiêu huỷ, thiêu trụi; tắt dần, lụi dần (lửa); ăn mòn (xit); khắc sâu vào (trí nhớ...); lụi dần (lửa); đốt hết, đốt sạch; cháy hết; đốt (nhà) để cho ai phải ra; đốt sạch, cháy trụi; bốc cháy thành ngọn (lửa), cháy bùng lên; ,  (từ lóng) làm phát cáu, làm nổi giận; phát cáu, nổi giận; ,  (từ lóng) xỉ vả, mắng nhiếc, thậm tệ; road; qua sông đốt thuyền; làm việc không tính đường thoái; qua sông phá cầu; cắt hết mọi đường thoái; làm việc hết sức; không biết giữ sức; thắp đèn ban ngày, thắp đèn sớm quá (khi trời hãy còn sáng); oil; đi xiên cá bằng đuốc; chạy nhanh vùn vụt, chạy hết tốc độ; tiền chẳng bao giờ giữ được lâu trong túi","She had second-degree burns from falling in the bonfire.",""
"24591","out","out","A1","adverb","nội động từ","/aut/","7","POS_MISMATCH | MANY_SENSES | LONG_MEANING","50","1118","ngoài","ngoài, ở ngoài, ra ngoài; ra; hẳn, hoàn toàn hết; không nắm chính quyền; đang bãi công; tắt, không cháy; không còn là mốt nữa; to thẳng, rõ ra; sai khớp, trật khớp, trẹo xương; gục, bất tỉnh; sai, lầm; không như bình thường, bối rối, luống cuống, lúng túng; đã xuất bản (sách); đã nở (gà con); đã được cho ra giao du (con gái mới lớn lên); đã truyền đi (bức điện); hoàn toàn, hết sức, hết lực; toàn tâm toàn ý; đã dậy ra ngoài được (sau khi ốm khỏi); bỏ xa, không thể so sánh được với; đang đi tìm cái gì; theo đuổi cái gì; quyết tâm kiếm bằng được cái gì; ,  (thông tục) thoát khỏi cảnh khó khăn, thoát khỏi cảnh hiểm nghèo; ra ngoài, ra khỏi, ngoài; vì; bằng; cách xa, cách; sai lạc; trong, trong đám; hết; mất; không; quyết tâm, gắng sức (làm điều gì); cút đi, cút khỏi, ra khỏi; bất hoà, xích mích, không thân thiện; từ ở... ra, từ... ra; ở ngoài, ngoài; ở ngoài, ở xa; quả; (chính trị) (the outs) đảng không nắm chính quyền; sự bỏ sót chữ; chữ bỏ sót; quả bóng đánh ra ngoài sân (quần vợt); ,  (từ lóng) lối thoát; cách cáo từ, cách thoái thác; in; tống cổ nó đi; cho nó đo ván (quyền Anh); lộ ra (điều bí mật...)","They wrote the law to give those organizations an out.",""
"24735","blow","blow","A2","noun","(bất qui tắc) động từ blew","/blou/","7","POS_MISMATCH | MANY_SENSES | LONG_MEANING","56","1099","cú đánh đòn","cú đánh đòn; tai hoạ, điều gây xúc động mạnh, cú choáng người; chống lại; giúp đỡ, ủng hộ; đấu tranh cho (tự do...); sự nở hoa; ngọn gió; hơi thổi; sự thổi (kèn...); sự hỉ (mũi); trứng ruồi, trứng nhặng (đẻ vào thức ăn...) ((cũng) fly); nở hoa; thổi (gió); thổi; hà hơi vào; hỉ (mũi); hút (trứng); phun nước (cá voi); cuốn đi (gió); bị (gió) cuốn đi; thở dốc; làm mệt, đứt hơi; nói xấu; làm giảm giá trị, bôi xấu, bôi nhọ (danh dự...); đẻ trứng vào (ruồi, nhặng); ((nghĩa rộng)) làm hỏng, làm thối; khoe khoang, khoác lác; nguyền rủa; nổ (cầu chì); ,  (từ lóng) bỏ đi, chuồn; ,  (từ lóng) xài phí, phung phí (tiền); lan truyền; tung ra (tin tức...); thổi ngã, thổi gẫy làm rạp xuống (gió); thổi vào (gió...); đến bất chợt, đến thình lình; thổi bay đi, cuôn đi; thông, làm xì ra; ,  (từ lóng) tiêu phí, phung phí (tiền...); nổ (cầu chì...); làm nổ; qua đi; bỏ qua, quên đi; nổ, nổ tung; làm nổ; phá (bằng chất nổ, mìn...); mắng mỏ, quở trách; phóng (ảnh); nổi nóng; làm mất tươi, làm thiu; làm mất tín nhiệm, làm mất thanh danh; làm mất hứng thú; mách lẻo, kháo chuyện về (ai); hot; khoe khoang; gaff","We're having a bit of a blow this afternoon.",""
"26227","go","go","B1","noun","ngoại động từ","/gou/","7","POS_MISMATCH | MANY_SENSES | LONG_MEANING","45","1086","sự đi","sự đi; sức sống; nhiệt tình, sự hăng hái; sự thử (làm gì); lần, hơi, cú; khẩu phần, suất (đồ ăn); cốc, chén, hớp (rượu); việc khó xử, việc rắc rối; sự thành công, sự thắng lợi; sự bận rộn, sự hoạt đông, sự tích cực; sự suýt chết; hợp thời trang; việc ấy không xong đâu; không làm ăn gì được; bận rộn hoạt động; đang xuống dốc, đang suy; đi, đi đến, đi tới; thành, thành ra, hoá thành; trôi qua, trôi đi (thời gian); chết, tiêu tan, chấm dứt, mất hết, yếu đi; bắt đầu (làm gì...); chạy (máy móc); điểm đánh (đồng hồ, chuông, kẻng); nổ (súng, pháo...); ở vào tình trạng, sống trong tình trạng...; làm theo, hành động theo, hành động phù hợp với, xét theo; đổ, sụp, gãy, vỡ nợ, phá sản; diễn ra, xảy ra, tiếp diễn, tiến hành, diễn biến; kết quả; đang lưu hành (tiền bạc); đặt để, kê; để vừa vào, vừa với, có chỗ, đủ chỗ; hợp với, xứng với, thích hợp với; nói năng, cư xử, làm đến mức là; trả (giá...); tiêu vào (tiền...); bán; thuộc về; được biết, được thừa nhận; truyền đi, nói, truyền miệng; hợp nhịp điệu; phổ theo (thơ, nhạc...); đi, đánh, ra (quân bài), đặt (tiền); sắp sửa; có ý định","It’s your go.",""
"24477","light","light","A1","adjective","phó từ","/lait/","7","POS_MISMATCH | MANY_SENSES | LONG_MEANING","41","1054","ánh sáng","ánh sáng, ánh sáng mặt trời, ánh sáng ban ngày; nguồn ánh sáng, đèn đuốc; lửa, tia lửa; diêm, đóm; sự hiểu biết, trí thức, trí tuệ, chân lý; trạng thái, phương diện, quan niệm; sự soi sáng, sự làm sáng tỏ; (số nhiều) những sự kiện làm sáng tỏ, những phát minh làm sáng tỏ; ánh sáng của thượng đế; sinh khí, sự tinh anh; ánh (mắt); (thơ ca) sự nhìn; (từ lóng) đôi mắt; cửa, lỗ sáng; khả năng; chỗ sáng (trong bức tranh); sáng sủa, sáng; nhạt (màu sắc); đốt, thắp, châm, nhóm; soi sáng, chiếu sáng; soi đường; + up) làm cho rạng lên, làm cho sáng ngời lên (nét mặt, khoé mắt); + up) đốt đèn, lên đèn, thắp đèn, châm lửa, nhóm lửa; thắp, đốt, bắt lửa, bén lửa; + up) sáng ngời, tươi lên; ,  (từ lóng) tấn công; mắng mỏ; ,  (từ lóng) thình lình bỏ đi; đỗ xuống, đậu (chim), xuống; tình cờ rơi đúng vào, tình cờ gặp phải; nhẹ, nhẹ nhàng; nhanh nhẹn; nhẹ nhàng, thanh thoát, dịu dàng, thư thái; khinh suất, nông nổi, nhẹ dạ, bộp chộp; lăng nhăng; lẳng lơ, đĩ thoã; tầm thường, không quan trọng; có tài xoáy vặt; nhẹ, nhẹ nhàng; come; ngủ không say, ngủ dể tỉnh","As you can see, this spacious dining-room gets a lot of light in the mornings.",""
"25117","home","home","A2","adverb","ngoại động từ","/houm/","7","POS_MISMATCH | MANY_SENSES | LONG_MEANING","33","1029","nhà","nhà, chỗ ở; nhà, gia đình, tổ ấm; quê hương, tổ quốc, nơi chôn nhau cắt rún, nước nhà; chỗ sinh sống (sinh vật); nhà (hộ sinh...), viện (cứu tế, dưỡng lão...), trại (mồ côi...); đích (của một số trò chơi); cảm thấy hết sức thoải mái tự nhiên như ở nhà; không cảm thấy bị lạc lõng; thành thạo (thông thạo, quen thuộc, biết rõ) một vấn đề; một nơi mình cảm thấy ấm cúng như gia đình mình; ta về ta tắm ao ta, dù trong dù đục ao nhà vẫn hơn; nấm mồ, nơi an nghỉ cuối cùng; gia đình, ở gia đình, ở nhà; nước nhà, ở trong nước, nội; địa phương; ở gần nhà; những hạt ở gần Luân-ddôn; trúng đích, trúng; (nghĩa bóng) chạm nọc; về nhà, trở về nhà, đến nhà, ở nhà; về nước, hồi hương, về quê hương; trúng, trúng địch; (bóng) chạm nọc, trúng tim đen; đến cùng; vạch tội của ai, tuyên bố ai có tội; bring; come; tầm thường, không có gì đặc biệt, không có gì hay ho thích thú; trở về nhà, trở về quê hương (người, chim bồ câu đưa thư...); có nhà, có gia đình; cho về nhà, cho hồi hương; đưa về nhà; tạo cho (ai...) một căn nhà, tạo một tổ ấm","the home of the pine",""
"24587","order","order","A1","noun","ngoại động từ","/'ɔ:də/","7","POS_MISMATCH | MANY_SENSES | LONG_MEANING","46","1028","thứ","thứ, bậc, ngôi, hàng, cấp, loại, giai cấp; bậc; thứ tự; trật tự, nội quy, thủ tục (ở nghị viện, ở hội trường...); sai nội qui rồi, không đúng thủ tục rồi!; sự ngăn nắp, sự gọn gàng; chế độ; mệnh lệnh; huân chương; huân chương lao động hạng nhất; huân chương Lê-nin; sự đặt hàng; đơn đặt hàng; phiếu; bộ (đơn vị phân loại); phẩm chức; dòng tu; kiểu; (the order) tư thế bỏ súng xuống để áp vào đùi; biện pháp; xấu, hỏng (máy); trật tự, ngăn nắp; tốt, chạy tốt; đúng nội quy, đúng thủ tục; xấu, hỏng (máy); không đúng nội quy, không đúng thủ tục; cốt để, mục đích để; để mà, cốt để mà; short; một việc khó; làm theo đơn, làm theo yêu cầu (của khách hàng); trang phục hành quân; chương trình làm việc; nhật lệnh; (nghĩa bóng) hiện tình; trang phục duyệt binh; ngừng cuộc thảo luận để nghiên cứu về một điểm thủ tục; ra lệnh; chỉ dẫn; cho, cho dùng (thuốc...); gọi (món ăn, thức uống...), bảo người hầu đưa (thức ăn...); đặt (hàng...); định đoạt (số mệnh...); thu xếp, sắp đặt; bỏ súng xuống áp vào đùi!; sai ai chạy như cờ lông công","The house is in order; the machinery is out of order.",""
"25324","pack","pack","A2","noun","nội động từ","/pæk/","7","POS_MISMATCH | MANY_SENSES | LONG_MEANING","33","1005","bó","bó, gói; ba lô (quần áo); đàn, bầy (chó săn, chó sói...); lũ, loạt, lô; bộ, cỗ (bài); kiện (hàng); khối lượng hàng (cá, hoa quả...) đóng gói trong một vụ; phương pháp đóng gói hàng; hàng tiền đạo (bóng, bầu dục); đám băng nổi ((cũng) pack ice); khăn ướt để đắp, mền ướt để cuốn (người); sự đắp khăn ướt, sự cuốn mền ướt (vào người); lượt đắp (kem đắp vào mặt cho mịn da...); gói, bọc lại, buộc lại; đóng gói, đóng hộp, đóng kiện; tập hợp lại thành bầy (chó); sắp thành bộ, sắp thành cỗ (bài); xếp chặt (vào hòm, hộp); ních người (vào phòng, xe); thồ hàng lên (ngựa, súc vật...); nhét, hàn, gắn (khe hở); đắp khăn ướt lên, cuốn mền ướt vào (người); xếp người phe mình (vào hội đồng giám khảo...) để chiếm đa số khi quyết định; ,  (từ lóng) nện, giáng; + up) sắp xếp hành lý; đóng gói, đóng kiện; tụ tập thành bầy, tụ tập thành đàn; khăn gói ra đi, cuốn gói; tống tiền (ai), cho (ai) đi xa, tống cổ (ai) đi; khăn gói ra đi, cuốn gói; làm xong, hoàn thành; thôi ngừng; không chạy, chết máy, không nổ (máy...)","The horses carried the packs across the plain.",""
"24187","colour","colour","A1","noun","nội động từ","/'kʌlə/","7","POS_MISMATCH | MANY_SENSES | LONG_MEANING","42","1000","màu","màu, sắc, màu sắc; thuốc vẽ, thuốc màu; nghệ thuật vẽ màu; nước da, sắc da (mặt); màu sắc, vẻ, sắc thái, nét; cờ; màu cờ, sắc áo (để phân biệt giữa các đội thể thao...); cớ; không khoẻ, khó chịu, khó ở; không đúng màu, bệch bạc; đáng ngờ, đáng nghi ngại; không tốt lắm; chưa đủ, còn tồi; động viên, gọi nhập ngũ; tô điểm thêm, bóp méo, làm sai sự thật; tô màu sặc sỡ; tô hồng (cái gì); thành công rực rỡ; gây được uy tín; để lộ rõ chân tướng; đào ngũ; lại có da, có thịt, lại có sắc mặt, lại hồng hào; nhập ngũ, tòng quân; hạ cờ; đầu hang, chịu thua; kiên quyết bênh vực quan điểm của mình; kiên quyết không chịu lui; kiên quyết đuổi theo đến cùng; vẽ màu tối; bôi đen (cái gì); nói lên sự thật của cái gì; treo cờ giả; giấu tên thật để hoạt động; đánh lừa, chê đậy ý định thật; được ai trả cho chút tiền (trong số lớn của nợ); nhìn sự thật của vấn đề; trung thành, kiên định (với ý định của mình, với đảng phái...); đứng hẳn về phe ai; tô màu; tô điểm, tô vẽ; đổi màu, ngả màu; ửng đỏ, đỏ bừng (mặt)","Humans and birds can perceive color.",""
"24416","house","house","A1","noun","nội động từ","/haus/","7","POS_MISMATCH | MANY_SENSES | LONG_MEANING","41","992","nhà ở","nhà ở, căn nhà, toà nhà; nhà, chuồng; quán trọ, quán rượu, tiệm (rượu...); viện (trong quốc hội); rạp hát, nhà hát, người xem, khán giả; buổi biểu diễn (ở nhà hát; đoàn thể tôn giáo; trụ sở của đoàn thể tôn giáo; tu viện; hãng buôn; (thông tục) thị trường chứng khoán (Luân-ddôn); nhà tế bần; nhà ký túc; toàn thể học sinh trong nhà ký túc; gia đình, dòng họ; triều đại; ,  (từ lóng) xổ số nội bộ; nuôi ở trong nhà, (ở) nhà (động vật); bị đuổi ra vỉa hè sống lang thang không cửa không nhà; bring; quét tước thu dọn nhà cửa; giũ sạch những điều khó chịu; chầu rượu do chủ quán thết; quản lý việc nhà, tề gia nội trợ; keep; phải ở nhà không bước chân ra cửa; trò chơi xếp nhà (của trẻ con); kế hoạch bấp bênh; fame; rất nhanh, mạnh mẽ; thu dọn nhà cửa; thu xếp công việc đâu vào đó; đón tiếp (ai) ở nhà; cho ở, cho trọ, chưa (ai...) trong nhà; cất vào kho; lùa (súc vật) vào chuồng; cung cấp nhà ở cho; đặt (súng đại bác...) vào vị trí chắc chắn; hạ (cột buồm); lắp vào ổ mộng (đồ mộc); ở, trú","This is my house and my family's ancestral home.",""
"25699","charge","charge","B1","noun","ngoại động từ","/tʃɑ:dʤ/","7","POS_MISMATCH | MANY_SENSES | LONG_MEANING","35","973","vật mang","vật mang, vật chở, vật gánh; gánh nặng ((nghĩa đen) & (nghĩa bóng)); số đạn nạp, số thuốc nạp (vào súng); điện tích (nạp vào ắc quy); sự nạp điện, sự tích điện; tiền phải trả, giá tiền, tiền công, tiền thù lao; sự gánh vác (một khoản phí tổn, mọi sự chi phí); nhiệm vụ, bổn phận, trách nhiệm; sự trông nom, sự coi sóc; người được giao cho trông nom, vật được giao cho trông nom; những con chiên của cha cố; mệnh lệnh, huấn thị, chỉ thị; lời buộc tội; sự buộc tội; cuộc tấn công dữ dội, cuộc đột kích ồ ạt; hiệu lệnh đột kích; phụ trách, trưởng, đứng đầu; thường trực, trực; lại tấn công; lại tranh luận; đảm đương, chịu trách nhiệm; bị buông lơi, bị buông lỏng, không ai điều khiển; bắt, bắt giam; nạp đạn, nạp thuốc (vào súng); nạp điện; tọng vào, nhồi nhét; tính giá, đòi trả; tính vào, bắt phải chịu phí tổn, bắt phải gánh vác; ghi sổ (nợ); giao nhiệm vụ, giao việc; buộc tội; tấn công, đột kích; bắc (súng...) đặt ngang (ngọn giáo...); tấn công; đâm bổ vào, nhảy xổ vào","There will be a charge of five dollars.",""
"24147","catch","catch","A1","noun","nội động từ","/kætʃ/","7","POS_MISMATCH | MANY_SENSES | LONG_MEANING","41","972","sự bắt","sự bắt, sự nắm lấy; cái bắt, cái vồ, cái chộp; sự đánh cá; mẻ cá; nhiều người bị bắt, vật bị túm được; mồi ngon đáng để bẫy; món bở; cái gài, cái móc, cái then cửa, cái chốt cửa; cái bẫy, mưu kế lừa người; câu hỏi mẹo (để cho ai vào bẫy); đoạn (bài nói, câu chuyện...) chợt nghe thấy; cái hãm, máy hãm, khoá dừng; bắt lấy, nắm lấy, tóm lấy, chộp lấy; đánh được, câu được (cá); bắt kịp, theo kịp, đuổi kịp; mắc, bị nhiễm; hiểu được, nắm được (ý nghĩa); nhận ra; bắt gặp, bắt được quả tang; chợt gặp, chợt thấy; mắc vào, vướng, móc, kẹp; chặn đứng, nén, giữ; thu hút, lôi cuốn; đánh, giáng; bắt lửa (cái gì...); đóng băng; mắc, vướng, móc, kẹp; ăn khớp, vừa; bấu, víu lấy, níu lấy, chộp lấy; nổi tiếng; trở thành cái mốt; được mọi người ưa chuộng; hiểu được, nắm được; bất chợt bắt được (ai) đang làm gì; đuổi kịp, theo kịp, bắt kịp; ngắt lời; nhiễm (thói quen); nắm lấy cái gì, tóm được cái gì; bị la mắng, quở phạt, bị đánh đập; tớ mà lại làm cái đó à, không đời nào!; eye","The catch of the perpetrator was the product of a year of police work.",""
"24311","fire","fire","A1","noun","nội động từ","/'faie/","7","POS_MISMATCH | MANY_SENSES | LONG_MEANING","46","962","lửa","lửa, ánh lửa; sự cháy, hoả hoạn, sự cháy nhà; ánh sáng; sự bắn hoả lực; lò sưởi; sự tra tấn bằng lửa; sự sốt, cơn sốt; ngọn lửa ((nghĩa bóng)), sự hăng hái, nhiệt tình, sự sốt sắng, sự vui vẻ hoạt bát; sự xúc động mạnh mẽ; nguồn cảm hứng; óc tưởng tượng linh hoạt; ở trong cảnh nước sôi lửa bỏng; chim phải tên sợ làn cây cong; flat; đương đầu với nguy hiểm; hang; to hang fire; thất bại (trong việc gì); tránh vỏ dưa gặp vỏ dừa; chơi với lửa ((nghĩa đen) & (nghĩa bóng)); lửa cháy đổ thêm dầu; làm những việc kinh thiên động địa; thành công rực rỡ; lừng danh; đốt cháy, đốt (lò...); làm nổ, bắn (súng...); làm đỏ; nung; sấy (chè, thuốc lá...); đốt, khử trùng (bằng chất hoá học); thải, đuổi, sa thải; kích thích (trí tưởng tượng); khuyến khích, làm phấn khởi; bắt lửa, cháy, bốc cháy; nóng lên; rực đỏ; nổ (súng); nổ súng, bắn; chạy (máy); bắt đầu tiến hành; nổ (súng); bắn tất cả các súng một bên mạn tàu; bắn; phát ra, nổ ra; nổi giận đùng đùng; bắn súng chào","We sat about the fire singing songs and telling tales.",""
"24077","best","best","A1","adjective","ngoại động từ","/best/","7","POS_MISMATCH | MANY_SENSES | LONG_MEANING","31","925","tốt nhất","tốt nhất, hay nhất, đẹp nhất, giỏi nhất; đại bộ phận; đi thật nhanh, đi ba chân bốn cẳng; làm công việc mình thành thạo nhất; tốt nhất, hay nhất; hơn nhất; tốt nhất là, khôn hơn hết là; cái tốt nhất, cái hay nhất, cái đẹp nhất; cố gắng lớn nhất; quần áo đẹp nhất; trong điều kiện tốt nhất, trong hoàn cảnh tốt nhất; không có triển vọng gì hay, không hy vọng gì có chuyện tốt đẹp xảy ra; lúc đẹp nhất, lúc tốt nhất, lúc sung sức nhất, lúc rực rỡ nhất; cầu toàn thường khi lại hỏng việc; làm hết sức mình; thắng thế (trong khi tranh luận...); thắng ai; không có cá thì lấy rau má làm ngon; Sunday; mặc dầu có khó khăn vẫn vui vẻ cố gắng; không nản lòng trong lúc khó khăn; tận dụng cái hay, cái tốt đẹp của việc gì; chịu đựng cái gì; tranh thủ thời gian; đi thật nhanh; gửi lời chào, gửi lời chúc mừng; với tất cả sự hiểu biết của mình; với tất cả khả năng của mình; như bất cứ ai; hơn, thắng (ai); ranh ma hơn, láu cá hơn (ai)","I did my best.",""
"24451","key","key","A1","adjective","ngoại động từ","/ki:/","7","POS_MISMATCH | MANY_SENSES | LONG_MEANING","37","922","hòn đảo nhỏ","hòn đảo nhỏ; bâi cát nông; đá ngần; chìa khoá; khoá (lên dây đàn, dây cót đồng hồ, vặn đinh ốc...); khoá; điệu, âm điệu; cái khoá; phím (đàn pianô); nút bấm (sáo); bấm chữ (máy chữ); mộng gỗ; chốt sắt; cái nêm; cái manip ((thường) telegraph key); chìa khoá (của một vấn đề...), bí quyết; giải pháp; lời giải đáp (bài tập...), sách giải đáp toán; lời chú dẫn (ở bản đồ); bản dịch theo từng chữ một; ý kiến chủ đạo, ý kiến bao trùm; nguyên tắc cơ bản; khẩu hiệu chính trong một cuộc vận động; vị trí cửa ngõ, vị trí then chốt; giọng; cách suy nghĩ, cách diễn đạt; quyền lực của giáo hoàng; then chốt, chủ yếu; tiền đấm mồm, tiền hối lộ; phải ngủ đêm ngoài đường, không cửa không nhà; khoá lại; ((thường) + in,  on) chèn, chêm, nêm, đóng chốt; + up) lên dây (đàn pianô...); làm cho hợp với, làm cho thích ứng với; khích động, kích thích, cổ vũ, động viên; nâng cao, tăng cường; làm căng thẳng tinh thần, làm căng thẳng đầu óc","The key to solving this problem is persistence.",""
"26474","beat","beat","B2","noun","(bất qui tắc) động từ beat; beaten,  beat","/bi:t/","7","POS_MISMATCH | MANY_SENSES | LONG_MEANING","37","910","sự đập","sự đập; tiếng đập; khu vực đi tuần (của cảnh sát); sự đi tuần; cái trội hơn hẳn, cái vượt hơn hẳn; nhịp, nhịp đánh (của người chỉ huy dàn nhạc); phách; khu vực săn đuổi, cuộc săn đuổi; ,  (từ lóng) tin đăng đầu tiên (trước các báo cáo); ,  (từ lóng) người thất nghiệp; người sống lang thang đầu đường xó chợ; đánh đập, nện, đấm; vỗ (cánh); gõ, đánh (nhịp); thắng, đánh bại, vượt; đánh trống để ra lệnh, ra hiệu bệnh bằng trống; khua (bụi rậm... để lùa những con thú ra); khua (bụi...), khuấy (nước...) (để lùa ra); đi vát; đánh trống, hạ; làm thất vọng, làm chán nản; đánh thủng; đánh vỡ; đập bẹt ra, nện mỏng ra (kim loại...); dập tắt (ngọn lửa...); đánh (trứng, kem...); đi khắp (một vùng...); truy lùng, theo dõi (ai...); bắt, mộ (lính); đi vát, chạy giạt vào bờ; khua (bụi...), khuấy (nước...) (để lùa ra); nói quanh; ,  (từ lóng) chạy trốn cho nhanh; brain; hoàn toàn đánh bại ai; đánh ai tơi bời; quarter","a beat of the heart; the beat of the pulse",""
"25163","issue","issue","A2","noun","nội động từ","/'isju:/","7","POS_MISMATCH | MANY_SENSES | LONG_MEANING","33","897","sự phát ra","sự phát ra; sự phát hành; sự đưa ra; số báo (in ra); số lượng cho ra (tem...); vấn đề (đang tranh câi, đang kiện cáo...); vấn đề chín muồi (có thể quyết định); kết quả, hậu quả, sản phẩm; số lượng (thức ăn, quần áo, súng đạn...) phát một lần (cho một người lính, cho một đơn vị...); lần in (sách...); dòng dõi, con cái; sự đi ra, sự chảy ra, sự bốc ra, sự thoát ra; lòi ra, lối thoát; cửa sông; cái chảy ra, cái thoát ra; sự chảy máu, sự chảy mủ; vết rạch cho chảy mủ; lợi tức, thu hoạch (đất đai...); tiến hành tranh luận với ai về một điểm gì; không đồng ý với ai về một điểm gì; không đồng ý với ai; tranh cãi với ai; đưa ra; phát hành, lưu hành, in ra; phát (quần áo, đạn dược...); phát ra, để chảy ra; đi ra, chảy ra, bóc ra, thoát ra; được đưa ra; được phát hành, được lưu hành, được in ra; xuất phát, bắt nguồn; là kết quả, là hậu quả; là dòng dõi; là lợi tức, là thu hoạch (của đất đai...)","The issue of the directive from the treasury prompted the central bank's most recent issue of currency.",""
"24632","air","air","A2","noun","ngoại động từ","/eə/","7","POS_MISMATCH | MANY_SENSES | LONG_MEANING","38","894","không khí","không khí, bầu không khí; không gian, không trung; máy bay; hàng không; làn gió nhẹ; khúc ca, khúc nhạc, điệu ca, điệu nhạc; vẻ, dáng, dáng điệu; khí sắc, diện mạo; thái độ; điệu bộ màu mè, vẻ ta đây; mất công vô ích, luống công; castle; change; clear; quyền bá chủ trên không; tan vào không khí, tan biến đi; mất công vô ích, luống công; cho ai thôi việc, thải ai ra; cắt đứt quan hệ với ai; mất tự chủ, mất bình tĩnh; vẻ hối lỗi; vẻ tiu nghỉu; hão huyền, viển vông, ở đâu đâu; lan đi, lan khắp (tin đồn...); để ai ở trong một trạng thái hoài nghi chờ đợi không hay biết gì; blue; đang phát thanh, đang truyền đi bằng rađiô; saw; lan đi, truyền đi, đồn đi (tin đồn...); dạo mát, hóng gió; cất cánh, bay lên; ,  (từ lóng) tẩu, chuồn, trốn cho mau; ,  (từ lóng) bị đuổi, bị thải; tread; hóng gió, phơi gió, phơi; làm thoáng khí, làm thoáng gió, làm thông gió; phô bày, phô trương; bộc lộ, thổ lộ","I'm going outside to get some air.",""
"25215","loose","loose","A2","adjective","nội động từ","/lu:s/","7","POS_MISMATCH | MANY_SENSES | LONG_MEANING","24","874","lỏng","lỏng, không chặt, chùng, không căng, không khít, rời ra, lung lay, long ra, lòng thòng; rộng lùng thùng, lùng nhùng (quần áo); xốp, mềm, dễ cày, dễ làm tơi (đất); lẻ, nhỏ (tiền); mơ hồ, không rõ ràng, không chính xác; không chặt chẽ, phóng (lý luận, dịch, viết văn...); phóng đâng, phóng túng, không nghiêm, không chặt chẽ, ẩu, bừa bâi... (đạo đức, tính tình, kỷ luật...); yếu, hay ỉa chảy (ruột); nhàn rỗi, ăn không ngồi rồi, vô công rỗi nghề; break; thả dây; gỡ ra, tháo ra, thoát ra; ăn nói ba hoa, nói năng bừa bãi; mắc bệnh loạn óc, mất trí, ngớ ngẩn; thả lỏng, buông lỏng, cho tự do; fast; sự buông lỏng, sự trút, sự tuôn ra; thả lỏng, buông lỏng, thả ra, cởi ra, tháo ra, buông ra, nới ra, làm rời ra, gỡ ra; thả (dây buộc, buồm); bắn ra, phóng ra (viên đạn, mũi tên...); bắn vào (ai); buông ra, bỏ ra; làm ai mở miệng nói được, không líu lưỡi nữa; làm cho nói ba hoa","This wheelbarrow has a loose wheel.",""
"24089","block","block","A1","noun","ngoại động từ","/blɔk/","7","POS_MISMATCH | MANY_SENSES | LONG_MEANING","33","862","khối","khối, tảng, súc (đá, gỗ...); cái thớt, đon kê, tấm gỗ kê để chặt đầu (người bị tử hình); khuôn (mũ); đầu giả (để trưng bày mũ, tóc giả...); khuôn nhà lớn, nhà khối (ở giữa bốn con đường); vật chương ngại; sự trở ngại; sự tắc nghẽn, sự tắc nghẽn xe cộ; lô đất (chính phủ cấp cho tư nhân); (từ Mỹ,nghĩa Mỹ) khoảnh đất trong thành phố; bản khắc (để in); số lớn cổ phần; đoạn đường; đoàn toa xe; puli; sự chặn, sự cản (bóng, đối phương); thông cáo phản đối một dự luật (nghị viện); đường phố lớn có nhiều người đi dạo; cái đầu (người); người đần độn; người nhẫn tâm; đứa con giống bố như tạc; bị xử chém; làm trở ngại (sự đi lại); ngăn chận; làm trở ngại sự thi hành; chặn đứng (một kế hoạch); chặn cản (bóng, đối phương); hạn chế chi tiêu, hạn chế việc sử dụng (vốn); phản đối (dự luật ở nghị viện); gò vào khuôn (mũ...); rập chữ nổi (bìa sách, da; phác ra, vẽ phác","a block of ice",""
"24035","arm","arm","A1","noun","nội động từ","/ɑ:m/","7","POS_MISMATCH | MANY_SENSES | LONG_MEANING","38","861","cánh tay","cánh tay; tay áo; nhánh (sông...); cành, nhánh to (cây); tay (ghế); cán (cân); cánh tay đòn; cần (trục); chân trước (của thú vật); sức mạnh, quyền lực; chance; length; long; cánh tay phải, người giúp việc đắc lực; làm cái gì quá đáng; hạn chế quyền lực của ai; tìm sự che chở của ai, tìm sự bảo vệ của ai; đón tiếp ân cần, niềm nở; vũ khí, khí giới, binh khí; sự phục vụ trong quân ngũ, nghiệp võ; binh chủng, quân chủng; chiến tranh; chiến đấu; phù hiệu ((thường) coat of arms); cầm vũ khí, chiến đấu; khẩn trương sẵn sàng chiến đấu; lay; ngủ với vũ khí trên mình; luôn luôn cảnh giác và ở trong tư thế sẵn sàng chiến đấu; rise; cầm vũ khí chiến đấu; hạ vũ khí, đầu hàng; hàng ngũ chỉnh tề sẵn sàng chiến đấu; đứng lên cầm vũ khí chống lại; vũ trang, trang bị ((nghĩa đen) & (nghĩa bóng)); cho nòng cứng vào, cho lõi cứng vào; tự trang bị; cầm vũ khí chiến đấu","She stood with her right arm extended and her palm forward to indicate “Stop!”",""
"24848","control","control","A2","noun","ngoại động từ","/kən'troul/","7","POS_MISMATCH | MANY_SENSES | LONG_MEANING","20","856","quyền hành","quyền hành, quyền lực, quyền chỉ huy; sự điều khiển, sự lái, sự cầm lái; sự kiềm chế, sự nén lại; sự kiểm tra, sự kiểm soát, sự thử lại; tiêu chuẩn so sánh (bằng thí nghiệm để xác định đúng sai); trạm kiểm tra (máy móc,  ôtô, máy bay trên đường đi); đoạn đường đặc biệt (ô tô phải tuân theo sự hướng dẫn như giảm tốc độ...); bộ điều chỉnh (hướng tốc độ của máy bay...); hồn (do bà đồng gọi lên); không điều khiển được, không chỉ huy được, không làm chủ được; bị ai điều khiển chỉ huy, bị ai xỏ mũi; kiềm chế được, kìm lại được, làm chủ được; không điều khiển được nữa, không theo sự điều khiển (máy bay); nắm chắc được cái gì, làm chủ được cái gì; nắm quyền điều khiển, nắm quyền chỉ huy; sự hạn chế tự do tư tưởng; điều khiển, chỉ huy, làm chủ; kiềm chế, cầm lại, kìm lại, nén lại, dằn lại; kiểm tra, kiểm soát, thử lại; điều chỉnh, qui định (giá hàng...)","The government has complete control over the situation.",""
"26870","discharge","discharge","B2","noun","ngoại động từ","/dis'tʃɑ:dʤ/","7","POS_MISMATCH | MANY_SENSES | LONG_MEANING","29","852","sự dỡ hàng","sự dỡ hàng, sự bốc dỡ (hàng); sự nổ (súng), sự phóng ra, sự bắn ra (tên lửa, mũi tên...); sự tuôn ra, sự tháo ra, sự tiết ra, sự bốc ra, sự đổ ra, sự chảy ra; sự chảy mủ; sự trả hết, sự thanh toán (nợ nần); sự làm xong, sự hoàn thành, sự thực hiên (nhiệm vụ...); sự tẩy màu; thuốc tẩy màu, dung dịch tẩy màu; sự phóng điện; sự tháo điện (ắc quy); sự tha miễn, sự miễn trừ; (pháp lý) sự tuyên bố tha; giấy chứng nhận tha miễn, giấy chứng nhận miễn trừ; dỡ (hàng); dỡ hàng (tàu thuỷ...); nổ (súng); phóng (tên lửa...); bắn (mũi tên...); đuổi ra, thải hồi (người làm), tha, thả (người tù); cho ra, cho về (người bệnh); giải tán, giải ngũ (quân đội); tuôn ra, tháo ra, tiết ra, bốc ra, đổ ra, chảy ra; trả hết, thanh toán (nợ nần); làm xong, hoàn thành (nhiệm vụ...); làm phai (màu); tẩy (vải); phục quyền (người vỡ nợ); tháo điện (ắc quy); huỷ bỏ (bản án)","to discharge a prisoner",""
"26292","heel","heel","B1","noun","nội động từ","/hi:l/","7","POS_MISMATCH | MANY_SENSES | LONG_MEANING","40","852","gót chân","gót chân; gót móng (ngựa...); (số nhiều) chân sau (loài thú bốn chân); gót (giày, bít tất); đầu cán vĩ (đàn viôlông); đầu cong (của gậy đánh gôn); đuôi sống tàu; chân cột buồm; đồ đê tiện, kẻ đáng khinh; gót A-sin, điểm dễ bị tổn thương; theo sát gót ai; đã cho vào sáu tấm đem đi; lẽo đẽo theo sau chủ (chó); theo sát gót ai; đứng chờ mỏi gối; down; vắt chân lên cỏ mà chạy; bỏ chạy; chạy vượt ai, chạy nhanh hơn ai; hairy; lộn tùng phèo; gót sắt; sự áp chế tàn bạo; chết; nhảy cỡn lên; bắt bỏ tù ai, bắt giam ai; giam hãm ai; rách gót (bít tất); đi bít tất rách gót; ăn mặc nghèo nàn rách rưới; turn; chết; bị giày xéo, sống dưới gót giày; đóng (gót giày); đan gót (bít tất); theo sát gót; ((thường) + out) đá gót (để đẩy quả bóng ra khỏi chỗ đang xô lấn); đánh bằng đầu cong của gậy (đánh gôn); giậm gót chân (khi nhảy múa); sự nghiêng đi (tàu thuỷ)","He drove the heel of his hand into the man's nose.",""
"24154","check","check","A1","noun","nội động từ","/tʃek/","7","POS_MISMATCH | MANY_SENSES | LONG_MEANING","36","822","cheque","(như) cheque; sự cản trở, sự ngăn cản; sự kìm hãm; sự hạn chế; sự chặn lại; người chống cự, người ngăn cản, vật cản; sự mất vết, sự mất hơi; sự dừng lại, sự ngừng lại; sự thua nhẹ; sự kiểm tra, sự kiểm soát, sự kiểm lại; dấu ghi đã kiểm tra (đã kiểm soát); hoá đơn, giấy ghi tiền (khách hàng phải trả ở khách sạn); ,  (đánh bài) thẻ; kiểu kẻ ô vuông, kiểu ca rô; vải kẻ ô vuông, vải ca rô; sự chiếu tướng; chết; cản, cản trở; chăn, ngăn chặn; kìm, kiềm chế, nén, dằn (lòng); kiểm tra, kiểm soát; kiểm lại; đánh dấu đã kiểm soát; quở trách, trách mắng; gửi, ký gửi; chiếu (tướng); ngập ngừng, do dự; dừng lại, đứng lại (chó săn; vì lạc vết, hoặc để đánh hơi); ghi tên khi đến; ghi tên lấy phòng ở khách sạn; ghi tên khi ra về (sau ngày làm việc); trả buồng khách sạn; ,  (từ lóng) chết ngoẻo; kiểm tra, soát lại; chữa (bài)","I don't know if she will be there, but it's worth a check.",""
"25362","plant","plant","A2","noun","ngoại động từ","/plɑ:nt/","7","POS_MISMATCH | MANY_SENSES | LONG_MEANING","24","821","thực vật","thực vật, cây (nhỏ); sự mọc; dáng đứng, thế đứng; máy móc, thiết bị (của một nhà máy); nhà máy ((thường) là công nghiệp nặng); người gài vào (một tổ chức nào để làm tay trong); vật gài bí mật (vào nơi nào như bom, máy ghi âm...); trồng, gieo; cắm, đóng chặt xuống (cọc...); động từ phân thân to plant oneself đứng (ở một chỗ nào để quan sát, dò xét...); thả (cá con... xuống ao cá); di (dân) đến ở... đưa (người) đến ở...; thiết lập, thành lập, đặt (một thành phố, ngôi chùa...); gài (người...) lại làm tay trong; đặt (lính gác...), gài (bom, máy ghi âm...); gieo (ý nghĩ...); bắn, giáng, ném, đâm...; bỏ rơi; chôn (ai); giấu, oa trữ (hàng ăn cắp...); bỏ (cát vàng, quặng khoáng chất...) vào mỏ (để đánh lừa người định mua là mỏ có trữ lượng cao); tính (mưu kế lừa đảo); cấy, chuyển (ở chậu...) xuống đất; ở lì mãi nhà ai","The garden had a couple of trees, and a cluster of colourful plants around the border.",""
"24518","mind","mind","A1","noun","động từ","/maind/","7","POS_MISMATCH | MANY_SENSES | LONG_MEANING","37","808","tâm","tâm, tâm trí, tinh thần; trí, trí tuệ, trí óc; ký ức, trí nhớ; sự chú ý, sự chủ tâm, sự lưu ý; ý kiến, ý nghĩ, ý định; do dự, không nhất quyết; đồng ý kiến với ai; mất bình tĩnh; không tỉnh trí; ghi nhớ; nhớ, không quên; nói cho ai một trận; có ý muốn; miễn cưỡng làm gì; không toàn tâm toàn ý làm gì; có cái gì bận tâm, có cái gì lẩn quẩn trong tâm trí; phân vân, do dự; quyết định, nhất định; đành phải coi như là không tránh được; bị quên đi; nhắc nhở ai (cái gì); set; nói thẳng, nghĩ gì nói nấy; không để ý, không chú ý; để ý ra chỗ khác; nói cho ai hay ý nghĩ của mình; absence; tâm trạng; month; sight; prresence; theo ý, như ý muốn; chú ý, lưu ý, để ý, lưu tâm; chăm nom, chăm sóc, trông nom, giữ gìn; quan tâm, bận tâm, lo lắng, để ý; phản đối, phiền, không thích, khó chịu; hãy chú ý, hãy cảnh giác","Despite advancing age, his mind was still as sharp as ever.",""
"25242","mean","mean","A2","adjective","động từ meant  /meant/","/mi:n/","7","POS_MISMATCH | MANY_SENSES | LONG_MEANING","27","797","khoảng giữa","khoảng giữa, trung độ, trung gian, trung dung; giá trị trung bình; số trung bình; ((thường) dùng như số ít) phương tiện, kế, biện pháp, cách; của, của cải, tài sản, khả năng (kinh tế); bằng đủ mọi cách, bằng bất cứ cách nào, bằng bất cứ giá nào; tất nhiên, dĩ nhiên, chắc chắn; bằng đủ mọi cách tốt hay xấu; bằng cách; chẳng chút nào, quyết không, hẳn không, tuyệt nhiên không; bằng cách này hay cách khác; trung bình, vừa, ở giữa; trung bình; thấp kém, kém cỏi, tầm thường; tối tân, tiều tuỵ, tang thương, khốn khổ; hèn hạ, bần tiện, bủn xỉn; xấu hổ thầm; ,  (từ lóng) cừ, chiến; ,  (từ lóng) hắc búa; nghĩa là, có nghĩa là; muốn nói; định, có ý định, muốn, có ý muốn; dự định, để cho, dành cho; có ý nghĩa lớn, đáng giá, đáng kể; có ác ý; có ý tốt đối với ai; làm sao anh chứng minh được điều đó","Does she really mean what she said to him last night?",""
"24049","ball","ball","A1","noun","động từ","/bɔ:l/","7","POS_MISMATCH | MANY_SENSES | LONG_MEANING","28","792","buổi khiêu vũ","buổi khiêu vũ; quả cầu, hình cầu; quả bóng, quả ban; đạn; cuộn, búi (len, chỉ...); viên (thuốc thú y...); chuyện nhăng nhít, chuyện nhảm nhí; chuyện vô lý; hình phạt xích hòn sắt vào chân (tù khổ sai); số phận, vận số, những trò trớ trêu của thần số mệnh; người bảy nổi ba chìm, người, long đong trong cuộc đời; cầu mắt, nhãn cầu; xương bánh chè; đến lượt anh, đến phiên anh; ,  (từ lóng) hoạt động tích cực; không đợi lúc thuận lợi; nhanh nhẩu đoảng; ,  (từ lóng) nhanh lên, mau lên; gặp cơ hội tốt, gặp thời cơ; góp phần làm cho (câu chuyện) không bị gián đoạn; tiếp tục làm (việc gì) không dừng lại; phá rối, làm hỏng việc gì; ,  (thông tục) nhanh nhẹn, tinh nhanh; thất bại, hỏng ăn, không đạt mục đích; cuộn lại (len, chỉ...); đóng thành cục tròn; đóng thành khối cầu; bối rối, lúng túng","a ball of spittle; a fecal ball",""
"24407","hole","hole","A1","noun","nội động từ","/'houl/","7","POS_MISMATCH | MANY_SENSES | LONG_MEANING","28","784","lỗ","lỗ, lỗ thủng; lỗ trống; lỗ khoan; lỗ đáo; lỗ đặt bóng (trong một số trò chơi); chỗ sâu, chỗ trũng (ở dòng suối); hố; hang (chuột, chồn...); túp lều tồi tàn, nhà ổ chuột; điểm thắng (khi đánh được quả gôn từ lỗ nọ sang lỗ kia); lỗ trống (trong không khí); rỗ kim, rỗ tổ ong; khuyết điểm; thiếu sót, lỗ hổng (bóng); tình thế khó xử, hoàn cảnh lúng túng; vết nhơ đối với thanh danh của mình; gây một chỗ trống lớn (trong ngân quỹ...); lấy ra một phần lớn (cái hì...); tìm khuyết điểm, bới lông tìm vết; nồi tròn vung méo, người đặt không đúng chỗ, người bố trí không thích hợp với công tác; đào lỗ, đục lỗ; chọc thủng, làm thủng; để vào lỗ, đánh vào lỗ; đào (hầm), khoan (giếng); thủng; đánh bóng vào lỗ (đánh gôn); đào hầm thông (từ hầm này sang hầm khác); nấp trốn trong hang (thú vật)","There’s a hole in my shoe. Her stocking has a hole in it.",""
"24411","horse","horse","A1","noun","ngoại động từ","/hɔ:s/","7","POS_MISMATCH | MANY_SENSES | LONG_MEANING","30","784","ngựa","ngựa; kỵ binh; ngựa gỗ ((cũng) vaulting horse); giá (có chân để phơi quần áo...); quỷ đầu ngựa đuôi cá; cá ngựa; con moóc; dây thừng, dây chão; khối đá nằm ngang (trong mạch mỏ); (như) horse-power; ,  (từ lóng) bài dịch để quay cóp (của học sinh); đánh cá con ngựa thua; ủng hộ phe thua; con ngựa ít người biết đến trong cuộc đua; ,  (từ lóng) ứng cử viên ít người biết đến trong cuộc bầu cử; ăn (làm) khoẻ; flog; ,  (từ lóng) kìm sự nóng nảy; vênh váo, làm bộ làm tịch, lên mặt ta đây; cart; thay ngựa giữa dòng; đó là một vấn đề hoàn toàn khác; cưỡi ngựa, đi ngựa; động đực (ngựa cái); ,  (từ lóng) đùa nhả ((cũng) to horse around); cấp ngựa cho (ai); đóng ngựa vào (xe...); cõng, cho cưỡi trên lưng; đặt (ai) lên lưng (người nào hoặc ngựa gỗ) để đánh đòn; ,  (từ lóng) đùa nhả (ai)","Alright, mate, got any horse?",""
"24139","card","card","A1","noun","ngoại động từ","/kɑ:d/","7","POS_MISMATCH | MANY_SENSES | LONG_MEANING","27","766","các","các, thiếp, thẻ; quân bài, bài ((cũng) playing card); sự chơi bài; chương trình (cuộc đua...); bản yết thị; quảng cáo (trên báo); , hải la bàn ((cũng) mariner's card); người kỳ quặc; thằng cha, gã; còn nắm bài chủ trong tay; có kế dự phòng; có tất cả bài chủ trong tay; (nghĩa bóng) có tất cả yếu tố thắng lợi trong tay; house; có thể, có lẽ; lý lẽ vững nhất; lá bài chủ (nghĩa bóng); chơi nước bài hay ((nghĩa đen) & (nghĩa bóng)); chơi nước chắc ((nghĩa đen) & (nghĩa bóng)); chơi nước bài bớ, chơi nước bài sai lầm ((nghĩa đen) & (nghĩa bóng)); nói rõ hết ý định, nói rõ hết kế hoạch không cần úp mở giấu giếm; để lộ kế hoạch; nói rành rọt, nói chính xác; đúng thế, thế là đúng, thế là phải; bỏ cuộc, chịu thua không chơi nữa; bàn chải len, bàn cúi; chải (len...)","He played cards with his friends.",""
"24534","move","move","A1","noun","nội động từ","/mu:v/","7","POS_MISMATCH | MANY_SENSES | LONG_MEANING","31","762","sự chuyển động","sự chuyển động, sự di chuyển, sự xê dịch; nước; lượt, lần, phiên (trong một trò chơi); biện pháp; bước; chuyển, di chuyển, chuyển dịch, xê dịch, đổi chỗ, dời chỗ; lắc, lay, khuấy, quấy, làm chuyển động; nhấc; làm nhuận (tràng); kích thích, kích động, gây ra, làm cho, xúi giục, gợi; làm cảm động, làm xúc động, làm mũi lòng, gợi mối thương cảm; đề nghị; chuyển động, cử động, động đậy, cựa quậy, lay động; đi, di chuyển, xê dịch, chuyển dịch; hành động, hoạt động; đi đi lại lại, đi quanh, chuyển quanh; hay dọn nhà, hay thay đổi chỗ ở; tiến lên; dọn đi, cất đi; đi xa, đi hẳn; lùi; kéo lùi lại, chuyển về phía sau; tiến; cho tiến lên, chuyển về phía trước; dọn nhà (đến chỗ ở mới); ra đi, đi xa; cho đi tiếp; tiến lên; dọn nhà đi; chuyển lên; trèo lên, tiến lên","A slight move of the tiller, and the boat will go off course.",""
"24249","dry","dry","A1","adjective","nội động từ","/drai/","7","POS_MISMATCH | MANY_SENSES | LONG_MEANING","28","756","khô","khô, cạn, ráo; khô nứt; (thông tục) khô cổ, khát khô cả cổ; cạn sữa, hết sữa (bò cái...); khan (ho); nhạt, không bơ; nguyên chất, không pha, không thêm nước ngọt (rượu); khô khan, vô vị, không thú vị; vô tình, lãnh đạm, lạnh nhạt, lạnh lùng; cứng nhắc, cụt lủn, cộc lốc; tỉnh khô, phớt lạnh; không thêm bớt; rành rành; khô cứng, sắc cạnh, sắc nét (nét vẽ...); cấm rượu; khách quan, không thành kiến, vô tư; ,  (thông tục) non nớt, chưa ráo máu đầu; vật khô; nơi khô; người tán thành cấm rượu; làm khô, phơi khô, sấy khô, lau khô; làm cạn, làm khô cạn; làm cho (bò cái...) hết sữa; khô đi, khô cạn đi; làm cạn ráo, làm khô cạn; khô cạn đi, cạn ráo (giếng nước...); ,  (thường),  lời mệnh lệnh không nói nữa, im miệng, thôi không làm nữa; quên vở (diễn viên)","This towel is still damp: I think it needs another dry.",""
"26614","chop","chop","B2","verb","danh từ","/tʃɔp/","7","POS_MISMATCH | MANY_SENSES | LONG_MEANING","30","755","chap","chap; ỉu xìu, chán nản, thất vọng; vật bổ ra, miếng chặt ra; nhát chặt, nhát bổ (búa chày); sự cúp bóng (quần vợt); miếng thịt sườn (lợn, cừu); rơm băm nhỏ; mặt nước gợn sóng (vì gió ngược với thuỷ triều); chặt, đốn, bổ, chẻ; nói đứt đoạn, nói nhát gừng; chặt nhỏ, băm nhỏ; bổ, chặt; thình lình trở lại; chặt ngã, đốn ngã; nói chen vào; chặt đứt, đốn cụt; trồi lên trên mặt (địa táng); chặt nhỏ, băm nhỏ; to chop out; gió trở thình lình; sóng vỗ bập bềnh; phay; những sự đổi thay; thay đổi luôn luôn, dao động, không kiến định; đổi chiều thình lình, trở thình lình (gió); vỗ bập bềnh (sóng biển); cãi vã với ai; giấy phép, giấy đăng ký, giấy chứng nhận; giây thông hành, giấy hộ chiếu (An-độ,  Trung-quốc); Anh-Ân,  (thông tục) of the first chop hạng nhất","I only like lamb chops with mint jelly.",""
"24205","cover","cover","A1","noun","ngoại động từ","/'kʌvə/","7","POS_MISMATCH | MANY_SENSES | LONG_MEANING","32","747","vỏ","vỏ, vỏ bọc, cái bọc ngoài; bìa sách; phong bì; vung, nắp; lùm cây, bụi rậm; chỗ núp, chỗ trốn, chỗ trú; màn che, lốt, mặt nạ ((nghĩa bóng)); bộ đồ ăn cho một người (ở bàn ăn); tiền bảo chứng; lực lượng không quân yểm hộ (cho một cuộc hành quân); ra khỏi nơi trú ẩn (thú rừng); đọc một quyển sách từ đầu đến cuối; ẩn núp; dưới sự yểm trợ của; che, phủ, bao phủ, bao trùm, bao bọc; mặc quần áo, đội mũ; che chở, bảo vệ, yểm hộ; khống chế, kiểm soát; giấu, che giấu, che đậy; bao gồm, bao hàm, gồm; trải ra; đi được; đủ để bù đắp lại được, đủ để trả; nhằm, chĩa vào (ai); ấp (trứng); phủ (cái), nhảy (cái); theo dõi (dự) để điện tin tức về nhà báo; bảo hiểm; che phủ, phủ kín; phủ đầy đất, lấp đất (một nấm mồ...); bọc kỹ, bọc kín; giấu giếm, che đậy","The soldiers took cover behind a ruined building.",""
"26613","chip","chip","B2","noun","ngoại động từ","/tʃip/","7","POS_MISMATCH | MANY_SENSES | LONG_MEANING","33","737","vỏ bào","vỏ bào, vỏ tiện, mạt giũa; chỗ sức, chỗ mẻ; mảnh vỡ; khoanh mỏng, lát mỏng (quả, khoai tây...); (thông tục) khoai tây rán; tiền; thẻ (để đánh bạc); nan (để đan rổ, đan mũ); block; care; nhạt như nước ốc; ,  (từ lóng) thanh toán; chết; sẵn sàng đánh nhau, sẵn sàng gây chuyện cãi nhau; dễ bật lò xo; giàu có, nhiều tiền; vỏ bào nhỏ có thể gây nên những đám cháy lớn; cái sảy nảy cái ung; đẽo, bào; làm sứt, làm mẻ; đập vỡ ra từng mảnh, đập vỡ toang; mổ vỡ (vỏ trứng) (gà con); đục, khắc (tên vào đâu); xắt, thái thành lát mỏng; chế giễu, chế nhạo; sứt, mẻ; mổ vỡ vỏ trứng (gà con); chip + off tróc, tróc từng mảng (sơn); chip + in nói xen vào; (+ in) góp tiền đánh bạc); góp vốn; miếng khoèo, miếng ngáng chân (đấu vật); khoèo, ngáng chân","This cup has a chip in it.",""
"25021","figure","figure","A2","noun","nội động từ","/'figə/","7","POS_MISMATCH | MANY_SENSES | LONG_MEANING","36","735","hình dáng","hình dáng; hình; hình ảnh, hình vẽ minh hoạ ((viết tắt) fig); vật tượng trưng, vật điển hình, vật giống; nhân vật; sơ đồ; lá số tử vi; con số; số học; sự tính toán bằng con số; số tiền; hình thái tu từ; giả thiết; hình nhịp điệu; hình múa (trong điệu nhảy, trượt băng...); người lố lăng; gây cảm tưởng rất tốt; chói lọi; gây cảm tưởng xoàng; hình dung, miêu tả (bằng sơ đồ, bằng nét vẽ); mường tượng, tưởng tượng; tưởng tượng, làm điển hình cho; trang trí hình vẽ; đánh số, ghi giá; tính toán; có tên tuổi, có vai vế; làm tính; được coi như là; đóng vai trò của; trông đợi ở (cái gì); tính toán; tính toán; hiểu, quan niệm; đoán, tìm hiểu, luận ra; tổng cộng, tính số lượng (cái gì); ,  (thông tục) theo tôi hiểu điều đó là như thế này","a figure in bronze; a figure cut in marble",""
"24939","duck","duck","A2","noun","ngoại động từ","/dʌk/","7","POS_MISMATCH | MANY_SENSES | LONG_MEANING","27","721","con vịt","con vịt, vịt cái; thịt vịt; người yêu quí; người thân mến; ván trắng (crikê) ((cũng) duck's egg); người tàn tật, người què quặt; người vỡ nợ, người phá sản; người thất bại; , lóng máy bay hỏng; ngơ ngác thểu não như gà bị bão; như nước đổ dầu vịt, như nước đổ lá khoai; trời mưa; chơi ném thia lia; phung phí; đến chỗ nào (làm cái gì...) cảm thấy được tự do vùng vẫy như cá gặp nước; một thoáng, một lát; vải bông dày (may buồm, áo ngoài của thuỷ thủ); quần vải bông dày; , thục xe lội nước; sự ngụp lặn; động tác ngụp lặn; động tác cúi (đầu) nhanh, động tác cúi thình lình (để né tránh, để chào...); lặn; ngụp lặn; cúi nhanh, cúi thình lình (để né tránh, để chào...); dìm (ai) xuống nước; cúi nhanh, cúi thình lình (đầu)","I'm just going to duck into the loo for a minute, can you hold my bag?",""
"25213","lock","lock","A2","noun","nội động từ","/lɔk/","7","POS_MISMATCH | MANY_SENSES | LONG_MEANING","31","719","món tóc","món tóc, mớ tóc; mớ bông, mớ len; mái tóc, tóc; khoá; chốt (để giữ bánh xe, ghi...); khoá nòng (súng); miếng khoá, miếng ghì chặt (thế võ); tình trạng ứ tắc; sự nghẽn (xe cộ); tình trạng bế tắc; tình trạng khó khăn, tình trạng nan giải, tình trạng lúng túng; cửa cổng; mất cả chì lẫn chài; khoá (cửa tủ...); nhốt kỹ, giam giữ; bao bọc, bao quanh; chặn lại, đóng chốt; khoá chặt, ghì chặt (thế võ); chắn bằng cửa cổng; cho (tàu...) đi qua cửa cổng; khoá được; hâm lại; không chạy, không vận động được (máy móc); đi qua cửa cổng (tàu...); bước sát gót; khoá cửa không cho vào; đóng cửa nhà máy không cho công nhân vào làm để làm áp lực; cất đi khoá lạo cẩn thận; giam giữ, nhốt kỹ; chặn đứng lại; mất bò mới lo làm chuồng","If you put the brakes on too hard, the wheels will lock.",""
"24065","bed","bed","A1","noun","nội động từ","/bed/","7","POS_MISMATCH | MANY_SENSES | LONG_MEANING","34","714","cái giường","cái giường; nền; lòng (sông...); lớp; nấm mồ; hôn nhân; vợ chồng; mình làm mình chịu; sự tiếp đãi; quan hệ vợ chồng; luống hoa hồng; đời sống sung túc dễ dàng; tình trạng bệnh hoạn tàn tật; luống gai; hoàn cảnh khó khăn; bước đường đầy chông gai; sinh; chết bệnh, chết già; càu nhàu, bực dọc, cáu kỉnh, không vui; thôi đừng nói nữa!, im cái mồm đi!, thôi đi!; đuộc suỳ 5, say không biết trời đất gì cả; đi ngủ sớm, trở dậy sớm; đi ngủ từ lúc gà lên chuồng; trở dậy từ lúc gà gáy; bị ốm nằm liệt giường; narrow; xây vào, đặt vào, gắn vào, vùi vào, chôn vào; + out trồng (cây con, cây ươm); + down rải ổ cho ngựa nằm; ; (từ cổ,nghĩa cổ) đặt vào giường, cho đi ngủ; thành tầng, thành lớp; chìm ngập, bị sa lầy; đi ngủ","My cat often sleeps on my bed. I keep a glass of water next to my bed when I sleep.",""
"24413","hot","hot","A1","adjective","ngoại động từ","/hɔt/","7","POS_MISMATCH | MANY_SENSES | LONG_MEANING","28","713","nóng","nóng, nóng bức; cay nồng, cay bỏng (ớt, tiêu...); nồng nặc, còn ngửi thấy rõ (hơi thú săn); nóng nảy; sôi nổi, hăng hái; gay gắt, kịch liệt; nóng hổi, sốt dẻo (tin tức); mới phát hành giấy bạc; giật gân; được mọi người hy vọng, thắng hơn cả (vận động viên chạy...); dễ nhận ra và khó sử dụng (đồ tư trang lấy cắp, giấy bạc...); thế hiệu cao; ,  (vật lý) phóng xạ; dâm đãng, dê (người); vừa mới kiếm được một cách bất chính; vừa mới ăn cắp được; bị công an truy nã; không an toàn cho kẻ trốn tránh; ăn nóng (thức ăn); sôi nổi, kịch liệt; gây khó khăn rắc rối làm cho ai khó chịu phải bỏ chỗ nào mà đi; nóng; nóng nảy, giận dữ; sôi nổi; kịch liệt; hay dao động, ngả nghiêng, hay thay đổi ý kiến; give; đun nóng, hâm","He forgot that the frying pan was hot and burned his hand.",""
"24245","drink","drink","A1","noun","nội động từ","/driɳk/","7","POS_MISMATCH | MANY_SENSES | LONG_MEANING","27","710","đồ uống","đồ uống, thức uống; rượu mạnh ((cũng) strong drink); hớp, ngụm; cốc, ly (rượu, nước giải khát); thói rượu chè, thói nghiện rượu; ,  (từ lóng) biển; uống (rượu, nước...); uống cạn; (nghĩa bóng) tận hưởng; chịu đựng cho đến cùng; uống hết, rượu chè phung phí hết (tiền...); uống cho đến nỗi; nâng cốc chúc; + up,  in) hút, thấm (nước) (cây, giấy thấm...); uống; nâng cốc chúc; uống rượu, uống say, nghiện rượu; rượu chè mất hết (lý trí...); uống cho quên hết (nỗi sầu...); uống hơn (ai), tửu lượng bỏ ai (xa); hút vào, thấm vào; nghe như uống lấy, nghe say sưa; ngắm nhìn như uống lấy, ngắm nhìn say sưa; nốc (rượu) vào; uống một hơi, nốc thẳng một hơi; confusion; uống được nhiều rượu hơn ai, tửu lượng bỏ xa ai","He drank the water I gave him.",""
"24094","bone","bone","A1","noun","ngoại động từ","/boun/","7","POS_MISMATCH | MANY_SENSES | LONG_MEANING","30","708","xương","xương; chất xương; chất ngà; chất ngà răng; chất sừng cá voi; đồ bằng xương; (số nhiều) con súc sắc, quân cờ...; số nhiều hài cốt; bộ xương; thân thể; cái gây tranh chấp, cái gây bất hoà; ,  (từ lóng) đồng đô-la; túng quẫn, đi đến chỗ túng quẫn; ăn vào tận xương tuỷ, không tẩy trừ được; quen nết đánh chết không chừa; gây mối bất hoà giữa...; giảm giá hàng tới mức tối thiểu; cảm thấy chắc chắn, tin hoàn toàn; mệt nhừ người không muốn nhấc tay (không buồn cất bước) nữa; mệt không muốn nói nữa; không muốn mở miệng nữa; giữ sức khoẻ tốt; giữ được trẻ lâu; không do dự, không ngập ngừng; không nghi ngại gì; không giấu giếm; sống dai, sống lâu; gỡ xương (ở cá, ở thịt); ăn cắp, xoáy; học gạo (ôn đi, ôn lại)","to bone stays",""
"24167","clean","clean","A1","adjective","ngoại động từ","/kli:n/","7","POS_MISMATCH | MANY_SENSES | LONG_MEANING","29","702","sạch","sạch, sạch sẽ; trong sạch không tội lỗi; không lỗi, dễ đọc (bản in); thẳng, không có mấu; không nham nhở; cân đối, đẹp; nhanh, khéo gọn; không bị ô uế; không bệnh tật; có thể ăn thịt được; sạch như chùi; cách ăn nói nhã nhặn; tình trạng không một tí gì ràng buộc; không dính líu gì về việc đó; breast; quét sạch, hoàn toàn xoá bỏ; heel; sự lau sạch, sự rửa sạch, sự quét sạch; hoàn toàn, hẳn; sạch, sạch sẽ; lau chùi, rửa sạch, cạo sạch, đánh sạch, tẩy sạch, vét sạch, quét sạch; chải (ngựa); làm cho sạch, quét sạch (tường...); cạo, nạo, dọn sạch, làm cho sạch; dọn, dọn dẹp, dọn vệ sinh; sắp xếp gọn ghẽ; hoàn thành công việc; , lóng vớ được món tiền lớn; nhẵn túi, cháy túi, sạch túi, bị bòn rút hết","This place needs a clean.",""
"26265","hammer","hammer","B1","noun","nội động từ ((thường) + at)","/'hæmə/","7","POS_MISMATCH | MANY_SENSES | LONG_MEANING","25","693","búa","búa; búa gỗ (cho người bán đấu giá); đầu cần (đàn pianô); cò (súng); trên đe dưới búa; búa liềm (cờ Liên-xô, cờ đảng); dốc hết sức lực, với tất cả sức mạnh; đánh nhau kịch liệt, cãi nhau kịch liệt; thợ rèn; môn ném búa; đặc sắc, cừ khôi; quai, búa, nện, đóng, đạp mạnh (bằng búa hoặc như bằng búa); đánh bại, giáng cho những thất bại nặng nề (trong chiến tranh, trong thi đấu thể thao...); nhồi nhét, tọng; phê bình kịch liệt; chỉ trích kịch liệt; gõ ba lần búa tuyên bố (ai) vỡ nợ; làm bền bỉ; cố sức làm, gắng công làm (việc gì); quấy rầy, quấy nhiễu (ai); tiếp tục làm (việc gì...); gắng công gắng sức làm (việc gì...); nã liên hồi, nã dồn dập (súng lớn); đập bẹt, đập mỏng; nghĩ ra, tìm ra","Bobby used a hammer and nails to fix the two planks together",""
"24367","ground","ground","A1","noun","nội động từ","/graund/","7","POS_MISMATCH | MANY_SENSES | LONG_MEANING","34","684","mặt đất","mặt đất, đất; bâi đất, khu đất; ruộng đất (của ai); đất đai vườn tược; vị trí; khu đất; khoảng cách (trên mặt đất); đáy (biển, hồ...); nền; cặn bã; số nhiều) lý lẽ, lý do, căn cứ, cớ; sự tiếp đất; common; đi được đường dài; đề cập nhiều vấn đề (bản báo cáo, bài tường thuật...); năm trước ý đồ của ai mà làm cho tâng hẫng; down; vấn đề cần nói đến; gain; hy vọng tan vỡ; kế hoạch thất bại; đuổi đến tận hang; truy nguyên đến tận gốc; shift; dựa vào, căn cứ vào, đặt vào; truyền thụ (cho ai) những kiến thức vững vàng; đặt nền (cho một bức hoạ, bức thêu...); đặt xuống đất; làm cho (tàu) mắc cạn; làm cho (máy bay) không cất cánh; bắn rơi, làm rơi xuống đất; tiếp đất; mắc cạn; hạ cánh","Look, I found a ten dollar bill on the ground!",""
"24284","fair","fair","A1","adjective","ngoại động từ","/feə/","7","POS_MISMATCH | MANY_SENSES | LONG_MEANING","24","670","hội chợ","hội chợ, chợ phiên; day; hội chợ phù hoa; phải, đúng, hợp lý, không thiên vị, công bằng, ngay thẳng, thẳng thắn, không gian lận; khá, khá tốt, đầy hứa hẹn; thuận lợi, thông đồng bén giọt; đẹp; nhiều, thừa thãi, khá lớn; có vẻ đúng, có vẻ xuôi tai; khéo; vàng hoe (tóc); trắng (da); trong sạch; bid; cuộc giao tranh không bên nào ở thế lợi hơn bên nào; cuộc giao tranh với lực lượng cân bằng không ai chấp ai; kha khá, tàm tạm (sức khoẻ...); ngay thẳng, thẳng thắn, không gian lận; đúng, trúng, tốt; lịch sự, lễ phép; vào bản sạch; trở nên đẹp (thời tiết); viết vào bản sạch, viết lại cho sạch; ghép vào bằng mặt, ghép cho phẳng, ghép cho đều (những phiến gỗ đóng tàu...)","When will we learn to distinguish between the fair and the foul?",""
"25120","honour","honour","A2","noun","ngoại động từ","/'ɔnə/ (honor) /'ɔnə/","7","POS_MISMATCH | MANY_SENSES | LONG_MEANING","24","662","danh dự","danh dự, danh giá, thanh danh; vinh dự, niềm vinh dự; người làm rạng danh; lòng tôn kính; sự kính trọng; danh tiết, đức hạnh; tiết trinh (của người đàn bà); địa vị cao, quyền cao chức trọng, chức tước cao; danh vọng; huân chương; huy chương; nghi thức trọng thể, lễ nghi trọng thể; sự khoản đãi trọng thể; bằng danh dự (cho những học sinh giỏi đặc biệt về một môn nào ở trường đại học); ngài, tướng công, các hạ (tiếng tôn xưng); thưa ngài, thưa tướng công; quân át chủ; quân K chủ, quân Q chủ; quân J chủ; sự cam kết (trả đúng hẹn, thực hiện giao kèo...); tôn kính, kính trọng; ban vinh dự cho; nhận trả đúng hẹn (thương phiếu); thực hiện đúng hẹn (giao kèo...)","The crowds gave the returning general much honor and praise.",""
"25641","bump","bump","B1","verb","phó từ","/bʌmp/","7","POS_MISMATCH | MANY_SENSES | LONG_MEANING","23","659","tiếng vạc kêu","tiếng vạc kêu; kêu (vạc); kêu như vạc; sự va mạnh, sự đụng mạnh; cú va mạnh, cú đụng mạnh; chỗ sưng bướu, chỗ sưng u lên (vì bị va mạnh); cái bướu (biểu thị tài năng); tài năng, năng lực, khiếu; sự đụng vào đuôi chiếc ca nô chạy trước (trong cuộc đua rượt bắt); lỗ hổng không khí; sự nảy bật (của máy bay); đâm vào, đâm sầm vào; xóc nảy lên, nảy xuống; va, đụng; ẩy, vứt xuống; vọt lên, bật mạnh lên (quả bóng); đánh đòn lưng tôm (nắm tay chân rồi quật đít vào tường, xuống sàn); đụng phải đuôi (ca nô chạy trước trong cuộc đua rượt bắt); ,  (quân sự),  (từ lóng) bắn phá; cho ra rìa, tống cổ ra; ,  (từ lóng) khử đi, giết (ai); va đánh rầm một cái; đột nhiên","the bump of veneration; the bump of acquisitiveness",""
"24282","face","face","A1","noun","nội động từ","/feis/","7","POS_MISMATCH | MANY_SENSES | LONG_MEANING","29","647","mặt","mặt; vẻ mặt; thể diện, sĩ diện; bộ mặt, bề ngoài, mã ngoài; bề mặt; mặt trước, mặt phía trước; đối diện; ra mặt chống đối, công khai chống đối; đi ngược gió; mặt dạn mày dày mà làm việc gì, có đủ trơ trẽn mà làm việc gì; trước mặt, đứng trước; mặc dầu; một cách công khai; nhăn mặt; chống đối lại; công khai trước mặt ai; đương đầu, đối phó; đứng trước mặt, ở trước mặt; lật (quân bài); nhìn về, hướng về, quay về; đối diện; đặt ((nghĩa bóng)) ở giữa hai cầu thủ của hai bên (để bắt đầu thi đấu bóng gậy cong trên băng); ra lệnh quay; viền màu (cổ áo, cửa tay); bọc, phủ, tráng; hồ (chè); quay; vượt qua một tình thế; làm xong xuôi cái gì đến cùng","That girl has a pretty face.",""
"24248","drum","drum","A1","noun","ngoại động từ","/drʌm/","7","POS_MISMATCH | MANY_SENSES | LONG_MEANING","21","646","cái trống","cái trống; tiếng trống; tiếng kêu như tiếng trống (của con vạc...); người đánh trống; màng nhĩ; thùng hình ống (đựng dầu, quả khô...); trống tang; tiệc trà (buổi tối hoặc buổi chiều); cá trống ((cũng) drum fish); đánh trống; gõ gõ, đập đập, gõ liên hồi, đập liên hồi; giậm thình thịch; đánh trống gọi, đánh trống triệu tập, đánh trống tập trung; (nghĩa bóng) đánh trống khua chuông, làm quảng cáo rùm beng; đập cánh vo vo, đập cánh vù vù (sâu bọ); gõ gõ, đập đập, gõ liên hồi, đập liên hồi; giậm thình thịch; đánh (một bản nhạc) trên trống; đánh (một bản nhạc) trên đàn pianô; nói lai nhai, nói đi nói lại như gõ trống vào tai; đánh trống đuổi đi","Replace the drum unit of your printer.",""
"24573","off","off","A1","adjective","thán từ","/ɔ:f/","7","POS_MISMATCH | MANY_SENSES | LONG_MEANING","37","641","tắt","tắt; đi, đi rồi; ra khỏi, đứt, rời; xa cách; hẳn, hết; thôi; nổi bật; nghèo; phong lưu, sung túc; lúc lúc, chốc chốc, chập chờn lúc có lúc không; right; straight; khỏi, cách, rời; colour; duty; nhịn rượu, bỏ rượu; trượt, không trúng; (nghĩa bóng) lạc đề; map; feed; game; head; point; nhịn thuốc lá, bỏ thuốc lá; chơi chấp năm; phải, bên phải (xe, ngựa); xa, cách, ngoài, bên kia; mặt sau, mặt trái tờ giấy; mỏng manh; ôi, ươn; ốm, mệt; nhàn rỗi, nghỉ, vãn; phụ, nhỏ, hẻm; cú đánh về bên phải (crikê); tỏ ý bỏ, tỏ ý thôi (cuộc đàm phán, sự thoả thuận, công cuộc); rút lui thôi không đàm phán với (ai), rút lui lời cam kết với ai; cút đi! Xéo","He has been very obviously an untrustworthy narrator right from the off.",""
"24078","better","better","A1","adjective","danh từ+ (bettor)","/'betə/","7","POS_MISMATCH | MANY_SENSES | LONG_MEANING","23","630","cấp so sánh của good","cấp so sánh của good; hơn, tốt hơn, khá hơn, hay hơn, đẹp hơn; khoẻ hơn, dễ chịu hơn, đã đỡ (người ốm...); khấm khá hơn, phong lưu hơn; hứa ít làm nhiều; phần lớn, đa số; không hơn gì; đã có thời kỳ khấm khá; half; cấp so sánh của well; hơn, tốt hơn, hay hơn; muộn còn hơn không; nên, tốt hơn là; không tin (lời ai nói); không dại gì mà làm (một việc gì); thay đổi ý kiến; làm cho tốt hơn, cải tiến, cải thiện; vượt, hơn; đặt địa vị cao hơn, được ăn lương cao hơn; người trên, người hơn (tuổi, địa vị, tài năng); thế lợi hơn; dù sau này tốt xấu ra sao (câu này dùng trong khi làm lễ cưới ở nhà thờ); người đánh cuộc, người đánh cá","He quickly found Ali his better in the ring.",""
"24137","cap","cap","A1","noun","nội động từ","/kæp/","7","POS_MISMATCH | MANY_SENSES | LONG_MEANING","25","628","mũ lưỡi trai","mũ lưỡi trai, mũ vải (y tá cấp dưỡng...); mũ (công nhân, giáo sư, quan toà, lính thuỷ...); nắp, mũ (chai, van, bút máy...); đầu (đạn...); tai (nấm...); mỏm, chỏm, chóp, đỉnh; đầu cột; miếng tháp cột buồm; bao giấy hình loa, phễu giấy (để gói); khổ giấy 0, 43 x 0, 35 cm; khúm núm; có tật giật mình; suy nghĩ đắn đo; suy nghĩ kỹ lưỡng; quyến rũ ai, chài ai (để lấy làm chồng); làm bừa không kể gì dư luận; hành động tếu; đội mũ cho (ai); đậy nắp, bịt nắp (cái gì); vượt, làm tốt hơn, làm hay hơn; ngã mũ chào (ai); chính thức nhận (một đấu thủ) vào đội; phát bằng cho (ở trường đại học); làm sưng (một chỗ nào); ngả mũ chào, chào","The children were all wearing caps to protect them from the sun.",""
"24445","join","join","A1","verb","danh từ","/dʤɔin/","7","POS_MISMATCH | MANY_SENSES | LONG_MEANING","21","618","nối lại","nối lại, chắp, ghép, buộc (cái nọ vào cái kia); nối liền; thắt chặt, hợp nhất, kết hợp, liên hiệp; kết giao, kết thân; gia nhập, nhập vào, vào; tiếp với, gặp; đổ vào (con sông); đi theo, đến với, đến gặp; cùng tham gia; trở về, trở lại; nối lại với nhau, thắt chặt lại với nhau, kết hợp lại với nhau; liên hiệp với nhau, kết thân với nhau; gặp nhau, nối tiếp nhau; tham gia, tham dự, nhập vào, xen vào; giáp với nhau, tiếp giáp với nhau; nhập ngũ ((cũng) join up); bắt đầu giao chiến; nắm chặt tay nhau, bắt chặt tay nhau; phối hợp chặt chẽ với nhau; câu kết chặt chẽ với nhau (để làm gì); chỗ nối, điểm nối, đường nối","The plumber joined the two ends of the broken pipe.",""
"25012","feather","feather","A2","noun","nội động từ","/'feðə/","7","POS_MISMATCH | MANY_SENSES | LONG_MEANING","28","598","lông vũ","lông vũ, lông (chim); bộ lông, bộ cánh; chim muông săn bắn; cánh tên bằng lông; lông (cài trên mũ), ngù; túm tóc dựng ngược (trên đầu); vật nhẹ (như lông); chỗ nứt (ở mặt hòn ngọc); sự chèo là mặt nước; bird; làm nhục ai; chỉnh ai; niềm tự hào; phấn khởi, hớn hở; tỏ ra nhát gan, tỏ ra sợ hãi; trang hoàng bằng lông, viền bằng lông, bọc bằng lông; cắm lông vào; bắn rụng lông (nhưng không chết); quay ngửa (mái chèo) để chèo là mặt nước; mọc lông; phủ đầy lông; nổi lềnh bềnh; phe phẩy; gợn sóng (như lông); chèo là mặt nước; rung người và đuôi (chó săn để đánh hơi); thu vén cho bản thân; làm giàu","The stylist feathered my hair.",""
"25030","float","float","A2","noun","ngoại động từ","/float/","7","POS_MISMATCH | MANY_SENSES | LONG_MEANING","24","594","cái phao","cái phao; phao cứu đắm; bè (gỗ...); mảng trôi (băng, rong...); bong bóng (cá); xe ngựa (chở hàng nặng); xe rước, xe diễu hành (không có mui để đặt các thứ lên mà rước khách, mà diễu hành); , ((thường) số nhiều) dãy đèn chiếu trước sân khấu; cánh (guồng, nước); cái bay; cái giũa có đường khía một chiều; sự nổi; nổi, trôi lềnh bềnh; lơ lửng; đỡ cho nổi (nước); bắt đầu, khởi công, khởi sự; lưu hành, lưu thông; sắp đến hạn trả; thoáng qua, phảng phất; thả trôi, làm nổi lên, đỡ nổi; làm ngập nước; truyền (tin đồn); bắt đầu khởi công, khởi sự (kế hoạch, công trình...); cổ động tuyên truyền cho","Attach the float and the weight to the fishing line, above the hook.",""
"25078","grace","grace","A2","noun","ngoại động từ","/greis/","7","POS_MISMATCH | MANY_SENSES | LONG_MEANING","17","589","vẻ duyên dáng","vẻ duyên dáng, vẻ yêu kiều; vẻ uyển chuyển; vẻ phong nhã, vẻ thanh nhã; thái độ (trong khi làm việc gì); ơn huệ; sự trọng đãi, sự chiếu cố; sự gia hạn, sự cho hoãn (có tính chất gia ơn); sự miễn xá, sự khoan hồng, sự khoan dung; ơn trời, ơn Chúa; lời cầu nguyện (trước hay sau bữa ăn cơm); ngài (tiếng xưng hô với những người thuộc dòng quý tộc, với các giám mục...); nét hoa mỹ (trong bản nhạc, bài ca); sự cho phép dự thi (ở trường đại học); (The Graces) (thần thoại,thần học) thần Mỹ nữ; ăn nằm với nhau trước khi cưới; làm cho duyên dáng thêm; làm vinh dự, làm vẻ vang, ban vinh dự cho","The Princess brought grace to an otherwise dull and boring party.",""
"24421","ice","ice","A1","noun","nội động từ ((thường) + up)","/ais/","7","POS_MISMATCH | MANY_SENSES | LONG_MEANING","21","586","băng nước đá","băng nước đá; kem; ,  (từ lóng) kim cương; thái độ trịnh trọng lạnh lùng; ,  (từ lóng) tiền đấm mõm cho cảnh sát (của bọn buôn lậu); tiền đút lót cho chủ rạp hát (để được phân phối nhiều vé hơn); làm tan băng; (nghĩa bóng) bắt đầu làm quen với nhau; phá bỏ cái không khí ngượng ngập dè dặt ban đầu; cut; có khả năng thành công; xếp lại, tạm gác lại, tạm ngừng hoạt động; vào tù, ở tù; trong hoàn cảnh nguy hiểm; làm đóng băng, làm đông lại; phủ băng; ướp nước đá, ướp lạnh (rượu...); phủ một lượt đường cô (mặt bánh); cho (một đội bóng gậy cong trên băng) ra đấu; đóng băng; bị phủ băng","Milton Keynes have yet to ice a team this season",""
"24229","dig","dig","A1","noun","nội động từ","/dig/","7","POS_MISMATCH | MANY_SENSES | LONG_MEANING","25","585","sự đào","sự đào, sự bới, sự xới, sự cuốc (đất); sự thúc; cú thúc; sự chỉ trích cay độc; (thông tục) sự khai quật; ,  (thông tục) sinh viên học gạo; đào bới, xới, cuốc (đất...); thúc, án sâu, thọc sâu; moi ra, tìm ra; ,  (từ lóng) chú ý tới; ,  (từ lóng) hiểu rõ; đào bới, xới, cuốc; + into),  for moi móc, tìm tòi, nghiên cứu; ,  (thông tục) học gạo; đào (chân tường...) cho đổ xuống; moi móc, tìm tòi; đào lên, moi lên; thúc, ấn sâu, thọc (cái thúc ngựa, đầu mũi kiếm...); chôn vùi; đào ra, moi ra, khai quật; tìm ra; xới (đất); đào lên, bới lên (khoai...); ,  (từ lóng) nhận, lĩnh (tiền); pit","He guffawed and gave me a dig in the ribs after telling his latest joke.",""
"25166","jam","jam","A2","noun","nội động từ","/dʤæm/","7","POS_MISMATCH | MANY_SENSES | LONG_MEANING","17","582","mứt","mứt; điều khoái trá, điều hết sức thú vị; sự kẹp chặt, sự ép chặt; sự ấn vào, sự tọng vào, sự nhồi nhét; đám đông chen chúc, đám đông tắc nghẽn; sự mắc kẹt, sự kẹt (máy...); tình hình khó khăn, tình thế khó xử, hoàn cảnh bế tắc; nhiễu (lúc thu); ép chặt, kẹp chặt; + into) ấn vào, tọng vào, nhồi nhét, nhồi chặt; làm tắc nghẽn (đường xá...); làm mắc kẹt, kẹt chặt, hãm kẹt lại; chêm, chèn; phá, làm nhiễu (một chương trình phát thanh, làn sóng...); bị chêm chặt, mắc kẹt, kẹt chặt (bộ phận máy...); bị ép chặt, bị xếp chật ních, bị nhồi chặt; ,  (từ lóng) ứng tác, ứng tấu (nhạc ja)","A traffic jam caused us to miss the game's first period.",""
"26928","draft","draft","B2","noun","ngoại động từ","/dræf /","7","POS_MISMATCH | MANY_SENSES | LONG_MEANING","18","579","cặn","cặn; nước vo gạo, nước rửa bát (để nấu cho lợn...); bã lúa mạch (sau khi ủ bia)[drɑ:ft]; bản phác thảo, bản phác hoạ, đồ án, sơ đồ thiết kế; bản dự thảo một đạo luật...); ,  (quân sự) chế độ quân dịch; sự lấy ra, sự rút (tiền...) ra (bằng ngân phiếu...); hối phiếu; phân đội, biệt phái, phân đội tăng cường; gió lò; sự kéo; sự vạch cỡ; cỡ vạch (dọc theo bờ đá để xây gờ...); phác thảo, phác hoạ; dự thảo (một đạo luật...); ,  (quân sự) bắt quân dịch, thực hiện chế độ quân dịch đối với; lấy ra, rút ra (một phân đội... để làm công tác biệt phái...); vạch cỡ (bờ đá, để xây gờ...)","She took a deep draft from the bottle of water.",""
"24459","knee","knee","A1","noun","ngoại động từ","/ni:/","7","POS_MISMATCH | MANY_SENSES | LONG_MEANING","19","578","đầu gối","đầu gối; chỗ đầu gối quần; khuỷu, khớp xoay; chân quỳ hình thước thợ ((cũng) knee bracket); thanh (sắt, gỗ) uốn gãy góc; quỳ gối trước ai; chịu phục tùng ai, chịu khuất phục trước người nào; bắt ai phải quỳ gối, bắt ai phải đầu hàng; đứng dậy (sau khi quỳ); giúp đỡ ai, phụ tá ai; đỡ (một võ sĩ quyền Anh) cho quỳ xuống giữa hai hiệp đấu; quỳ gối; quỳ gối trước ai, quỵ luỵ ai, van nài ai; quỳ gối, quỵ luỵ, van nài, hạ mình; bỏ; còn chưa rõ, chưa biết, chưa chắc chắn; hích bằng đầu gối, đụng bằng đầu gối; làm chắc (khung...) bằng sắt thước thợ; làm phồng (quần) ở chỗ đầu gối","Penny was wearing a miniskirt, so she skinned her exposed knees when she fell.",""
"24306","file","file","A1","noun","nội động từ","/fail/","7","POS_MISMATCH | MANY_SENSES | LONG_MEANING","23","570","cái giũa","cái giũa; thằng cha láu cá, thằng cha quay quắt; lấy thúng úp voi; lấy gậy chọc trời; giũa; gọt giũa; ô đựng tài liêu, hồ sơ; dây thép móc hồ sơ; hồ sơ, tài liệu; tập báo (xếp theo thứ tự); sắp xếp, sắp đặt (giấy má, thư từ...); đệ trình đưa ra (một văn kiện...), đưa (đơn...); hàng, dãy (người, vật); hàng quân; liên lạc viên; nhóm công tác hai người; rank; cho đi thành hàng; đi thành hàng; to file off; đi vào từng người một, đi vào thành hàng một, nối đuôi nhau đi vào; kéo đi thành hàng nối đuôi nhau; đi ra từng người một, đi ra thành hàng một, nối đuôi nhau đi ra","I'm going to delete these unwanted files to free up some disk space.",""
"24400","high","high","A1","adjective","danh từ","/hai/","7","POS_MISMATCH | MANY_SENSES | LONG_MEANING","32","562","cao","cao; cao giá, đắt; lớn, trọng; tối cao, cao cấp; thượng, trên; cao quý, cao thượng, cao cả; mạnh, dữ dội, mãnh liệt, giận dữ; sang trọng, xa hoa; kiêu kỳ, kiêu căng, hách dịch; vui vẻ phấn khởi; hăng hái; dũng cảm; cực đoan; hơi có mùi (thối), hơi ôi; đúng giữa; đến lúc; (+ on) ngà ngà say; horse; bị mắc cạn (tàu thuỷ); xa rời thực tế, không biết gì đến việc xung quanh (người); rope; Thượng đế; hand; cao, ở mức độ cao; lớn; mạnh mẽ, dữ dội, mãnh liệt; giận dữ; sang trọng, xa hoa; độ cao; điểm cao; quân bài cao nhất (đánh ra hay rút được); nơi cao, trời cao","It was one of the highs of his career.",""
"26004","edge","edge","B1","noun","nội động từ","/edʤ/","7","POS_MISMATCH | MANY_SENSES | LONG_MEANING","27","560","lưỡi","lưỡi, cạnh sắc (dao...); tính sắc; bờ, gờ, cạnh (hố sâu...); rìa, lề (rừng, cuốn sách...); đỉnh, sống (núi...); knife-edge; tình trạng nguy khốn; lúc gay go, lúc lao đao; bực mình; dễ cáu; làm cho ai bực mình; làm cho ai gai người; làm cho ai ghê tởm; làm cho ăn mất ngon; làm cho đỡ đói; làm cho lý lẽ của ai mất sắc cạnh; mài sắc, giũa sắt; viền (áo...); làm bờ cho, làm gờ cho, làm cạnh cho; xen (cái gì, câu...) vào, len (mình...) vào; dịch dần vào; đi né lên, lách lên; từ từ dịch xa ra; đi xa ra; mài mỏng (lưỡi dao...); to edge away; thúc đẩy, thúc giục","I have the edge on him.",""
"24264","end","end","A1","noun","nội động từ","/end/","7","POS_MISMATCH | MANY_SENSES | LONG_MEANING","36","558","giới hạn","giới hạn; đầu, đầu mút (dây...); đuôi; đáy (thùng...) đoạn cuối; mẩu thừa, mẩu còn lại; sự kết thúc; sự kết liễu, sự chết; kết quả; mục đích; wit; hoàn thành; bị kiệt quệ; tether; với một đầu quay vào (ai); deep; cuối cùng về sau; keep; chấm dứt; meet; vô cùng; rất nhiều; tuyệt diệu; liền, liên tục; thẳng đứng; đặt nối đàu vào nhau; chấm dứt, bãi bỏ; lộn ngược lại, trở đầu lại, quay ngược lại; world; kết thúc, chấm dứt; kết liễu, diệt; kết thúc, chấm dứt; đi đến chỗ, đưa đến kết quả là; kết luận, kết thúc; kết thúc bằng; cuối cùng sẽ làm việc gì; smoke","At the end of the road, turn left.",""
"24733","blood","blood","A2","noun","ngoại động từ","/blʌd/","7","POS_MISMATCH | MANY_SENSES | LONG_MEANING","22","555","máu","máu, huyết; nhựa (cây); nước ngọt (hoa quả...); sự tàn sát, sự chém giết, sự đổ máu; tính khí; giống nòi, dòng dõi, họ hàng, gia đình; người lịch sự, người ăn diện ((thường) young blood); chính sách vũ lực tàn bạo; một giọt máu đào hơn ao nước lã; gây sự bất hoà giữa người nọ với người kia; nhận chìm trong máu; freeze; nổi nóng; làm cho ai nổi nóng; chủ tâm có suy tính trước; nhẫn tâm, lạnh lùng, không ghê tay (khi giết người); boit; cold; không thể nào làm mủi lòng kẻ nhẫn tâm được; trích máu; luyện cho (chó săn) thích máu; xúi giục, kích động (ai)","The cultists gathered around a chalice of blood.",""
"24145","case","case","A1","noun","ngoại động từ","/keis/","7","POS_MISMATCH | MANY_SENSES | LONG_MEANING","21","554","trường hợp","trường hợp, cảnh ngộ, hoàn cảnh, tình thế; trường hợp, ca; vụ; việc kiện, việc thưa kiện, kiện, việc tố tụng; cách; trong bất cứ tình huống nào, bất kỳ sự việc xảy ra như thế nào; nếu; trong trường hợp; đối với trường hợp của, về trường hợp của; không phải như thế, không đúng như thế; có chứng cớ là mình đúng; chứng tỏ là mình đúng; bênh vực ai, bào chữa cho ai; cứ cho rằng là, giả dụ; trình bày lý lẽ của mình; hộp, hòm, ngăn, túi, vỏ (đồng hồ); hộp chữ in (có từng ngăn); chữ thường; chữ hoa; bao, bọc; bỏ vào hòm, bỏ vào bao, bỏ vào túi, bỏ vào bọc","For a change, in this case, he was telling the truth.",""
"25105","heat","heat","A2","noun","nội động từ ((thường) + up)","/hi:t/","7","POS_MISMATCH | MANY_SENSES | LONG_MEANING","26","552","hơi nóng","hơi nóng, sức nóng; sự nóng; nhiệt; sự nóng bức, sự nóng nực; trạng thái bừng bừng (của cơ thể); trạng thái viêm tấy; vị cay (ớt...); sự nóng chảy, sự giận dữ; sự nổi nóng, sự nồng nhiệt, sự hăng hái; sự động đực; sự cố gắng một mạch, sự làm một mạch; cuộc đấu, cuộc đua; sự nung; ,  (từ lóng) sự tăng cường thi hành luật pháp; sự tăng cường điều tra; sự thúc ép, sự cưỡng ép; đốt nóng, nung nóng; làm nóng, làm bừng bừng; làm nổi giận; làm nổi nóng; kích thích, kích động; làm sôi nổi lên; nung; nóng lên, trở nên nóng; nổi nóng, nổi giận; sôi nổi lên","This furnace puts out 5000 BTUs of heat. That engine is really throwing off some heat. Removal of heat from the liquid caused it to turn into a solid.",""
"26756","crack","crack","B2","noun","nội động từ","/kræk/","7","POS_MISMATCH | MANY_SENSES | LONG_MEANING","19","549","cừ","cừ, xuất sắc; quất (roi) đét đét; búng (ngón tay) kêu tanh tách, bẻ (đốt ngón tay) kêu răng rắc; làm nứt, làm rạn, làm vỡ, kẹp vỡ; làm rạn một cái tách; làm tổn thương; làm crackinh (dầu hoả...); kêu răng rắc, kêu đen đét, nổ giòn; nứt nẻ, rạn nứt, vỡ, gãy ((nghĩa đen) & (nghĩa bóng)); nói chuyện vui, nói chuyện phiếm; ,  (từ lóng) đàn áp thẳng tay; tán dương, ca ngợi (ai); vỡ nợ, phá sản; kiệt sức; khoe khoang, khoác lác, huênh hoang, nói phách; mở một chai rượu uống hết với ai; đào ngạch vào ăn trộm, nạy cửa vào ăn trộm; nói đùa một câu; nut","A large crack had formed in the roadway.",""
"24312","first","first","A1","adjective","danh từ","/fə:st/","7","POS_MISMATCH | MANY_SENSES | LONG_MEANING","30","549","thứ nhất","thứ nhất; đầu tiên; quan trọng nhất; cơ bản; trực tiếp; từ ban đầu, từ cái nhìn ban đầu; thoạt nhìn ((cũng) at first view); thoạt nhìn; blush; mới đầu; sang số 1; làm việc gì trước tiên; ngã lộn đầu xuống; trước tiên, trước hết; trước; đầu tiên, lần đầu; thà; đầu tiên và trước hết; nói chung; come; trước hết; trước hết; chẳng chóng thì chày; người đầu tiên, người thứ nhất; vật đầu tiên, vật thứ nhất; ngày mùng một; buổi đầu, lúc đầu; hàng loại đặc biệt (bơ, bột); ,  (kỹ thuật) số một (máy nổ...); ngày mồng một tháng chín (mở đầu mùa săn gà gô)","He was the first to complete the course.",""
"24338","full","full","A1","adjective","ngoại động từ","/ful/","7","POS_MISMATCH | MANY_SENSES | LONG_MEANING","25","545","đầy","đầy, đầy đủ, nhiều, tràn trề, tràn ngập, chan chứa; chật, đông, chật ních, hết chỗ ngồi (rạp hát, xe buýt...); no, no nê; hết sức, ở mức độ cao nhất; tròn, đầy đặn, nở nang (đàn bà); giữa, hoàn toàn, trọn vẹn, đầy đủ; lùng nhùng, phồng, xếp nhiều nếp (quần áo...); thịnh soạn; chính thức; thuần (giống...); ruột (anh em...); đậm, thẫm (màu sắc); chói (ánh sáng); sang sảng (tiếng); tự phụ, tự mãn; ngã sóng soài; lúc sôi nổi nhất, lúc hăng say nhất; lúc náo nhiệt nhất; rất; hoàn toàn; đúng, trúng; quá; toàn bộ; điểm cao nhất; chuội và hồ (vải)","The jugs were full to the point of overflowing.",""
"24456","kiss","kiss","A1","noun","ngoại động từ","/kis/","7","POS_MISMATCH | MANY_SENSES | LONG_MEANING","19","545","cái hôn","cái hôn; sự chạm nhẹ (của hai hòn bi-a đang lăn); kẹo bi đường; hôn trộm; của ăn vụng bao giờ cũng ngon; hôn; chạm khẽ, chạm lướt (sóng, gió); chạm nhẹ (những hòn bi đang lăn); hôn để làm cho nín khóc; làm lành hoà giải với nhau; hôn quyển kinh thánh khi làm lễ tuyên thệ; tự hạ mình, khúm núm quỵ luỵ; bị giết; hôn tạm biệt, hôn chia tay; phủ phục, quỳ mọp xuống (để tạ ơn...); bị đánh bại, bị hạ, bị đánh gục; vẫy vẫy gửi với một cái hôn tay với ai; hôn tay (vua... khi nhậm chức hoặc khi yết kiến...); nhẫn nhục chịu đựng trừng phạt nhục hình","His ball kissed the black into the corner pocket.",""
"24305","fight","fight","A1","noun","ngoại động từ","/fait/","7","POS_MISMATCH | MANY_SENSES | LONG_MEANING","19","542","sự đấu tranh","sự đấu tranh, sự chiến đấu; trận đánh, cuộc chiến đấu; sự mâu thuẫn, sự lục đục; khả năng chiến đấu; tính hiếu chiến, máu hăng; kháng cự lại, chống cự lại; đấu tranh, chiến đấu, đánh nhau; đấu tranh, chiến đấu, đánh, tiến hành đấu tranh trong (vụ kiện, vụ tranh chấp...); tranh luận (một vấn đề gì); điều kiện (quân, tàu) trong trận đánh; cho (gà...) chọi nhau; cho (võ sĩ...) giao đấu; đánh bại, đè bẹp; đấu tranh đến cùng; làm cho ra lý lẽ; đánh lui; đấu tranh để giải quyết một vấn đề gì; tránh xa ai; đấu tranh để vươn lên trong cuộc sống","A wounded animal will fight like a maniac, relentless, savage and murderous.",""
"24215","dark","dark","A1","adjective","danh từ","/dɑ:k/","7","POS_MISMATCH | MANY_SENSES | LONG_MEANING","22","541","tối","tối, tối tăm, tối mò; mù mịt, u ám; ngăm ngăm đen, đen huyền; thẫm sẫm (màu); mờ mịt, mơ hồ, không rõ ràng, không minh bạch; tối tăm, dốt nát, ngu dốt; bí mật, kín đáo, không ai hay biết gì, không cho ai biết điều gì; buồn rầu, chán nản, bi quan; đen tối, ám muội; ghê tởm, nham hiểm, cay độc; thời kỳ Trung cổ; đêm trường Trung cổ; Châu phi; horse; bóng tối, chỗ tối; lúc đêm tối, lúc trời tối; chỗ tối; màu tối (trên một bức hoạ); sự tối tăm, sự ngu dốt; sự không biết gì; lúc trăng non; làm một việc mạo hiểm liều lĩnh, nhắm mắt nhảy liều","The room was too dark for reading.",""
"25943","discount","discount","B1","noun","ngoại động từ","/'diskaunt/","7","POS_MISMATCH | MANY_SENSES | LONG_MEANING","13","541","sự bớt","sự bớt, sự giảm, sự trừ (do trả tiền ngay hoặc trả tiền mặt); tiền bớt, tiền trừ, tiền chiết khấu; sự trừ hao (về mức độ xác thực của một câu chuyện, một bản tin...); hạ giá, giảm giá; không được chuộng; giảm giá, bớt giá, chiết khấu (do trả tiền ngay hoặc trả tiền mặt); bản hạ giá; dạm bán hạ giá; trừ hao (về mức độ xác thực của một câu chuyện, một bản tin...); không kể đến, không đếm xỉa đến, không để ý đến; coi nhẹ, đánh giá thấp tầm quan trọng của; sớm làm mất tác dụng (một tin tức...); trường hợp không may đó đã được dự tính trước","This store offers discounts on all its wares. That store specializes in discount wares, too.",""
"24146","cat","cat","A1","noun","nội động từ","/kæt/","7","POS_MISMATCH | MANY_SENSES | LONG_MEANING","22","540","con mèo","con mèo; thú thuộc giống mèo (sư tử, hổ, báo...); mụ đàn bà nanh ác; đứa bé hay cào cấu; đòn kéo neo ((cũng) cat head); roi chín dài (để tra tấn) ((cũng) cat o-nine-tails); con khăng (để chơi đanh khăng); tắt đèn nhà ngói cũng như nhà tranh; kẻ trở mặt, kẻ phản bội; điều bí mật đã bị tiết lộ rồi; ,  (từ lóng) tư bản kếch xù, tài phiệt; giết hại lẫn nhau; let; rain; đợi gió xoay chiều, đợi gió chiều nào thì theo chiều ấy; room; trở mặt; thay đổi ý kiến (lúc lâm nguy); phản hồi; kéo (neo) lên đòn kéo neo; đánh bằng roi chín dài; nôn mửa","The weather was cat, so they returned home early.",""
"24454","kill","kill","A1","verb","danh từ","/kil/","7","POS_MISMATCH | MANY_SENSES | LONG_MEANING","21","533","giết","giết, giết chết, làm chết, diệt ((nghĩa đen) & (nghĩa bóng)); ngả, giết làm thịt (một con bò...); tắt (máy...); làm át, làm lấp (tiếng...); làm tiêu tan, làm hết (hy vọng...); làm khỏi, trừ diệt (bệnh, đau...); làm thất bại, làm hỏng; bác bỏ; làm phục lăn, làm choáng người, làm thích mê, làm cười vỡ bụng; gây tai hại, làm chết dở; bạt một cú quyết định (quần vợt); chận đứng (bóng đá); ăn mòn; giết, giết chết; giết thịt được; giết sạch, tiêu diệt; giết dần, giết mòn; bird; cười vỡ bụng; sự giết; thú giết được (trong cuộc đi săn)","The assassin liked to make a clean kill, and thus favored small arms over explosives.",""
"24298","feed","feed","A1","noun","nội động từ","/fi:d/","7","POS_MISMATCH | MANY_SENSES | LONG_MEANING","20","528","sự ăn","sự ăn, sự cho ăn; cỏ, đồng cỏ; suất lúa mạch, suất cỏ khô (cho ngựa); bữa ăn, bữa chén; chất liệu, sự cung cấp, chất liệu (cho máy móc); đạn (ở trong súng), băng đạn; cho ăn (người, súc vật); cho (trâu, bò...) đi ăn cỏ; nuôi nấng, nuôi cho lớn; nuôi (hy vọng); làm tăng (cơn giận...); dùng (ruộng) làm đồng cỏ; cung cấp (chất liệu cho máy...); ,  (từ lóng) nhắc bằng vĩ bạch (giữa hai diễn viên); chuyền (bóng, cho đồng đội sút làm bàn); ăn, ăn cơm; ăn cỏ (súc vật); dựa vào sự giúp đỡ của ai; sống bằng thức ăn gì; đã chán ngấy","They sell feed, riding helmets, and everything else for horses.",""
"25048","frame","frame","A2","noun","nội động từ","/freim/","7","POS_MISMATCH | MANY_SENSES | LONG_MEANING","20","526","cấu trúc","cấu trúc, cơ cấu; hệ thống, thứ tự; trạng thái; khung (ảnh, cửa, xe...), sườn (tàu, nhà...); thân hình, tầm vóc; ảnh (trong một loại ảnh truyền hình); lồng kính (che cây cho ấm); khung rửa quặng; khung; dàn xếp, bố trí, bố cục, dựng lên; điều chỉnh, làm cho hợp; lắp, chắp; hư cấu (một truyện), tưởng tượng, nghĩ ra; trình bày (một lý thuyết); phát âm (từng từ một); đặt vào khung; lên khung, dựng khung; đầy triển vọng ((thường) to frame well); ,  (từ lóng) mưu hại (ai); bịa, làm giả, gian lận (kết quả một cuộc tuyển cử...)","Now that the frame is complete, we can start on the walls.",""
"24419","hurry","hurry","A1","noun","nội động từ","/'hʌri/","7","POS_MISMATCH | MANY_SENSES | LONG_MEANING","15","525","sự vội vàng","sự vội vàng, sự hấp tấp, sự hối hả, sự gấp rút; sự sốt ruột (muốn làm vội việc gì, mong có cái gì ngay...); vội vàng, hối hả, gấp rút; sốt ruột; dễ dàng; vui lòng, sãn lòng; thúc giục, giục làm gấp; bắt làm gấp; làm gấp, làm mau, làm vội vàng, xúc tiến nhanh (một công việc gì...); + away,  along,  out,  into...) mang gấp đi, kéo vội đi, đưa vội đi, đẩy vội; hành động vội vàng, hành động hấp tấp, làm gấp; đi gấp, đi vội vàng; đi vội vàng, hấp tấp ra đi; làm vội làm vàng cho xong việc (việc gì); làm gấp, tiến hành gấp rút","Why are you in such a big hurry?",""
"25608","boom","boom","B1","noun","nội động từ","/bu:m/","7","POS_MISMATCH | MANY_SENSES | LONG_MEANING","19","523","sào căng buồm","sào căng buồm; hàng rào gỗ nổi (chắn cửa sông, cửa cảng); cần (máy trục); xà dọc (cánh máy bay); tiếng nổ đùng đùng (súng); tiếng gầm (sóng); tiếng oang oang; tiếng kêu vo vo; nổ đùng đùng (súng); nói oang oang; kêu vo vo, kêu vo ve (sâu bọ); sự tăng vọt (giá cả); sự phất trong (buôn bán...); sự nổi tiếng thình lình (nhờ quảng cáo rùm beng); thành phố phát triển nhanh; quảng cáo rùm beng (cho một mặt hàng gì mới...); tăng vọt (giá cả); phất (công việc buôn bán...); thình lình trở nên nổi tiếng (nhờ quảng cáo rùm beng)","The boom of the surf.",""
"24182","cold","cold","A1","adjective","danh từ","/kould/","7","POS_MISMATCH | MANY_SENSES | LONG_MEANING","19","522","lạnh","lạnh, lạnh lẽo, nguội; phớt lạnh, lạnh lùng, lạnh nhạt, hờ hững, không nhiệt tình; làm chán nản, làm thất vọng, nhạt nhẽo, không có gì thú vị; yếu, khó ngửi thấy (màu, hơi con thú đang bị săn đuổi); mát (màu sắc); blood; đối xử lạnh nhạt với ai, hờ hững với ai; nắm trong tay số phận của ai; bắt ai thế nào cũng phải chịu; làm cho ai sợ khiếp; water; sự lạnh nhạt, sự lạnh lẽo; sự cảm lạnh; nhức đầu sổ mũi; cảm ho; bị bỏ rơi không có ai chăm sóc đến; bị xa lánh; bị đối xử nhạt nhẽo thờ ơ; sống một mình, cô độc hiu quạnh","A cold wind whistled through the trees.",""
"25065","gas","gas","A2","noun","nội động từ","/gæs/","7","POS_MISMATCH | MANY_SENSES | LONG_MEANING","18","522","khí","khí; khí thắp, hơi đốt; khí tê (dùng khi chữa răng) ((cũng) laughing gas); hơi độc, hơi ngạt; khí nổ (mỏ, than); ,  (thông tục) dầu xăng; chuyện rỗng tuếch không đâu vào đâu, chuyện tầm phào; chuyện huyên hoang khoác lác; step; cung cấp khí thấp, cung cấp hơi đốt (cho một căn buồng); hơ (chỉ, sợi...) qua đèn khí (cho hết lông tơ); thắp sáng bằng đén khí; thả hơi độc, thả hơi ngạt, làm ngạt bằng hơi độc; lừa bịp (ai) bằng những lời huênh hoang khoác lác; xì hơi; nói dông dài; nói chuyện tầm phào; huyên hoang khoác lác","A lot of gas had escaped from the cylinder.",""
"25329","part","part","A2","noun","phó từ","/pɑ:t/","7","POS_MISMATCH | MANY_SENSES | LONG_MEANING","29","521","phần","phần, bộ phận, tập (sách); bộ phận cơ thể; phần việc, nhiệm vụ; vai, vai trò; lời nói của một vai kịch; bản chép lời của một vai kịch; nơi, vùng; phía, bè; bè; tài năng; về phần tôi; phần lớn, phần nhiều; một phần, phần nào; về phía; parcel; loại từ; không chấp nhất điều gì; không phật ý về việc gì; tham gia vào; chia thành từng phần, chia làm đôi; rẽ ra, tách ra, tách làm đôi; phân phối, chia phần (cái gì); rẽ ra, tách ra, đứt; chia tay, từ biệt, ra đi; chết; bỏ, lìa bỏ; brass; cắt đắt quan hệ bầu bạn với; một phần","to do one’s part",""
"25384","pour","pour","A2","verb","danh từ","/pɔ:/","7","POS_MISMATCH | MANY_SENSES | LONG_MEANING","16","521","rót","rót, đổ, giội, trút; thổ lộ, bộc lộ, trút ra; đổ, chảy tràn; + down) mưa như trút; đổ ra, rót ra, làm chảy tràn ra; chảy tràn ra (nước...); tuôn ra, phun ra (những lời chửi rủa...), trút ra (cơn giận...); toả ra, làm lan ra (hương thơm...); bắn (đạn) như mưa; đổ ra, lũ lượt (đám đông...); đổ vào, trào vào, đổ dồn về, trào về; lũ lượt đổ về (đám đông); lấy lời lẽ nhẹ nhàng mà khuyên nhủ cho an tâm (mà làm nguôi cơn giận...); phúc bất trùng lai hoạ vô đơn chí; trận mưa như trút; mẻ chảy (mẻ gang, thép... chảy ở lò ra)","The bartender's inexpert pour left me with a pint of beer that was half foam.",""
"26511","bolt","bolt","B2","noun","phó từ","/boult/","7","POS_MISMATCH | MANY_SENSES | LONG_MEANING","30","518","cái sàng","cái sàng, máy sàng; cái rây; sàng; rây; điều tra; xem xét; mũi tên; cái then, cái chốt cửa; bó (mây, song); súc (giấy, vải...); chớp; tiếng sét; bu-lông; sự chạy trốn; sự chạy lao đi; việc xảy ra bất thình lình; tiếng sét ngang tai; vị trí chốt; chạy trốn; cố gắng hết sức; đóng cửa bằng then, cài chốt; ngốn, nuốt chửng, ăn vội; chạy trốn; chạy lao đi; lồng lên (ngựa); ,  (chính trị) ly khai (đảng); không ủng hộ đường lối của đảng; đóng chốt cửa nhốt ai; đóng chốt cửa không cho ai vào; rất thẳng, thẳng như mũi rên","The problem's solution struck him like a bolt from the blue.",""
"24127","buy","buy","A1","verb","danh từ","/bai/","7","POS_MISMATCH | MANY_SENSES | LONG_MEANING","18","515","mua","mua; trã bằng giá; đạt được, được (cái gì bằng một sự hy sinh nào đó); mua chuộc, đút lót, hối lộ (ai); mua lại (cái gì mình đã bán đi); mua trữ; mua lại đồ của mình với giá cao nhất (trong cuộc bán đấu giá); mua chức tước; xuỳ tiền ra để được gia nhập (một tổ chức...); mua cổ phần (của công ty...); đấm mồm, đút lót; trả tiền (cho ai) để người ta bỏ chức vị hay tài sản; mua chuộc, đút lót; mua sạch, mua nhẫn, mua toàn bộ; pig; tớ xin chịu, tớ không biết (để trả lời một câu đố, hay một câu hỏi); sự mua; vật mua","At only $30, the second-hand kitchen table was a great buy.",""
"24890","deal","deal","A2","noun","nội động từ","/di:l/","7","POS_MISMATCH | MANY_SENSES | LONG_MEANING","22","507","gỗ tùng","gỗ tùng, gỗ thông; tấm ván cây; số lượng; sự chia bài, lượt chia bài, ván bài; sự giao dịch, sự thoả thuận mua bán; sự thông đồng ám muội; việc làm bất lương; cách đối xử; sự đối đãi; chính sách kinh tế xã hội mới (của Ru-dơ-ven năm 1932); + out) phân phát, phân phối; chia (bài); ban cho; giáng cho, nện cho (một cú đòn...); giáng cho ai một đòn; giao du với, có quan hệ với, giao thiệp với, chơi bời đi lại với; giao dịch buôn bán với; buôn bán; chia bài; giải quyết; đối phó; đối xử, đối đãi, ăn ở, cư xử","We gave three deals of grain in tribute to the king.",""
"24842","contact","contact","A2","noun","ngoại động từ","/kɔntækt/","7","POS_MISMATCH | MANY_SENSES | LONG_MEANING","15","505","sự chạm","sự chạm, sự tiếp xúc; tiếp điểm; sự cho tiếp xúc; chỗ tiếp xúc (hai dòng điện); cái ngắt điện, cái công tắc ((cũng) contact piece); sự tiếp xúc, sự giao thiệp, sự gặp gỡ, sự giao dịch, sự đi lại, sự lui tới; (từ Mỹ,nghĩa Mỹ) cơ hội gặp gỡ, cơ hội làm quen; người đầu mối liên lạc; người có thể truyền bệnh (vì đã tiếp xúc với người bệnh); tiếp xúc với, giao thiệp với; không có quan hệ gì, không gần gũi, không tiếp xúc; mất bóng (ai); đứt liên lạc với (ai); không gặp (ai); cho tiếp với, cho tiếp xúc với","I haven't been in contact with her for years.",""
"24091","board","board","A1","noun","động từ","/bɔ:d/","7","POS_MISMATCH | MANY_SENSES | LONG_MEANING","23","501","tấm ván","tấm ván; bảng; giấy bồi, bìa cứng; cơm tháng, cơm trọ; tiền cơm tháng; bàn ăn; bàn; ban, uỷ ban, bộ; boong tàu, mạn thuyền; sân khấu; đường chạy vát; lót ván, lát ván; đóng bìa cứng (sách); ăn cơm tháng, ăn cơm trọ; cho ăn cơm trọ, nấu cơm tháng cho; lên tàu, đáp tàu; xông vào tấn công (tàu địch); nhảy sang tàu (để tấn công, để khám xét...); chạy vát; khám sức khoẻ (trước hội đồng y khoa); ăn cơm tháng (ở nhà khác nhà mình ở); cho ra khỏi quân đội (vì thiếu sức khoẻ); bít kín (cửa sổ...) bằng ván","Each player starts the game with four counters on the board.",""
"24569","nurse","nurse","A1","noun","ngoại động từ","/nə:s/","7","POS_MISMATCH | MANY_SENSES | LONG_MEANING","19","500","cá nhám","cá nhám; vú em, người bảo mẫu, người giữ trẻ; sự nuôi, sự cho bú, sự trông nom; sự được nuôi, sự được cho bú; nơi nuôi dưỡng, xứ sở, vườn ương ((nghĩa bóng)), cái nôi ((nghĩa bóng)); y tá, nữ y tá; cây che bóng; ong thợ; kiến thợ; cho bú, nuôi, trông nom (trẻ nhỏ); bồng, ãm; nựng; săn sóc (người bệnh); chữa (bệnh); chăm chút (cây con, mảnh vườn...); nâng niu (một việc gì...)); nuôi, nuôi dưỡng, ấp ủ (hy vọng, hận thù; phong trào văn nghệ...); ngồi ôm lấy, ngồi thu mình bên (lồng ấp, đống lửa...)","They hired a nurse to care for their young boy.",""
"24179","coat","coat","A1","noun","ngoại động từ,  (thường) động tính từ quá khứ","/kout/","7","POS_MISMATCH | MANY_SENSES | LONG_MEANING","20","497","áo choàng ngoài","áo choàng ngoài, áo bành tô (đàn ông); áo choàng (phụ nữ); (từ cổ,nghĩa cổ) váy; bộ lông (thú); lớp, lượt (sơn, vôi...); (vỏ, củ hành, củ tỏi); màng; túi (buồm); huy hiệu (của quý tộc, của trường đại học hay học viện); áo giáp; quần áo nữ; đánh cho ai một trận, sửa cho ai một trận; vén váy; đừng lấy bề ngoài mà xét người; mặc áo cà sa không hẳn là sư; cởi áo sẵn sàng đánh nhau; hăm hở bắt tay vào việc, sẵn sàng bắt tay vào việc; trở mặt, phản đảng, đào ngũ; mặc áo choàng; phủ, tẩm, bọc, tráng","When the dog shed its coat, it left hair all over the furniture and the carpet.",""
"25609","boot","boot","B1","noun","ngoại động từ","/bu:t/","7","POS_MISMATCH | MANY_SENSES | LONG_MEANING","20","496","to boot thêm vào đó","to boot thêm vào đó, nữa; giày ống; ngăn để hành lý (đằng sau xe ô tô, xe ngựa); giày tra tấn (dụng cụ tra tấn hình giày ống); đánh ai nhừ tử; đánh ai thâm tím mình mẩy; die; bị đuổi, bị tống cổ ra, bị đá đít; đá đít ai, đuổi ai, tống cổ ai; heart; liếm gót ai, bợ đỡ ai; rán hết sức, ; dữ dội, mạnh mẽ, mãnh liệt; đã trót thì phải trét; sự thật lại là ngược lại; trách nhiệm thuộc về phía bên kia; đi giày ống cho; đá (ai); tra tấn (bằng giày tra tấn); đuổi ra, tống cổ ra, đá đít ((nghĩa bóng))","I booted the ball toward my teammate.",""
"25029","flight","flight","A2","noun","nội động từ","/flight/","7","POS_MISMATCH | MANY_SENSES | LONG_MEANING","20","496","sự bỏ chạy","sự bỏ chạy, sự rút chạy; sự bay; chuyến bay; sự truy đuổi, sự đuổi bắt; đàn (chim... bay); đường đạn; sự bay vụt (đạn); tầm bay (chim, đạn); sự trôi nhanh (thời gian); sự bay bổng, sự phiêu diêu (trí tưởng tượng); tầng, đợt (cầu thang); loạt (tên, đạn...); trấu (yến mạch); phi đội (của không quân Anh); cuộc thi bắn cung tầm xa; tên dùng trong cuộc thi bắn cung tầm xa ((cũng) flight arrow); dẫn đầu, đi đầu; bắn (chim) khi đang bay; thay đổi hướng đi (của quả bóng crickê); bay thành đàn (chim)","Most birds are capable of flight.",""
"25563","balance","balance","B1","noun","nội động từ","/'bæləns/","7","POS_MISMATCH | MANY_SENSES | LONG_MEANING","25","495","cái cân","cái cân; sự thăng bằng sự cân bằng; cán cân; sự cân nhắc kỹ; sự thăng trầm của số mệnh; (thiên văn học) cung thiên bình, toà thiên bình; đối trọng; quả lắc (đồng hồ); bản đối chiếu thu chi, bản quyết toán; sai ngạch; số còn lại, số dư; sự cân xứng; do dự, lưỡng lự; ở vào tình trạng (nguy ngập); anh ta ở vào thế có lợi; cầm cân nảy mực; turn; làm cho thăng bằng; làm cho cân bằng; làm cho cân xứng; cân nhắc (một vấn đề, một giải pháp); quyết toán; do dự, lưỡng lự; cân nhau, cân xứng; cân bằng","Blair thought he could provide a useful balance to Bush's policies.",""
"24175","cloud","cloud","A1","noun","nội động từ (up,  over)","/klaud/","7","POS_MISMATCH | MANY_SENSES | LONG_MEANING","20","495","mây","mây, đám mây; đám (khói, bụi); đàn, đoàn, bầy (ruồi, muỗi đang bay, ngựa đang phi...); bóng mây, bóng đen; sự buồn rầu; điều bất hạnh; vết vẩn đục (trong hòn ngọc...); trời, bầu trời; lâm vào hoàn cảnh đáng buồn, bị thất thế; bị tu tội; vẻ buồn hiện lên nét mặt; rơi từ trên máy bay xuống; silver; lúc nào cũng mơ tưởng viển vông; sống ở trên mây; mây che, che phủ; làm tối sầm; làm phiền muộn, làm buồn; làm vẩn đục ((nghĩa đen) & (nghĩa bóng)); bị mây che, sầm lại ((nghĩa đen) & (nghĩa bóng))","He opened the door and was greeted by a cloud of bats.",""
"24361","grass","grass","A1","noun","ngoại động từ","/grɑ:s/","7","POS_MISMATCH | MANY_SENSES | LONG_MEANING","26","493","cỏ","cỏ; bâi cỏ, đồng cỏ; bãi cỏ, thảm cỏ (ở công viên); cây thân cỏ; mặt đất; măng tây; mùa xuân; đang gặm cỏ; đang nghỉ ngơi; không có việc; phỗng tay trên ai, nâng tay trên ai; ra đồng ăn cỏ (súc vật); ngã sóng soài (người); chết; chết quách đi cho rồi; rất thính tai; không để mất thì giờ (khi làm một việc gì); cho (súc vật) ra đồng ăn cỏ; đánh ngã sóng soài; để cỏ mọc; trồng cỏ; đánh ngã sóng soài; bắn rơi (chim); kéo (cá) về đất liền; đưa (quặng) lên mặt đất; căng (vải...) trên cỏ để phơi","What just happened must remain secret. Don't be a 'grass.",""
"25394","pride","pride","A2","noun","phó từ (+ on,  upon)","/praid/","7","POS_MISMATCH | MANY_SENSES | LONG_MEANING","16","493","sự kiêu hãnh","sự kiêu hãnh, sự hãnh diện; niềm kiêu hãnh, niềm hãnh diện, tính tự cao, tính tự phụ, tính kiêu căng; lòng tự trọng ((cũng) proper pride); lòng tự hào về công việc của mình; độ đẹp nhất, độ rực rỡ nhất, độ chín muồi, độ phát triển nhất; tính hăng (ngựa); sự tráng lệ, sự huy hoàng, sự lộng lẫy; đàn, bầy; sương lúc mặt trời mọc; địa vị cao quý; sự tự phụ về địa vị cao quý của mình; sự ngạo mạn; fall; nén tự ái, đẹp lòng tự ái; lấy làm kiêu hãnh (về cái gì...); lấy làm tự hào (về việc gì...)","He had pride of ownership in his department.",""
"25211","load","load","A2","noun","nội động từ","/loud/","7","POS_MISMATCH | MANY_SENSES | LONG_MEANING","20","491","vậy nặng","vậy nặng, gánh nặng; vật gánh, vật chở, vật đội (trên lưng súc vật, trên xe, tàu...); trách nhiệm nặng nề; điều lo lắng, nỗi buồn phiền; sự tải; tải; trọng tải (của một con tàu...); thuốc nạp, đạn nạp (vào súng); nhiều, hàng đống; ,  (từ lóng) nghe; nhìn, trông; ,  (từ lóng) say rượu; chất, chở; nhét, nhồi, tống vào, nạp đạn) súng); lắp phim (máy ảnh); chồng chất; bắt phải chịu, bắt phải gánh vác, bắt phải đảm nhận...; đổ chì vào, làm cho nặng thêm; bốc hàng, bốc vác, khuân vác; nạp đạn","I struggled up the hill with the heavy load in my rucksack.",""
"26861","dim","dim","B2","adjective","nội động từ","/dim/","7","POS_MISMATCH | MANY_SENSES | LONG_MEANING","17","483","mờ","mờ, lờ mờ, tối mờ mờ, không rõ ràng; nhìn không rõ; nghe không rõ; đục (tiếng); không rõ rệt, mập mờ, lờ mờ; xỉn, không tươi, không sáng (màu sắc, kim loại...); bi quan về cái gì; làm mờ, làm tối mờ mờ; làm nghe không rõ, làm đục (tiếng); làm lu mờ (danh tiếng của ai...); làm thành mập mờ, làm cho không rõ rệt, làm thành mơ hồ; làm xỉn (màu sắc, kim loại...); mờ đi, tối mờ đi; đục đi (tiếng); lu mờ đi (danh tiếng); hoá thành mập mờ, hoá thành mơ hồ; xỉn đi (màu sắc, kim loại...)","He dimmed the lights and put on soft music.",""
"24087","black","black","A1","adjective","ngoại động từ","/blæk/","7","POS_MISMATCH | MANY_SENSES | LONG_MEANING","27","479","đen","đen; mặc quần áo đen; da đen; tối; tối tăm; dơ bẩn, bẩn thỉu; đen tối, ảm đạm, buồn rầu, vô hy vọng; xấu xa, độc ác; kinh tởm, ghê tởm; beat; lườm nguýt người nào; nó cũng không đến nỗi xấu (tồi tệ) như người ta nói đâu; màu đen; sơn đen; quần áo đen, áo tang; người da đen; bụi bẩn, mồ hóng; làm đen, bôi đen; đánh xi đen (giày); bôi đen để xoá đi; tắt đèn; che kín ánh đèn, tắt đèn phòng không; thoáng ngất đi; thoáng mất trí nhớ; thoáng hoa mắt; che giấu đi, ỉm đi; kiểm duyệt","At this point black makes a disastrous move.",""
"24204","cousin","cousin","A1","noun","danh từ","/'kʌzn/","7","MANY_SENSES | LONG_MEANING | NOISY_PRIMARY_MEANING | MISSING_EXAMPLE","15","478","anh (em họ)","anh (em họ); anh con bác, em con chú; anh (em) con cô con cậu; anh (em) con dì; anh cháu bác, em cháu chú; các hạ (tiếng vua xưng hô với nhau); anh (chị) con bác, em con chú; anh (em) con cô con cậu ruột; cháu gọi bằng bác (chú, cô, dì); cháu gọi bằng ông bác (bà bác, ông chú, bà cô, bà dì); anh (chị) con bác, em con chú họ; anh (chị, em) con cô con cậu họ; cháu gọi bằng bác (chú, côm dì) họ; cháu gọi bằng ông bác (bà bác, ông chú, bà cô, bà dì) họ; tự nhiên là có họ với ai","",""
"25364","plate","plate","A2","noun","ngoại động từ","/pleit/","7","POS_MISMATCH | MANY_SENSES | LONG_MEANING","21","478","bản","bản, tấm phiếu, lá (kim loại); biển, bảng (bằng đồng...); bản khắc kẽm; tranh khắc kẽm, bản đồ khắc kẽm; khuôn in (bằng chì...); tấm kính ảnh, tấm kẽm chụp ảnh (thay cho phim); đòn ngang; thanh ngang; đĩa (để đựng thức ăn); đĩa thức ăn; bát đĩa bằng vàng bạc; đĩa thu tiền quyên (ở nhà thờ); cúp vàng, cúp bạc; cuộc đua tranh cúp vàng; cuộc đua ngựa tranh cúp vàng); lợi giả (để cắm răng giả); đường ray ((cũng) plate rail); bát chữ; bọc sắt, bọc kim loại; mạ; sắp chữ thành bát","I filled my plate from the bountiful table.",""
"24088","blank","blank","A1","adjective","ngoại động từ","/blæɳk/","7","POS_MISMATCH | MANY_SENSES | LONG_MEANING","18","476","để trống","để trống, để trắng (tờ giấy...); trống rỗng; ngây ra, không có thần (cái nhìn...); không nạp chì (đạn); giả; bối rối, lúng túng; hoàn toàn tuyệt đối; không vần (thơ); chỗ để trống, khoảng trống, gạch để trống; sự trống rỗng; nỗi trống trải; đạn không nạp chì ((cũng) blank cartridge); vé xổ số không trúng; phôi tiền (mảnh kim loại để rập thành đồng tiền); mẫu in có chừa chỗ trống; điểm giữa bia tập bắn; đích; ,  (thể dục,thể thao) thắng tuyệt đối, thắng hoàn toàn (đội bạn)","the double blank",""
"24987","exercise","exercise","A2","noun","nội động từ","/'eksəsaiz/","7","POS_MISMATCH | MANY_SENSES | LONG_MEANING","20","474","sự thi hành","sự thi hành, sự thực hiện; sự sử dụng (quyền, nghề nghiệp, chức năng...); thể dục, sự rèn luyện thân thể; sự rèn luyện trí óc; bài tập; bài thi diễn thuyết; sự tập luyện; sự tập trận sự diễn tập; thể thao quốc phòng; sự thờ cúng, sự lễ bái; (số nhiều) lễ (ở trường học...); làm, thi hành, thực hiện (nhiệm vụ, chức vụ...); hành (nghề...); sử dụng; tập luyện, rèn luyện; thử thách; dạng bị động quấy rầy, làm phiền khổ; làm băn khoăn, làm lo âu; tập luyện; rèn luyện thân thể","The teacher told us that the next exercise is to write an essay.",""
"26132","finger","finger","B1","noun","ngoại động từ","/'fiɳgə/","7","POS_MISMATCH | MANY_SENSES | LONG_MEANING","20","471","ngón tay","ngón tay; ngón tay bao găng; vật hình ngón tay (trong máy...); burn to cross one's fingers; cross to have a finger in the pie; pie to lay a finger on; sờ nhẹ, đụng tới; buông lỏng cái gì; nhích ngón tay (là được); vờ không trông thấy; tôi sốt ruột, tôi nóng lòng (muốn làm cái gì); thumbs; vạch đúng (những cái gì sai trái); mơn trớn ai; dễ dàng, thoải mái; sờ mó; ăn tiền, ăn hối lộ; đánh (đàn); búng (dây đàn bằng ngón tay); ghi cách sử dụng các ngón tay (vào bản nhạc)","Humans have two hands and ten fingers. Each hand has one thumb and four fingers.",""
"25983","dump","dump","B1","noun","nội động từ","/'dʌmi/","7","POS_MISMATCH | MANY_SENSES | LONG_MEANING","19","469","vật ngắn bè bè","vật ngắn bè bè, người lùn bè bè; thẻ chì (dùng trong một số trò chơi); đông đum (tiền Uc xưa); (từ lóng) đồng xu; bu lông (đóng tàu); ky (chơi ky); kẹo đum; đống rác, nơi đổ rác; nơi rác rưởi bừa bãi; tiếng rơi bịch, tiếng đổ ầm, tiếng ném phịch xuống; cú đấm bịch; kho đạn tạm thời; đổ thành đống (rác); vứt bỏ, gạt bỏ (ai...); đổ ầm xuống, ném phịch xuống; ,  (từ lóng) đánh gục, đánh ngã; đưa (dân đi trú thừa) ra nước ngoài; đổ rác; ngã phịch xuống, rơi phịch xuống","A toxic waste dump.",""
"24336","front","front","A1","adjective","nội động từ ((thường) + to,  towards,  on,  upon)","/frʌnt/","7","POS_MISMATCH | MANY_SENSES | LONG_MEANING","22","469","cái trán","cái trán; cái mặt; đằng trước, phía trước; mặt trước (nhà...); (thông tục) bình phong ((nghĩa bóng)); vạt ngực (hồ cứng, ở sơ mi đàn ông); ; (chính trị) mặt trận; sự trơ tráo, sự trơ trẽn; đường đi chơi dọc bờ biển (ở nơi nghỉ mát); mớ tóc giả; Frông; nổi bật; đằng trước, về phía trước, ở phía trước; front vowel nguyên âm lưỡi trước; về phía trước, thẳng; xây mặt trước (bằng đá...); quay mặt về phía; đối diện với; đương đầu, chống cự; quay mặt về phía; đối diện với","Officially it's a dry-cleaning shop, but everyone knows it's a front for the mafia.",""
"25852","damp","damp","B1","adjective","nội động từ","/'dæmp/","7","POS_MISMATCH | MANY_SENSES | LONG_MEANING","18","466","sự ẩm ướt","sự ẩm ướt; không khí ẩm thấp; khi mỏ; sự nản chí, sự ngã lòng, sự nản lòng, sự chán nản; rượu, đồ uống có chất rượu; sự uống rượu; ẩm, ẩm thấp, ẩm ướt; làm ẩm, thấm ướt; rấm (lửa); làm nghẹt (tiếng); (âm nhạc) làm cho bớt ngân, làm cho bớt rung (dây đàn); làm nản chí, làm nản lòng, làm chán nản, làm chán nản; làm mất vui, làm cụt hứng; hãm lại, cản lại; làm giảm chấn động, làm giảm xóc, chống rung; to damp off thối rụng; chết vì bị úng nước (cây cối...); tắt đèn","to damp cloth",""
"24116","brush","brush","A1","noun","nội động từ","/brʌʃ/","7","POS_MISMATCH | MANY_SENSES | LONG_MEANING","22","463","bàn chải","bàn chải; sự chải; bút lông (vẽ); đuôi chồn; bụi cây; cành cây bó thành bó; cuộc chạm trán chớp nhoáng; cái chổi; chải, quét; vẽ lên (giấy, lụa...); chạm qua, lướt qua (vật gì); chạm nhẹ phải, lướt phải; bỏ qua, phớt qua (một vấn đề gì); phủi đi, phẩy đi, chải đi; (như) to brush aside; gạt bỏ, khử bỏ, phủi sạch đi; chạy trốn thật nhanh; chải, phủi (bụi) bằng bàn chải; quét (vôi, sơn...) lên; chạm nhẹ phải, lướt phải; đánh bóng (bằng bàn chải); ôn lại, xem lại","She gave her hair a quick brush.",""
"24364","green","green","A1","adjective","ngoại động từ làm cho xanh; nhuộm lục","/gri:n/","7","POS_MISMATCH | MANY_SENSES | LONG_MEANING","22","462","xanh lá cây","xanh lá cây, (màu) lục; xanh; tươi; đầy sức sống; thanh xuân; chưa có kinh nghiệm, mới vào nghề; thơ ngây, cả tin; tái xanh, tái ngắt (nước da); ghen, ghen tức, ghen tị; còn mới, chưa lành, chưa liền (vết thương); màu xanh lá cây, màu xanh lục; quần áo màu lục; phẩm lục (để nhuộm); cây cỏ; bãi cỏ xanh, thảm cỏ xanh; rau; tuổi xanh, tuổi thanh xuân; sức sống, sức cường tráng; vẻ cả tin; vẻ ngây thơ non nớt; trở nên xanh lá cây, hoá thành màu lục; bịp, lừa bịp","The former flag of Libya is fully green.",""
"24912","direct","direct","A2","adjective","phó từ","/di'rekt/","7","POS_MISMATCH | MANY_SENSES | LONG_MEANING","20","456","gửi","gửi, viết để gửi cho (ai), viết cho (ai); nói với (ai), nói để nhắn (ai); hướng nhắm (về phía...); chỉ đường; hướng dẫn, chỉ đạo, chi phối; điều khiển, chỉ huy, cai quản; ra lệnh, chỉ thị, bảo; ra lệnh; thẳng, ngay, lập tức; thẳng, trực tiếp, đích thân; ngay thẳng, thẳng thắn; rõ ràng, không quanh co úp mở, minh bạch, rạch ròi; hoàn toàn, tuyệt đối; đi từ tây sang đông, thuận hành; không đảo; trực tiếp; một chiều; thẳng, ngay; lập tức; thẳng, trực tiếp","to direct the affairs of a nation or the movements of an army",""
"26247","grave","grave","B1","noun","tính từ","/greiv/","7","POS_MISMATCH | MANY_SENSES | LONG_MEANING","22","453","mồ","mồ, mả, phần mộ; nơi chôn vùi; sự chết, âm ty, thế giới bên kia; chết non, chết yểu; brink; chửi làm bật mồ bật mả ai lên; không đời nào, không bao giờ; huyệt chung, hố chôn chung; kín như bưng; tôi tự nhiên rùng mình; khắc, chạm, khắc sâu, tạc, ghi tạc ((nghĩa đen) & (nghĩa bóng)); đào (huyệt) chôn; cạo quét (tàu); dấu huyền; trang nghiêm; nghiêm nghị; từ tốn; nghiêm trọng, trầm trọng; quan trọng (sự việc); sạm, tối (màu); trầm (giọng); huyền (dấu)","to grave an image",""
"26143","flow","flow","B1","noun","nội động từ","/flow/","7","POS_MISMATCH | MANY_SENSES | LONG_MEANING","22","452","sự chảy","sự chảy; lượng chảy, lưu lượng; luồng nước; nước triều lên; sự đổ hàng hoá vào một nước; sự bay dập dờn (quần áo...); dòng, luồng; tính vui vẻ, tính sảng khoái; chuyện trò vui vẻ; chảy; rủ xuống, xoà xuống; lên (thuỷ triều); phun ra, toé ra, tuôn ra; đổ (máu); thấy kinh nhiều (đàn bà); xuất phát, bắt nguồn (từ); rót tràn đầy (rượu); ùa tới, tràn tới, đến tới tấp; trôi chảy (văn); bay dập dờn (quần áo, tóc...); tràn trề; đứng về phe thắng, phù thịnh","The notion of flow is basic to the study of ordinary differential equations.",""
"25511","approach","approach","B1","noun","động từ","/ə'proutʃ/","7","POS_MISMATCH | MANY_SENSES | LONG_MEANING","17","448","sự đến gần","sự đến gần, sự lại gần; sự gần như, sự gần giống như; đường đi đến, lối vào; (quân sự) đường để lọt vào trận tuyến địch; đường hào để đến gần vị trí địch; sự thăm dò ý kiến; sự tiếp xúc để đặt vấn đề; cách bắt đầu giải quyết, phương pháp bắt đầu giải quyết (một vấn đề); sự gần đúng; phép tính gần đúng; sự gạ gẫm (đàn bà); đến gần, lại gần, tới gần; gần như; thăm dò ý kiến; tiếp xúc để đặt vấn đề; bắt đầu giải quyết (một vấn đề); gạ gẫm (đàn bà)","1991, Carol Lee Johnston, Jeanne Lazaris, Plane Trigonometry, A New Approach.",""
"24252","ear","ear","A1","noun","nội động từ","/iə/","7","POS_MISMATCH | MANY_SENSES | LONG_MEANING","20","446","tai","tai; vật hình tai (quai, bình đựng nước...); tai (bông), sự nghe, khả năng nghe; lắng tai nghe; head; hornet; ,  (thông tục) làm ai phật ý, làm ai nổi cáu; lắng nghe; cho ai một cái bạt tai; vào tai này ra tai kia; được ai sẵn sàng lắng nghe; sẵn sàng nghe; làm cho ai tiu nghỉu (vì từ chối cái gì, vì khiển trách); set; lắng nghe lời yêu cầu của ai với thái độ thiện cảm; tai vách mạch dừng; lời rỉ tai ai; give; bông (lúa...); trổ bông (lúa...)","a good ear for music",""
"24195","cool","cool","A1","adjective","động từ","/ku:l/","7","POS_MISMATCH | MANY_SENSES | LONG_MEANING","15","445","mát mẻ","mát mẻ, mát; hơi lạnh, nguội; trầm tĩnh, điềm tĩnh, bình tĩnh; lãn đạm, nhạt nhẽo, thờ ơ, không sốt sắng, không nhiệt tình, không mặn mà, không đằm thắm; trơ tráo, mặt dạn mày dày, không biết xấu hổ, không biết ngượng; tròn, gọn (một số tiền); bình tĩnh, không hề nao núng; khí mát; chỗ mát mẻ; làm mát, làm nguội, trở mát, nguội đi; làm mát, làm giảm (nhiệt tình...); nguôi đi; nguôi đi, bình tĩnh lại; nguội lạnh đi, giảm đi (nhiệt tình); heel","in the cool of the morning",""
"24455","king","king","A1","noun","ngoại động từ","/kiɳ/","7","POS_MISMATCH | MANY_SENSES | LONG_MEANING","20","444","vua","vua, quốc vương; trợ cấp của nhà vua cho các bà mẹ đẻ sinh ba; lá cờ của nhà vua; vua (đại tư bản...); chúa tể (loài thú, loài chim); quân tướng, quân chúa; lá bài K; loại tốt nhất; loại to, loại lớn (hoa quả); con đường chính (thuỷ bộ); thời tiết đẹp vào những ngày lễ lớn; mặt trời; Chúa; thần chết; evidence; diễn viên đóng vai vua (trong các bi kịch); làm vua, trị vì; làm như vua, làm ra vẻ vua; tôn lên làm vua; làm như vua, làm ra vẻ vua","Henry VIII was the king of England from 1509 to 1547.",""
"24941","dust","dust","A2","noun","nội động từ","/dʌst/","7","POS_MISMATCH | MANY_SENSES | LONG_MEANING","22","443","bụi","bụi; rác; phấn hoa; đám bụi mù; đất đen ((nghĩa bóng)); xương tàn, tro tàn (người chết); cơ thể con người, con người; tiền mặt; bite dust and heat; gánh nặng của cuộc đấu tranh; cho ai hít bụi, vượt lên trước ai; chết, về với cát bụi; tức giận bỏ đi; hít bụi của ai, chạy sau ai; loè ai; rắc (bụi, phấn...); quét bụi, phủi bụi; làm bụi; tắm đất, vầy đất (gà, chim...); quét bụi bàn ghế, phủi bụi bàn ghế, lau chùi bàn ghế; lừa bịp (ai); jacket","to raise, or kick up, a dust",""
"24209","cup","cup","A1","noun","ngoại động từ","/kʌp/","7","POS_MISMATCH | MANY_SENSES | LONG_MEANING","20","441","tách","tách, chén; cúp, giải; đài (hoa); ống giác; rượu; vật hình chén; nguồn cơn, nỗi khổ, niềm vui; sự say sưa; chán nản, uể oải, nản lòng; rượu vào là gây gỗ; trà; nếm hết mùi cay đắng ở đời; làm cho không thể chịu đựng được nữa; người (vật) làm cho vui thích; người (vật) mình ưa; người vật hợp với mình; người (vật, điều...) cần phải dè chừng; miếng ăn đến miệng rồi vẫn có thể mất; khum thành hình chén, chu thành hình chén (bàn tay...); giác","Pour the tea into the cup.",""
"26472","beam","beam","B2","noun","động từ","/bi:m/","7","POS_MISMATCH | MANY_SENSES | LONG_MEANING","22","438","xà","xà, rầm; đòn, cán (cân); bắp (cây); trục cuốn chỉ (máy dệt); gạc chính (sừng hươu); đòn cân bằng; con lắc; sườn ngang của sàn tàu; sống neo; tín hiệu rađiô (cho máy bay); tầm xa (của loa phóng thanh); tia; chùm (ánh sáng); vẻ tươi cười rạng rỡ; nhẹ hơn, nhẹ bỗng lên (cán cân); bị thua; bên trái tàu; bên phải tàu; chiếu rọi (tia sáng); rạng rỡ, tươi cười; xác định của vị trí máy bay qua hệ thống rađa; rađiô phát đi (buổi phát thanh...)","This ship has more beam than that one.",""
"24074","bell","bell","A1","noun","nội động từ","/bel/","7","POS_MISMATCH | MANY_SENSES | LONG_MEANING","16","438","cái chuông","cái chuông; nhạc (ở cổ ngựa...); tiếng chuông; tràng hoa; thể vòm; giữ vai trò phụ trách, giữ vai trò lãnh đạo, ở địa vị hàng đầu; chiếm giải nhất trong cuộc thi; thất bại trong cuộc thi; rung chuông; tiến bộ, đạt được những kết quả tốt; tự mình làm quảng cáo cho mình, tự mình khua chuông gõ mõ cho mình; buộc chuông vào, treo chuông vào; đứng mũi chịu sào; giơ đầu chịu báng; tiếng kêu động đực (hươu nai); kêu, rống (hươu nai động đực)","I’ll give you a bell later.",""
"25033","fog","fog","A2","noun","nội động từ","/fɔg/","7","POS_MISMATCH | MANY_SENSES | LONG_MEANING","19","437","cỏ mọc lại","cỏ mọc lại; cỏ để mọc dài không cắt (về mùa đông); để cho cỏ mọc lại ở (một mảnh đất); cho (súc vật) ăn cỏ mọc lại; sương mù; màn khói mờ, màn bụi mờ; tình trạng mờ đi (vì sương mù); tình trạng trí óc mờ đi; tình trạng bối rối hoang mang; vết mờ; phủ sương mù; làm mờ đi, che mờ (như phủ một màn sương); làm bối rối hoang mang; làm mờ (phim ảnh) đi; phủ sương mù; đầy sương mù; mờ đi; chết vì úng nước, chết vì đẫm sương; mờ đi, phim ảnh","He did so many drugs, he was still in a fog three months after going through detox.",""
"25825","crop","crop","B1","noun","nội động từ","/krɔp/","7","POS_MISMATCH | MANY_SENSES | LONG_MEANING","21","431","vụ","vụ, mùa; thu hoạch của một vụ; cây trồng; cụm, nhom, loạt, tập; diều (chim); tay cầm (của roi da); sự cắt tóc ngắn; bộ da thuộc; đoạn cắt bỏ đầu, khúc cắt bỏ đầu; thịt bả vai (bò ngựa); toàn bộ, toàn thể; đất đang được trồng trọt cày cấy; đất bỏ hoá; gặm (cỏ); gặt; hái; gieo, trồng (ruộng đất); xén, hớt, cắt ngắn (tai, đuôi, tóc, mép sách, hàng rào...); thu hoạch; trồi lên; nảy ra, hiểu ra, nổi lên bất ngờ (khó khăn, vấn đề...)","the farmer had lots of crops to sell at the market",""
"24417","how","how","A1","adverb","danh từ","/hau/","7","POS_MISMATCH | MANY_SENSES | LONG_MEANING","14","428","thế nào","thế nào, như thế nào; sao, ra sao, làm sao; bao nhiêu; giá bao nhiêu; làm sao, biết bao, xiếc bao, biết bao nhiêu, sao mà... đến thế; rằng, là; như, theo cái cách; ,  (từ lóng), ((thường)(mỉa mai)) sao, mà có hơn thế nhiều nữa chứ!; here; anh có khoẻ không (câu hỏi thăm khi gặp nhau); quái quỷ thế nào mà..., làm thế quái nào mà...; sao mà lạ thế?, sao mà lại kỳ quái thế?; cái quái gì?, cái đếch gì?; cách làm, phương pháp làm","I am not interested in the why, but in the how.",""
"26278","hatch","hatch","B1","noun","ngoại động từ","/hætʃ/","7","POS_MISMATCH | MANY_SENSES | LONG_MEANING","17","421","cửa sập","cửa sập, cửa hầm (dưới sàn nhà); cửa hầm chứa hàng (của tàu thuỷ); cửa cống, cửa đập nước; sự chết; sự đẩy vào cảnh tối tăm bần cùng; sự nở (trứng); sự ấp trứng; ổ chim con mới nở; ổ trứng ấp; mục sinh tử giá thú (trên báo); làm nở trứng; ấp (trứng); ngấm ngầm bày đặt, ngấm ngầm dự định (âm mưu...); nở (trứng, gà con); (xem) chicken; nét chải, đường gạch bóng (trên hình vẽ); tô nét chải, gạch đường bóng (trên hình vẽ)","The cook passed the dishes through the serving hatch.",""
"24825","company","company","A2","noun","nội động từ","/'kʌmpəni/","7","POS_MISMATCH | MANY_SENSES | LONG_MEANING","22","416","sự cùng đi","sự cùng đi; sự cùng ở; sự có bầu có bạn; khách, khách khứa; bạn, bè bạn; hội, công ty; đoàn, toán, bọn; toàn thể thuỷ thủ (trên tàu); đại đội; cùng đi (cùng ở) với ai cho có bầu có bạn; lối xã giao; sĩ quan cấp uỷ; đánh bọn với những người xấu; có người đi cùng, có người ở cùng; cùng với; yêu nhau; đi lại chơi với những người xấu; khóc theo (vì bạn mình khóc); đi theo; làm bầu làm bạn với; cùng ở với; cùng đi với","Keep the house clean; I have company coming.",""
"25601","blind","blind","B1","adjective","nội động từ","/blaind/","7","POS_MISMATCH | MANY_SENSES | LONG_MEANING","18","410","đui mù","đui mù; không nhìn thấy, không thấy được; mù quáng; không có lối ra, cụt (ngõ...); không rõ ràng, khó thấy, khó nhìn; say bí tỉ ((cũng) blind drunk); mặt sơ hở của mình; bức màn che; mành mành, rèm; miếng (da, vải) che mắt (ngựa); cớ, bề ngoài giả dối; chầu rượu bí tỉ; luỹ chắn, công sự; (số nhiều) những người mù; xứ mù thằng chột làm vua; làm đui mù, làm loà mắt; làm mù quáng; đi liều, vặn ẩu (ô tô, mô tô)","a duck blind",""
"24231","dirty","dirty","A1","adjective","nội động từ","/'də:ti/","7","POS_MISMATCH | MANY_SENSES | LONG_MEANING","14","409","bẩn thỉu","bẩn thỉu, dơ bẩn, dơ dáy; cáu ghét, cáu bẩn, đầy bùn bẩn; có mưa gió sụt sùi, nhớp nháp bẩn thỉu; xấu (thời tiết); không sáng (màu sắc); tục tĩu, thô bỉ; đê tiện, hèn hạ, đáng khinh, nhơ nhốc, xấu xa; phi nghĩa; chơi đểu với ai, dở trò đê tiện với ai; việc làm xấu xa bất chính; công việc nặng nhọc khổ ải; làm giúp ai một công việc nặng nhọc khổ ải; làm bẩn, làm dơ, làm vấy bùn; thành dơ bẩn, thành bẩn thỉu","Despite a walk in the rain, my shoes weren't too dirty.",""
"24731","blanket","blanket","A2","noun","ngoại động từ","/'blæɳkit/","7","POS_MISMATCH | MANY_SENSES | LONG_MEANING","12","404","mền","mền, chăn; lớp phủ; để hoang; làm giảm hào hứng, làm cụt hứng; có tính chất chung, có tính chất phổ biến, bao trùm; trùm chăn, đắp chăn; ỉm đi, bịt đi (một chuyện xấu, một vấn đề); làm cho không nghe thấy, làm nghẹt (tiếng động); phá, làm lấp tiếng đi (một buổi phát thanh trên đài); phủ lên, che phủ; hứng gió của (thuyền khác); phạt tung chăn (trừng phạt bằng cách cho vào chăn rồi tung lên tung xuống)","The baby was cold, so his mother put a blanket over him.",""
"24193","cook","cook","A1","noun","nội động từ","/kuk/","7","POS_MISMATCH | MANY_SENSES | LONG_MEANING","11","404","người nấu ăn","người nấu ăn, người làm bếp, cấp dưỡng, anh nuôi; lắm thầy thối ma; nấu, nấu chín; giả mạo, gian lận, khai gian (những khoản chi tiêu...); ((thường) động tính từ quá khứ) làm kiệt sức, làm mệt phờ (một vận động viên chạy...); nhà nấu bếp, nấu ăn; chín, nấu nhừ; nóng quá bị nổ, nổ vì nóng quá (đun...); bịa ra, tưởng tượng ra, bày đặt ra (câu chuyện...); dự tính, ngấm ngầm, bày (mưu); giết ai, khử ai đi","I'm a terrible cook, so I eat a lot of frozen dinners.",""
"26748","counter","counter","B2","noun","động từ","/'kauntə/","7","POS_MISMATCH | MANY_SENSES | LONG_MEANING","14","403","quầy hàng","quầy hàng, quầy thu tiền; ghi sê (ngân hàng); bàn tính, máy tính; người đếm; thẻ (để đánh bạc thay tiền); ức ngực; thành đuôi tàu; miếng đệm lót giày; đối lập, chống lại, trái lại, ngược lại; sao để đối chiếu (bản văn kiện); đối lập, chống lại, trái lại, ngược lại; đi ngược lại, làm trái lại; phản đối, chống lại, làm trái ngược lại, nói ngược lại; chặn lại và đánh trả, phản công (đấu kiếm, quyền Anh)","He's only 16 months, but is already a good counter – he can count to 100.",""
"26524","bounce","bounce","B2","noun","phó từ","/'bauns/","7","POS_MISMATCH | MANY_SENSES | LONG_MEANING","14","402","sự nảy lên","sự nảy lên, sự bật lên; sự khoe khoang khoác lác; ,  (từ lóng) sự đuổi ra, sự tống cổ ra, sự thải hồi; nảy lên; nhảy vụt ra; huênh hoang khoác lác, khoe khoang; vênh váo; nhún lên nhún xuống (lúc hạ cánh xuống đất); bị trả về cho người ký vì không có tài khoản (séc); dồn ép (ai làm việc gì); đánh lừa (ai) làm gì; ,  (từ lóng) đuổi ra, tống cổ ra, thải hồi (ai); thình lình, bất chợt, vụt; ầm ĩ, ồn ào","Them pro-ballers got bounce!",""
"24533","mouth","mouth","A1","noun","nội động từ","/mauθ - mauð/","7","POS_MISMATCH | MANY_SENSES | LONG_MEANING","23","400","mauð","mauð/; mồm, miệng, mõm; miệng ăn; cửa (hang, sông, lò...); sự nhăn mặt, sự nhăn nhó; down; sủa; cắn (chó); laugh; water; để cho ai nói cái gì; mớm lời cho ai, bảo cho ai cách ăn nói; nói đúng những lời mà người ta định nói; xin ông đừng dở cái trò hỗn xược của ông ra nữa!; câm mồn đi! bịt cái mõm lại!; nói to; đọc rành rọt; nói cường điệu; ăn đớp; nói to; nói cường điệu; kêu la; nhăn nhó, nhăn mặt","""Open your mouth and say 'aah',"" directed the doctor.",""
"24399","hide","hide","A1","verb","ngoại động từ","/haid/","7","MANY_SENSES | LONG_MEANING | NOISY_PRIMARY_MEANING | DUPLICATE_PRIMARY_MEANING","15","398","da sống (chưa thuộc","da sống (chưa thuộc, mới chỉ cạo và rửa); da người; không có bất cứ một dấu vết gì; để cứu lấy tính mạng mình; cầu an bảo mạng; lột da; đánh đòn; Haiddơ (đơn vị đo ruộng đất từ 60 đến 120 mẫu Anh tuỳ theo từng địa phương ở Anh); nơi nấp để rình thú rừng; trốn, ẩn nấp, náu; che giấu, che đậy, giấu giếm; giữ kín (một điều gì); che khuất; giấu mặt đi vì xấu hổ, xấu hổ vì không dám ló mặt ra; bushel","He hides his magazines under the bed.",""
"25046","forward","forward","A2","adverb","ngoại động từ","/'fɔ:wəd/","7","POS_MISMATCH | MANY_SENSES | LONG_MEANING","15","397","ở trước","ở trước, phía trước, tiến lên, tiến về phía trước; tiến bộ, tiên tiến; chín sớm (hoa màu); đến sớm (mùa, thời vụ...); sớm biết, sớm khôn (người); trước (khi có hàng); sốt sắng; ngạo mạn, xấc xược; về tương lai, về sau này; về phía trước, lên phía trước, trước; ở phía mũi tàu, về phía mũi tàu; tiền đạo (bóng đá); xúc tiến, đẩy mạnh; gửi (hàng hoá...); gửi chuyển tiếp (bức thư... đến địa chỉ mới)","I'll be glad to forward your mail to you while you're gone.",""
"25097","handle","handle","A2","noun","ngoại động từ","/'hændl/","7","POS_MISMATCH | MANY_SENSES | LONG_MEANING","13","396","cán","cán, tay cầm, móc quai; điểm người ta có thể lợi dụng được; chức tước, danh hiệu; mất bình tĩnh, không tự chủ được nữa, thình lình nổi nóng; cái mũi; ,  (thông tục) hoàn toàn, đầy đủ, hết sức; cầm, sờ mó; vận dụng, sử dụng, điều khiển (bằng tay); đối xử, đối đãi; luận giải, nghiên cứu, bàn về (một vấn đề); quản lý, xử lý; chỉ huy, điều khiển (công việc, người...); buôn bán (một số mặt hàng...)","The daily handle of a Las Vegas casino is typically millions of dollars.",""
"24976","escape","escape","A2","noun","nội động từ","/is'keip/","7","POS_MISMATCH | MANY_SENSES | LONG_MEANING","12","395","sự trốn thoát","sự trốn thoát; phương tiện để trốn thoát, con đường thoát, lối thoát; sự thoát ly thực tế; phương tiện để thoát ly thực tế; sự thoát (hơi...); cây trồng mọc tự nhiên (không do gieo trồng...); suýt nữa thì bị tóm, may mà thoát được; trốn thoát, tránh thoát, thoát khỏi; vô tình buột ra khỏi, thốt ra khỏi (cửa miệng...) (lời nói...); trốn thoát, thoát; thoát ra (hơi...); tôi quên bẵng tên anh ta","The prisoners made their escape by digging a tunnel.",""
"26491","bind","bind","B2","verb","danh từ","/baind/","7","POS_MISMATCH | MANY_SENSES | LONG_MEANING","18","394","trói","trói, buộc, bỏ lại; ký hợp đồng học nghề; ràng buộc; chấp nhận, thừa nhận (một giao kèo, giá cả mua bán...); làm táo bón (đồ ăn); băng bó (vết thương); đánh đai nẹp (thùng...); đóng (sách); tết quanh; kết lại với nhau, kết thành khối rắn; kẹt (cán bộ phân trong máy); táo bón; bắt buộc; băng bó (vết thương); đóng (nhiều quyển sách) thành một tập; vỉa đất sét (giữa hai vỉa than); bire; dấu nối","the Maróczy Bind",""
"24995","express","express","A2","noun","ngoại động từ","/iks'pres/","7","POS_MISMATCH | MANY_SENSES | LONG_MEANING","16","391","người đưa thư hoả tốc","người đưa thư hoả tốc, công văn hoả tốc; xe lửa tốc hành, xe nhanh; hàng gửi xe lửa tốc hành; tiền gửi hoả tốc; hãng (vận tải) tốc hành; súng bắn nhanh; nói rõ, rõ ràng; như hệt, như in, như tạc; nhằm mục đích đặc biệt, nhằm mục đích riêng biệt; nhanh, hoả tốc, tốc hành; hoả tốc, tốc hành; vắt, ép, bóp (quả chanh...); biểu lộ, bày tỏ (tình cảm...); phát biểu ý kiên; biểu diễn; gửi hoả tốc","I took the express into town.",""
"24354","grade","grade","A1","noun","ngoại động từ","/greid/","7","POS_MISMATCH | MANY_SENSES | LONG_MEANING","18","390","Grát","Grát; cấp bậc, mức, độ; hạng, loại; tầng lớp; điểm, điểm số (của học sinh); lớp (học); dốc; độ dốc ((nghĩa đen) & (nghĩa bóng)); giống súc vật cải tạo (do lai giống địa phương với giống tốt hơn); sắp, xếp, lựa; phân loại, chia loại; phân hạng; sửa (độ dốc) thoai thoải; tăng lên; + up) lai cải tạo (lai một giống tốt hơn); đánh nhạt dần (màu sắc); thay đổi dần dần; sắp xếp theo mức độ tăng","I gave him a good grade for effort.",""
"25066","gate","gate","A2","noun","ngoại động từ","/geit/","7","POS_MISMATCH | MANY_SENSES | LONG_MEANING","13","388","cổng","cổng; số người mua vé vào xem (một trận đấu thể thao...); tiền mua vé (trận đấu thể thao...) ((cũng) gate-money); cửa đập, cửa cống; hàng rào chắn (chỗ đường xe lửa chạy qua đường cái; trạm thu thuế...); đèo, hẽm núi; tấm ván che, ván chân; cửa van; bị đuổi ra; đuổi ra, tống cổ ra, cho thôi việc; mở đường cho ai; phạt (học sinh) không cho ra ngoài (ở trường đại học Ôc-phớt và Căm-brít)","The gate in front of the railroad crossing went up after the train had passed.",""
"24693","award","award","A2","noun","ngoại động từ","/ə'wɔ:d/","7","POS_MISMATCH | MANY_SENSES | LONG_MEANING","5","387","phần thưởng","phần thưởng, tặng thưởng (do quan toà, hội đồng trọng tài, hội đồng giám khảo... quyết định ban cho); sự quyết định của quan toà, của hội đồng giám khảo...; sự trừng phạt, hình phạt (do quan toà, hội đồng trọng tài, hội đồng giám khảo... quyết định bắt phải chịu); tặng, tặng thưởng, trao tặng; quyết định ban cho, quyết định cấp cho (quan toà, hội đồng trọng tài, hội đồng giám khảo...)","the arbitrators awarded damages to the complainant",""
"24223","design","design","A1","noun","nội động từ","/di'zain/","7","POS_MISMATCH | MANY_SENSES | LONG_MEANING","12","387","đề cương","đề cương, bản phác thảo, phác hoạ, đồ án; ý muốn, ý định, dự định, dự kiến, mục đích; ý đồ, mưu đồ; kế hoạch; cách sắp xếp, cách trình bày, cách trang trí; kiểu, mẫu, loại, dạng; khả năng sáng tạo (kiểu, cách trình bày...), tài nghĩ ra (mưu kế...); sự sáng tạo; có ý định, định, dự kiến, trù tính; có y đồ, có mưu đồ; chỉ định, để cho, dành cho; làm nghề vẽ kiểu, làm nghề xây dựng đồ án","To be hateful of the truth by design.",""
"26950","ease","ease","B2","noun","nội động từ","/i:z/","7","POS_MISMATCH | MANY_SENSES | LONG_MEANING","16","385","sự thanh thản","sự thanh thản, sự thoải mái; sự không bị ràng buộc; sự thanh nhàn, sự nhàn hạ; sự dễ dàng, dự thanh thoát; sự dễ chịu; sự không bị đau đớn; sự khỏi đau; làm thanh thản, làm yên tâm; làm dễ chịu, làm đỡ đau, làm khỏi đau; làm bớt căng; (hàng hải) mở, nới; nắng nhẹ; trở nên bớt căng (tình hinh...); trở nên bớt nặng nhọc; chùn, nhụt (sự cố gắng...); giảm tốc độ máy đi!, chầm chậm thôi!","He eased his conscience by confessing.",""
"24600","paper","paper","A1","noun","ngoại động từ","/'peipə/","7","POS_MISMATCH | MANY_SENSES | LONG_MEANING","17","385","giấy","giấy; giấy tờ, giấy má (giấy chứng minh, hồ sơ...); báo; bạc giấy ((cũng) paper money); hối phiếu; gói giấy, túi giấy; giấy vào cửa không mất tiền, vé mời (rạp hát...); đề bài thi; bài luận văn, bài thuyết trình; viết, ghi vào; trên giấy tờ, trên lý thuyết; lãi trên giấy tờ; bắt đầu viết; dán giấy lên; bọc giấy, gói bằng giấy; cung cấp giấy; phát vé mời không để làm đầy (rạp hát...)","a paper of pins, tacks, opium, etc.",""
"25856","daze","daze","B1","noun","ngoại động từ","/deiz/","7","POS_MISMATCH | MANY_SENSES | LONG_MEANING","9","381","mica","mica; sự sửng sốt, sự ngạc nhiên, sự kinh ngạc, sự sững sờ; tình trạng mê mụ, tình trạng mê mẩn (vì thuốc độc, rượu nặng...); tình trạng bàng hoàng, tình trạng choáng váng; sự loá mắt, sự quáng mắt; làm sửng sốt, làm ngạc nhiên, làm sững sờ; làm mê mụ, làm mê mẩn (thuốc độc, rượu nặng...); làm bàng hoàng, làm choáng váng, làm điếng người; làm loá mắt, làm chói mắt, làm quáng mắt","He was in a daze.",""
"24316","flag","flag","A1","noun","nội động từ","/'flæg/","7","POS_MISMATCH | MANY_SENSES | LONG_MEANING","19","381","cây irit","cây irit; phiến đá lát đường ((cũng) flag stone); mặt đường lát bằng đá phiến; lát bằng đá phiến; lông cánh (chin) ((cũng) flag feather); cờ; cờ lệnh (trên tàu có hàng đô đốc); đuôi cờ (của một loại chó săn); nhận quyền chỉ huy; từ bỏ quyền chỉ huy; hạ cờ đầu hàng; trang hoàng bằng cờ; treo cờ; ra hiệu bằng cờ; đánh dấu bằng cờ; yếu đi, giảm sút; héo đi; lả đi; trở nên nhạt nhẽo","Please flag down a taxi for me.",""
"24140","care","care","A1","noun","nội động từ","/keə/","7","POS_MISMATCH | MANY_SENSES | LONG_MEANING","14","380","sự chăn sóc","sự chăn sóc, sự chăm nom, sự giữ gìn, sự bảo dưỡng; sự chăm chú, sự chú ý; sự cẩn thận, sự thận trọng; sự lo âu, sự lo lắng; c oào sạch 7ʃ X) nhờ ông X chuyển giúp (viết trên phong bì); lo bạc râu, sầu bạc tóc; trông nom, chăm sóc, nuôi nấng; chú ý đến, để ý đến, quan tâm đến, lo lắng đến; cần đến; thích, muốn; tớ cần đếch gì; tớ cóc cần; không phản đối gì; không đòi hỏi gì hơn","Care should be taken when holding babies.",""
"25951","dissolve","dissolve","B1","verb","danh từ","/di'zɔlv/","7","POS_MISMATCH | MANY_SENSES | LONG_MEANING","16","379","rã ra","rã ra, tan rã, phân huỷ; hoà tan; làm tan ra; giải tán (nghị viện, quốc hội...); giải thể (công ty, tổ chức...); huỷ bỏ (giao kèo, cuộc hôn nhân...); làm tan, làm biến đi (mây mù, hình ảnh...); rã ra, tan rã, phân huỷ; hoà tan; tan ra; giải tán, bị giải tán (nghị viện, quốc hội); giải thể, bị giải thể (công ty, tổ chức...); bị huỷ bỏ; tan biến, biến mất; mờ, chồng; sự mờ chồng","The ruling party or coalition sometimes dissolves parliament early when the polls are favorable, hoping to reconvene with a larger majority.",""
"24151","chair","chair","A1","noun","ngoại động từ","/tʃeə/","7","POS_MISMATCH | MANY_SENSES | LONG_MEANING","12","378","ghế","ghế; chức giáo sư đại học; chức thị trưởng; ghế chủ toạ, ghế chủ tịch (buổi họp); (từ Mỹ,nghĩa Mỹ) chủ tịch (buổi họp); ghế điện; chỗ ngồi của nhân chứng (ở toà án); gối đường ray; trật tự! trật tự!; cử làm chủ tịch, chọn làm chủ tịch; đặt lên kiệu rước, đặt vào ghế rồi khiêng bổng (người thắng cuộc trong cuộc đấu hoặc được bầu trong một cuộc tuyển cử); làm chủ toạ (buổi họp)","All I need to weather a snowstorm is hot coffee, a warm fire, a good book and a comfortable chair.",""
"25730","clip","clip","B1","noun","nội động từ","/klip/","7","POS_MISMATCH | MANY_SENSES | LONG_MEANING","17","378","cái ghim","cái ghim, cái cặp, cái kẹp; cái nạp đạn; sự xén, sự cắt, sự hớt (lông cừu); mớ lông (cừu...) xén ra; cú đánh mạnh, cú quật mạnh; kéo xén; tông-đơ; cái bấm móng tay; cắt, cắt rời ra, xén, hớt (lông cừu, ngựa); rút ngắn, cô lại; bấm, xé đầu (vé, phiếu... để loại đi); nuốt, bỏ bớt, đọc không rõ; đấm mạnh, đánh, nện; sự đi nhanh; đứa bé láo xược, ranh con hỗn xược; đi nhanh; chạy","Use this clip to attach the check to your tax form.",""
"25005","fare","fare","A2","noun","nội động từ","/feə/","7","POS_MISMATCH | MANY_SENSES | LONG_MEANING","17","378","tiền xe","tiền xe, tiền đò, tiền phà; tiền vé (tàu, máy bay...); khách đi xe thuê; thức ăn, đồ ăn, chế độ ăn; đi đường, đi du lịch; xảy ra, ở vào tình trạng (nào đó); làm ăn; được khao, được thết; ăn uống, bồi dưỡng; có sức khoẻ tốt; công việc làm ăn ổn thoả; ăn ngon; tâm đầu hợp ý với ai; có sức khoẻ kém; công việc làm ăn gặp khó khăn; gặp khó khăn về vấn đề gì; không may về vấn đề gì","Behold! A knight fares forth.",""
"25008","fault","fault","A2","noun","nội động từ","/fɔ:lt/","7","POS_MISMATCH | MANY_SENSES | LONG_MEANING","18","378","sự thiếu sót","sự thiếu sót; khuyết điểm; điểm lầm lỗi; sự sai lầm; tội lỗi (trách nhiệm về một sai lầm); sự để mất hơi con mồi (chó săn); phay, đứt đoạn; sự rò, sự lạc; sự hỏng, sự hư hỏng; sự giao bóng nhầm ô; quả bóng giao nhầm ô (quần vợt); vô cùng, hết sức, quá lắm; không vừa ý, phàn nàn; chê trách; bới móc; hư hỏng, mất mát người mua phải chịu; chê trách, bới móc; có phay, có đứt đoạn","No! This is my fault, not yours.",""
"24292","fast","fast","A1","adjective","nội động từ","/fɑ:st/","7","POS_MISMATCH | MANY_SENSES | LONG_MEANING","21","375","chắc chắn","chắc chắn; thân, thân thiết, keo sơn; bền, không phai; nhanh, mau; trác táng, ăn chơi, phóng đãng (người); nằm liệt giường vì bệnh gút; buộc chặt; chắc chắn, bền vững, chặt chẽ; nhanh; trác táng, phóng đãng; ; (thơ ca) sát, ngay cạnh; cẩn tắc vô ưu; lập lờ hai mặt, đòn xóc hai đầu; sự ăn chay; mùa ăn chay; ngày ăn chay; sự nhịn đói; ăn chay; ăn kiêng (tôn giáo...); nhịn ăn","That rope is dangerously loose. Make it fast!",""
"25062","gallery","gallery","A2","noun","ngoại động từ","/'gæləri/","7","POS_MISMATCH | MANY_SENSES | LONG_MEANING","12","373","phòng trưng bày tranh tượng","phòng trưng bày tranh tượng; nhà cầu, hành lang; phòng dài (tập bắn, chơi bóng gỗ...); ban công, chuồng gà; khán giả chuồng gà (trong rạp hát); chỗ dành cho ban đồng ca (ở nhà thờ); lô dành cho nhà báo (cho khách) (ở nghị viện); cái giữ thông phong đèn (cho khách); ; (quân sự) đường hầm; chiều theo thị hiếu tầm thường của quần chúng; đục đường hầm, mở đương hầm (ở mỏ...)","a clip-art gallery in a wordprocessor",""
"24567","now","now","A1","adverb","danh từ","/nau/","7","POS_MISMATCH | MANY_SENSES | LONG_MEANING","11","372","bây giờ","bây giờ, lúc này, giờ đây, hiện nay, ngày nay; ngay bây giờ, ngay tức khắc, lập tức; lúc ấy, lúc đó, lúc bấy giờ (trong lúc kể chuyện); trong tình trạng đó, trong hoàn cảnh ấy, trong tình thế ấy; nay, mà, vậy thì (ở đầu câu); hả, hãy... mà, nào; thế nào, này, hử; thỉnh thoảng; lúc thì... lúc thì; now (that) thấy rằng, xét thấy, vì, vì chưng, bởi chưng; hiện tại, lúc này","Now is the right time.",""
"25300","offer","offer","A2","noun","nội động từ","/'ɔfə/","7","POS_MISMATCH | MANY_SENSES | LONG_MEANING","14","369","sự đưa tay ra","sự đưa tay ra, sự tỏ ra sẵn sàng cho, sự tỏ ra sẵn sàng làm; sự chào hàng; sự trả giá; lời dạm hỏi, lời đề nghị, lời ướm, lời mời chào; biếu, tặng, dâng, hiến, cúng, tiến; xung phong (nghĩa bóng), tỏ ý muốn, để lộ ý muốn; đưa ra bán, bày ra bán (hàng); giơ ra, chìa ra, đưa ra mời; đưa ra đề nghị; dạm, hỏi, ướm; cúng; xảy ra, xảy đến, xuất hiện; nghênh chiến; chống cự","I decline your offer to contract.",""
"24090","blue","blue","A1","adjective","ngoại động từ","/blu:/","7","POS_MISMATCH | MANY_SENSES | LONG_MEANING","19","368","xanh","xanh; mặc quần áo xanh; chán nản, thất vọng; hay chữ (đàn bà); tục tĩu (câu chuyện); (thuộc) đảng Tô rõi rệu 1 chĩu phĩu uống say mèm, uống say bí tỉ; chửi tục; moon; màu xanh; phẩm xanh, thuốc xanh; bầu trời; biển cả; nữ học giả, nữ sĩ ((cũng) blue stocking); sự buồn chán; bolt; hoàn toàn bất ngờ; làm xanh, nhuộm xanh; hồ lơ (quần áo); xài phí, phung phí (tiền bạc)","The boys in blue marched to the pipers.",""
"25302","oil","oil","A2","noun","nội động từ","/ɔil/","7","POS_MISMATCH | MANY_SENSES | LONG_MEANING","19","364","dầu","dầu; tranh sơn dầu; sự nịnh nọt, sự phỉnh nịnh; thức khuya học tập (làm việc); pour; lửa cháy đổ dầu thêm; chứng tỏ làm việc chăm chỉ, thức khuya dậy sớm; strike; nước và lửa; mặt trăng mặt trời; chó và mèo; tra dầu, bôi dầu, lau dầu; thấm dầu, ngấm dầu; biến thành dầu; đút lót, hối lộ; biến thành dầu; mua chuộc ai, hối lộ ai; nịnh hót, tán khéo; đút lót, hối lộ","I prefer to paint in oil",""
"24162","circle","circle","A1","noun","nội động từ","/'sə:kl/","7","POS_MISMATCH | MANY_SENSES | LONG_MEANING","17","360","đường tròn","đường tròn, hình tròn; sự tuần hoàn; nhóm, giới; sự chạy quanh (ngựa); quỹ đạo (hành tinh); phạm vi; hàng ghế sắp tròn (trong rạp hát); mắt thâm quầng; chạy nhông, chạy nhắng lên (mà không được việc gì); square; đi chung quanh, xoay quanh; vây quanh; quay lộn; xoay quanh; lượn tròn, lượn quanh (máy bay); được chuyền quanh (rượu...); tin truyền đi, tin lan đi","The set of all points (x, y) such that (x − 1)2 + y2 = r2 is a circle of radius r around the point (1, 0).",""
"25628","brief","brief","B1","adjective","ngoại động từ","/bri:f/","7","POS_MISMATCH | MANY_SENSES | LONG_MEANING","12","358","ngắn","ngắn, vắn tắt, gọn; bản tóm tắt, bản toát yếu; bản tóm tắt hồ sơ của luật sư bào chữa (một vụ kiện); ((nghĩa rộng)) việc kiện, việc tố tụng; lời chỉ dẫn cho phi công (trước khi đi oanh tạc); chiếu thư (của giáo hoàng); tóm lại; tóm tắt lại; lập hồ sơ (một vụ kiện); giao cho luật sư để biện hộ; chỉ dẫn cho phi công (trước khi đi oanh tạc); chỉ dẫn tường tận","We got a news brief.",""
"24363","great","great","A1","adjective","danh từ","/greit/","7","POS_MISMATCH | MANY_SENSES | LONG_MEANING","14","356","lớn","lớn, to lớn, vĩ đại; hết sức, rất; cao quý, ca cả, cao thượng; tuyệt hay, thật là thú vị; giỏi, thạo cừ, hiểu rõ, hiểu tường tận; thân (với ai); có mang, có chửa; tá mười ba; nhiều; mind; sống đến tận lúc tuổi già, sống lâu; rất quan tâm đến; (dùng như số nhiều) những người vĩ đại; số nhiều kỳ thi tốt nghiệp tú tài văn chương (tại trường đại học Ôc-phớt)","Newton and Einstein are two of the greats of the history of science.",""
"24126","button","button","A1","noun","động từ","/'bʌtn/","7","POS_MISMATCH | MANY_SENSES | LONG_MEANING","13","355","cái khuy","cái khuy, cái cúc (áo); cái nút, cái núm, cái bấm (chuông điện...); nụ hoa; búp mầm (chưa nở); (thông tục) chú bé phục vụ ở khách sạn ((cũng) boy in buttons); cóc cần; cái khuy, cái cúc; cài; đơm khuy, đôm cúc (áo); + up) phủ kín áo lên (người hay súc vật mang trong người); ,  (từ lóng) tất cả đều đã sẵn sàng đâu vào đấy; im thin thít; keo kiệt, bủn xỉn","April fastened the buttons of her overcoat to keep out the wind.",""
"24568","number","number","A1","noun","ngoại động từ","/'nʌmbə/","7","POS_MISMATCH | MANY_SENSES | LONG_MEANING","17","355","số","số; đám, bọn, nhóm, toán; sự đếm số lượng; sự hơn về số lượng, số nhiều, đa số; nhịp điệu; câu thơ; số học; ,  (từ lóng) chết; cá nhân, bản thân; ,  (từ lóng) đại uý (hải quân); nó đã chầu trời rồi; đếm; kể vào, liệt vào, tính vào; đánh số, ghi số; lên tới, gồm có, có số dân là (tổng số); thọ (bao nhiêu tuổi); anh ta cũng chẳng còn sống được bao lâu nữa","Zero, one, −1, 2.5, and pi are all numbers.",""
"24302","field","field","A1","noun","nội động từ","/fi:ld/","7","POS_MISMATCH | MANY_SENSES | LONG_MEANING","14","353","đồng ruộng","đồng ruộng, cánh đồng; mỏ, khu khai thác; bâi chiến trường; nơi hành quân; trận đánh; sân (bóng đá,  crickê); các đấu thủ, các vận động viên, các người dự thi, các ngựa dự thi; dải (băng tuyết...); nên (huy hiệu); lĩnh vực (hoạt động), phạm vi (quan sát...); trường; chặn và ném trả lại (bóng crickê); đưa (đội bóng) ra sân; làm người chặn bóng (crickê)","There are several species of wild flowers growing in this field.",""
"26194","gall","gall","B1","noun","động từ","/gɔ:l/","7","POS_MISMATCH | MANY_SENSES | LONG_MEANING","17","353","mật","mật; túi mật; chất đắng; vị đắng; nỗi cay đắng, mối hiềm oán; ,  (từ lóng) sự trơ tráo; sự láo xược; cái đáng căm ghét; sự hằn học; ngòi bút châm biếm cay độc; mụn cây, vú lá; vết sầy da, chỗ trượt da (ở ngựa...); chỗ trơ trụi (ở cánh đồng...); sự xúc phạm, sự chạm (lòng tự ái...); làm sầy da, làm trượt da; làm phiền, làm khó chịu; xúc phạm lòng tự ái","Improper cooling and a dull milling blade on titanium can gall the surface.",""
"24500","march","march","A1","noun","nội động từ","/mɑ:tʃ/","7","POS_MISMATCH | MANY_SENSES | LONG_MEANING","16","353","March tháng ba","March tháng ba; cuộc hành quân; chặng đường hành quân (trong một thời gian...); bước đi (hành quân); sự tiến triển, sự trôi đi; hành khúc, khúc quân hành; cho (quân đội...) diễu hành; đưa đi, bắt đi; đi, bước đều; diễu hành; hành quân; bước đi, bỏ đi; bước đi, đi ra; diễu hành qua; bờ cõi, biên giới biên thuỳ; giáp giới, ở sát bờ cõi, ở tiếp biên giới","the march of time",""
"24106","brain","brain","A1","noun","ngoại động từ","/brein/","7","POS_MISMATCH | MANY_SENSES | LONG_MEANING","16","352","óc","óc, não; đầu óc, trí óc; trí tuệ; trí lực; sự thông minh; máy tính điện tử; dở điên, dở gàn; luôn luôn nghĩ ngợi về một điều gì; bị một điều gì ám ảnh; nhàn cư vi bất thiện; làm cho ai choáng váng đầu óc; moi và dùng những ý kiến của ai; nặn óc, vắt óc suy nghĩ; làm cho đầu óc ai hoa lên; làm cho ai đâm ra tự đắc lố bịch; đánh vỡ óc, đánh vỡ đầu (ai)","She was a total brain.",""
"26187","fur","fur","B1","noun","nội động từ","/fə:/","7","POS_MISMATCH | MANY_SENSES | LONG_MEANING","15","351","bộ lông mao","bộ lông mao, loài thú; bộ da lông thú; bằng da lông thú; tưa (lưỡi); cấn (nước), cặn, cáu (ở đáy ấm, đáy nồi); làm ầm ỹ, gây rối loạn; rất chóng vánh, làm rất nhanh; lót da lông vào (áo), viền da lông vào (áo); mặc áo lông thú cho (ai); làm tưa (lưỡi); làm (nồi, ấm) đóng cáu; cạo cáu ở (nồi, ấm...); ken phẳng (sàn gỗ); tưa (lưỡi); đóng cáu (nồi, ấm)","He was headed for the door when he remembered.",""
"24592","own","own","A1","adjective","nội động từ","/oun/","7","POS_MISMATCH | MANY_SENSES | LONG_MEANING","13","351","của chính mình","của chính mình, của riêng mình; độc lập cho bản thân mình; tự mình chịu trách nhiệm; với phương tiện của bản thân mình; man; trả thù; giữ vững vị trí, giữ vững lập trường; chẳng kém ai, có thể đối địch được với người; có, là chủ của; nhận, nhìn nhận; thừa nhận là có, thừa nhận là đúng, cam tâm nhận (sự thống trị...); thú nhận, đầu thú; thú, thú nhận","When we move into the new house, the kids will each have their own bedroom.",""
"24250","due","due","A1","adjective","phó từ","/dju:/","7","POS_MISMATCH | MANY_SENSES | LONG_MEANING","13","348","quyền được hưởng","quyền được hưởng; cái được hưởng; món nợ (cho ai vay; vay của ai), tiền nợ; cái phải trả; thuế; hội phí, đoàn phí; mãi mãi, hoàn toàn; đến kỳ đòi, đến kỳ, đến hạn, phải trả (nợ...); đáng, xứng đáng, thích đáng, đáng, đúng với quyền được hưởng, đúng với cái được hưởng; vì, do bởi, tại, nhờ có; phải đến, phải (theo kế hoạch, theo quy định...); đúng","Give him his due — he is a good actor.",""
"24216","date","date","A1","noun","nội động từ","/deit/","7","POS_MISMATCH | MANY_SENSES | LONG_MEANING","18","347","quả chà là","quả chà là; cây chà là; ngày tháng; niên hiệu, niên kỷ; kỳ, kỳ hạn; thời kỳ, thời đại; ; (thơ ca) tuổi tác; đời người; ,  (thông tục) sự hẹn hò, sự hẹn gặp; đề ngày tháng; ghi niên hiệu; xác định ngày tháng, xác định thời đại; hẹn hò, hẹn gặp (ai); có từ, bắt đầu từ, kể từ; đã lỗi thời, đã cũ; trở nên lỗi thời; hẹn hò với bạn (bạn trai, bạn gái)","We made a nice cake from dates.",""
"26134","firm","firm","B1","adjective","nội động từ","/'fə:m/","7","POS_MISMATCH | MANY_SENSES | LONG_MEANING","17","345","hãng","hãng, công ty; chắc, rắn chắc; vững chắc; bền vững; nhất định không thay đổi; mạnh mẽ; kiên quyết, vững vàng, không chùn bước; trung thành, trung kiên; vững như bàn thạch; tin chắc; nắm chắc cái gì; vững, vững vàng; giữ vững niềm tin; làm cho vững vàng, làm cho chắc chắn; nền (đất); cắm chặt (cây) xuống đất; trở nên vững chắc, trở nên rắn chắc","It's good to have a firm grip when shaking hands.",""
"24095","book","book","A1","noun","ngoại động từ","/buk/","7","POS_MISMATCH | MANY_SENSES | LONG_MEANING","18","344","sách","sách; sổ sách kế toán; kinh thánh; không được ai ưa; được ai yêu mến; hỏi tội và trừng phạt ai; know; nói có sách, mách có chứng; hợp với ý nguyện của mình; nói như sách; leaf; viết vào vở; ghi vào vở; ghi tên (người mua về trước); ghi địa chỉ (để chuyển hàng); giữ (chỗ) trước, mua về trước); lấy vé (xe lửa...); tôi bị tóm rồi, tôi bị giữ rồi","He was frustrated because he couldn't find anything about dinosaurs in the book.",""
"26142","flock","flock","B1","noun","nội động từ","/flock/","7","POS_MISMATCH | MANY_SENSES | LONG_MEANING","12","343","cụm","cụm, túm (bông, len); len phế phẩm, bông phế phẩm (để nhồi nệm); bột len, bột vải (để rắc lên giấy dán tường); (hoá học) kết tủa xốp, chất lẳng xốp; nhồi (nệm...) bằng bông len phế phẩm; đám đông; đàn, bầy; các con chiên, giáo dân; đám con chiên nào cũng có con chiên ghẻ; tụ tập, quây quần, tập trung lại thành đám đông; lũ lượt kéo đến; bird","People flocked to the cinema to see the new film.",""
"24834","concern","concern","A2","noun","ngoại động từ","/kən'sə:n/","7","POS_MISMATCH | MANY_SENSES | LONG_MEANING","16","342","sự liên quan tới","sự liên quan tới, sự dính líu tới; lợi, lợi lộc; phần, cổ phần; việc, chuyện phải lo; sự lo lắng, sự lo âu, sự lo ngại; sự quan tâm; hãng buôn, xí nghiệp; công việc kinh doanh; cái, vật (gì); không biết gì đến, không quan tâm gì đến; liên quan, dính líu tới; nhúng vào; lo lắng, băn khoăn; quan tâm; về việc, đối với; về phần tôi, đối với tôi","Judy's eyes filled with concern as she listened to the news report.",""
"24255","egg","egg","A1","noun","ngoại động từ","/eg/","7","POS_MISMATCH | MANY_SENSES | LONG_MEANING","15","342","trứng","trứng; , lóng bom; mìn; ngư lôi; chật ních, chật như nêm; sure; người không làm được trò trống gì; kế hoạch không đi đến đâu; người rất tốt, vật rất tốt; một mất một còn, được ăn cả ngã về không; khi còn trưng nước, trong giai đoạn phôi thai; trứng lại đòi khôn hơn vịt; trộn trứng vào, đánh trứng vào; ,  (thông tục) ném trứng vào; thúc giục","I also determine the minimal amount of egg required to make good mayonnaise.",""
"24101","bottom","bottom","A1","noun","nội động từ","/'bɔtəm/","7","POS_MISMATCH | MANY_SENSES | LONG_MEANING","21","340","phần dưới cùng","phần dưới cùng; đáy; bụng tàu; tàu; mặt (ghế); đít; cơ sở; ngọn nguồn; bản chất; sức chịu đựng, sức dai; bẻ gãy một lý lẽ; tự lập không nhờ vả ai; cuối, cuối cùng, thấp nhất; căn bản; dốc túi đánh cược; làm đáy (thùng, xoong...); đóng mặt (ghế); mò xuống tận đáy; ((nghĩa bóng)) xem xét kỹ lưỡng (một vấn đề); căn cứ vào, dựa trên; chạm đáy","Footers appear at the bottoms of pages.",""
"24900","desert","desert","A2","noun","nội động từ","/di'zə:t/","7","POS_MISMATCH | MANY_SENSES | LONG_MEANING","12","340","công lao","công lao, giá trị; sự xứng đáng, sự đáng (khen thưởng, trừng phạt...); những người xứng đáng; những cái đáng được (thưởng, phạt); sa mạc; nơi hoang vắng, nơi quạnh quẽ, nơi vắng vẻ; vấn đề khô khan vô vị; hiu quạnh, quạnh quẽ, vắng vẻ, không người ở; bỏ hoang, hoang phế; rời đi, bỏ đi, bỏ trốn, trốn khỏi; ruồng bỏ, bỏ mặc, bỏ rơi; đào ngũ","They were marooned on a desert island in the Pacific.",""
"25737","collar","collar","B1","noun","ngoại động từ","/'kɔlə/","7","POS_MISMATCH | MANY_SENSES | LONG_MEANING","16","335","cổ áo","cổ áo; vòng cổ (chó, ngựa); vòng đai; vòng đệm; vòng lông cổ (chim, thú); chả cuộn (thịt, cá); cổ hở; đang làm việc, đang có làm việc; không có việc làm, thất nghiệp; làm việc hết sức căng thẳng; vất vả cực nhọc; tóm, tóm cổ, bắt; chiếm, lây, xoáy; cuôn lại mà nướng (thịt, cá); đóng đai; chặn (đối phương đang cầm bóng) (bóng bầu dục)","a collar of brawn",""
"24712","bay","bay","A2","noun","động từ","/bei/","7","POS_MISMATCH | MANY_SENSES | LONG_MEANING","18","334","hồng","hồng; ngựa hồng; vịnh; gian (nhà); ô (chuồng ngựa); phần nhà xây lồi ra ngoài; nhịp (cầu); chỗ tránh nhau (trong chiến hào); cây nguyệt quế; vòng nguyệt quế; tiếng chó sủa; cùng đường; bị dồn vào nước đường cùng; dồn vào nước đường cùng, dồn vào chân tường; giữ không cho ai lại gần; chống lại một cách tuyệt hảo; sủa (chó); sủa trăng","to bay the bear",""
"26740","corrupt","corrupt","B2","adjective","nội động từ","/kə'rʌpt/","7","POS_MISMATCH | MANY_SENSES | LONG_MEANING","11","333","bị đút lót","bị đút lót, bị mua chuộc, ăn hối lộ; đồi bại, thối nát, mục nát; bị sửa đổi lại; sai lạc đi (bài văn, ngôn ngữ...); bẩn (không khí...); cách mua chuộc đút lót (đặc biệt là trong cuộc bầu cử); mua chuộc, đút lót, hối lộ; làm hư hỏng, làm đồi bại; làm hư, làm thối; sửa đổi sai lạc đi (bài văn, ngôn ngữ...); hư hỏng, thối nát, đồi bại","to corrupt a book",""
"24483","little","little","A1","adjective","phó từ","/'litl/","7","POS_MISMATCH | MANY_SENSES | LONG_MEANING","14","332","nhỏ bé","nhỏ bé, be bỏng; ngắn, ngắn ngủi; ít ỏi; nhỏ nhen, nhỏ mọn, tầm thường, hẹp hòi, ti tiện; dạ dày; trường phái các nhà khắc tranh Đức thế kỷ 16; những người tầm thường, những vật nhỏ mọn; ít, chẳng bao nhiêu, không nhiều; một chút, một ít; một thời gian ngắn, một quâng ngắn; với quy mô nhỏ; dần dần; ít, một chút; không một chút nào","Can I try a little of that sauce?",""
"26527","bracket","bracket","B2","noun","ngoại động từ","/'brækit/","7","POS_MISMATCH | MANY_SENSES | LONG_MEANING","11","330","côngxon","côngxon, rầm chia; dấu ngoặc đơn; dấu móc; dấu ngoặc ôm; giá đỡ nòng (súng đại bác); khoảng cách giữa hai phát đạn trên và dưới (mục tiêu) để quan trắc; nhóm người đóng thuế xếp theo thu hoạch; gộp lại trong dấu ngoặc; đặt trong dấu ngoặc; xếp (hai hay nhiều người) đồng hạng; bắn hai phát đạn trên và dưới (mục tiêu) để quan trắc","tax bracket, age bracket",""
"25031","flood","flood","A2","noun","nội động từ","/flood/","7","POS_MISMATCH | MANY_SENSES | LONG_MEANING","11","329","lũ","lũ, lụt, nạn lụt; dòng cuồn cuộn; sự tuôn ra, sự chảy tràn ra ((nghĩa đen) & (nghĩa bóng)); nước triều lên ((cũng) flood-tide); sông, suối biển; ,  (thông tục),  (như) flood-light; làm lụt, làm ngập, làm ngập nước; làm tràn đầy, làm tràn ngập; + in) ùa tới, tràn tới, đến tới tấp; bị chảy máu dạ con; phải rời khỏi nhà vì lụt lội","a flood of complaints",""
"25703","chase","chase","B1","noun","ngoại động từ","/tʃeis/","7","POS_MISMATCH | MANY_SENSES | LONG_MEANING","14","328","sự theo đuổi","sự theo đuổi, sự đuổi theo, sự săn đuổi; the chase sự săn bắn; khu vực săn bắn ((cũng) chace); thú bị săn đuổi; tàu bị đuổi bắt; săn, săn đuổi; đuổi, xua đuổi; ,  (từ lóng) chuồn, tẩu thoát; khuôn; rãnh (để đặt ống dẫn nước); phần đầu đại bác (bao gồm nòng súng); chạm, trổ, khắc (kim loại); gắn, đính; tiện, ren (răng, đinh ốc)","I need something to chase this shot with.",""
"24962","empty","empty","A2","adjective","ngoại động từ","/'empti/","7","POS_MISMATCH | MANY_SENSES | LONG_MEANING","14","328","trống","trống, rỗng, trống không, không; rỗng, không có đồ đạc; không có người ở (nhà); rỗng tuếch (người); không có nội dung, vô nghĩa (sự việc); hão, suông (lời hứa); đói bụng; rỗng; thùng rỗng kêu to; vỏ không (thùng không chai không, túi không...); đổ, dốc (chai...); làm cạn, uống cạn (cốc...); trút, chuyên; chảy vào (đổ ra (sông)","Put the empties out to be recycled.",""
"25845","cushion","cushion","B1","noun","ngoại động từ","/'kuʃn/","7","POS_MISMATCH | MANY_SENSES | LONG_MEANING","15","327","cái đệm","cái đệm, cái nệm; đường biên bàn bi a; cái độn tóc; miếng đệm đầu trục,  cuxinê; hơi đệm (hơi còn lại trong xylanh để đệm pittông); thịt mông (lợn...); kẹo hình nệm; lót nệm; đặt ngồi trên nệm; che bằng nệm; (nghĩa bóng) nâng niu, chiều chuộng; làm nhẹ bớt, làm yếu đi; dập đi; dìm đi; làm cho yếu đi (lời kêu nài, than vãn...)","to cushion a sofa",""
"24835","condition","condition","A2","noun","ngoại động từ","/kən'diʃn/","7","POS_MISMATCH | MANY_SENSES | LONG_MEANING","14","325","điều kiện","điều kiện; hoàn cảnh, tình cảnh, tình thế; địa vị, thân phận; trạng thái, tình trạng; mệnh đề điều kiện; kỳ thi vớt; lấy vợ, lấy chồng, lập gia đình; ước định, quy định; tuỳ thuộc vào, quyết định bởi; là điều kiện của, cần thiết cho; thử, kiểm tra phẩm chất (hàng hoá); làm cho sung sức; chăm sóc cho khoẻ mạnh; dự kỳ thi vớt","Environmental protection is a condition for sustainability. What other planets might have the right conditions for life? The union had a dispute over sick time and other conditions of employment.",""
"24859","court","court","A2","noun","ngoại động từ","/kɔ:t/","7","POS_MISMATCH | MANY_SENSES | LONG_MEANING","18","324","sân nhà","sân nhà; toà án; quan toà; phiên toà; cung diện (vua); triều đình; quần thần; buổi chầu; sân (đánh quần vợt...); phố cụt; sự ve vãn, sẹ tán tỉnh; mất quyền thưa kiện; lỗi thời không còn thích hợp; không có căn cứ; tìm cách đạt được, cầu, tranh thủ; ve vãn, tán tỉnh, tỏ tình, tìm hiểu; quyến rũ; đón lấy, rước lấy, chuốc lấy","The girls were playing in the court.",""
"25003","fancy","fancy","A2","adjective","ngoại động từ","/'fænsi/","7","POS_MISMATCH | MANY_SENSES | LONG_MEANING","16","324","sự tưởng tượng","sự tưởng tượng; sự võ đoán; tính đồng bóng; ý muốn nhất thời; sở thích, thị hiếu; có trang hoàng, có trang trí; nhiều màu (hoa); lạ lùng, vô lý; đồng bóng; tưởng tượng; để làm cảnh, để trang hoàng; tưởng tượng, cho rằng, nghĩ rằng; mến, thích; nuôi (súc vật) làm cảnh, trồng (cây) làm cảnh; ồ!; hắn lại tin cái đó mới lạ chứ","I had a fancy to learn to play the flute.",""
"25659","calm","calm","B1","adjective","động từ","/kɑ:m/","7","POS_MISMATCH | MANY_SENSES | LONG_MEANING","12","322","êm đềm","êm đềm, lặng gió (thời tiết); lặng, không nổi sóng (biển); bình tĩnh, điềm tĩnh; trơ tráo, vô liêm sỉ, không biết xấu hổ; sự yên lặng, sự êm ả; sự bình tĩnh, sự điềm tĩnh, sự thanh thản (tâm hồn); thời kỳ yên ổn (xã hội, chính trị); làm dịu đi, làm êm đi; làm bớt (đau); trầm tĩnh lại; dịu đi, êm đi, nguôi đi; lặng (biển)","to calm a crying baby",""
"26876","disgrace","disgrace","B2","noun","ngoại động từ","/dis'geis/","7","POS_MISMATCH | MANY_SENSES | LONG_MEANING","8","320","tình trạng bị ghét bỏ","tình trạng bị ghét bỏ, tình trạng bị ruồng bỏ, tình trạng không được sủng ái; tình trạng giáng chức, tình trạng giáng chức; tình trạng bị thất thế; sự ô nhục, sự nhục nhã, sự hổ thẹn; điều ô nhục, điều nhục nhã, điều hổ thẹn; ghét bỏ, ruồng bỏ, không sủng ái; giáng chức, cách chức; làm ô nhục, làm nhục nhã, làm hổ thẹn","Now she lives in disgrace.",""
"25207","lip","lip","A2","noun","nội động từ","/lip/","7","POS_MISMATCH | MANY_SENSES | LONG_MEANING","15","320","môi","môi; miệng vết thương, miệng vết lở; miệng, mép (cốc, giếng, núi lửa...); cánh môi hình môi; cách đặt môi; sự hỗn xược, sự láo xược; sự không nao núng, sự không lay chuyển được, tính kiên cường; buồn thiu, sầu não; hang; không hé răng; nói lỡ lời; hôn, mặt môi vào; vỗ bờ (nước, sóng); thì thầm; vỗ bập bềnh (nước, sóng)","Don’t give me any lip!",""
"24691","average","average","A2","adjective","ngoại động từ","/'ævəridʤ/","7","POS_MISMATCH | MANY_SENSES | LONG_MEANING","8","318","số trung bình","số trung bình, mức trung bình; sự ước lượng trung bình; loại trung bình, tiêu chuẩn bình thường; sự chia số thiệt hại (về tàu bè hoặc hàng hoá chở trên tàu bè) do tai nạn (giữa chủ tàu và hãng bảo hiểm); trung bình; bình thường, vừa phải, theo tiêu chuẩn thông thường; tính trung bình; đạt trung bình là, trung bình là","The average of 10, 20 and 24 is (10 + 20 + 24)/3 = 18.",""
"25596","bitter","bitter","B1","adjective","danh từ","/'bitə/","7","POS_MISMATCH | MANY_SENSES | LONG_MEANING","13","318","đắng","đắng; cay đắng, chua xót, đau đớn; đau khổ, thảm thiết; chua cay, gay gắt; ác liệt, quyết liệt; rét buốt (thời tiết, gió...); đắng như mật, đắng như bồ bòn; viên thuốc đắng phải uống; điều đắng cay (điều tủi nhục) phải chịu đựng; cho đến cùng; vị đắng; nỗi đắng cay; rượu bia đắng ((cũng) bitter beer) rượu thuốc apxin","The coffee tasted bitter.",""
"24905","diamond","diamond","A2","noun","ngoại động từ","/'daiəmənd/","7","POS_MISMATCH | MANY_SENSES | LONG_MEANING","13","318","kim cương","kim cương; vật lóng lánh, điểm lóng lánh (như kim cương); dao cắt kính ((thường) glazier's diamond,  cutting diamond); hình thoi; hoa rô; cỡ bốn (chữ); sân bóng chày; mạt cưa mướp đắng, vỏ quít dày móng tay nhọn, kẻ cắp bà già gặp nhau; bằng kim cương; nạm kim cương; hình thoi; nạm kim cương; trang sức bằng kim cương","The saw is coated with diamond.",""
"25091","guard","guard","A2","noun","động từ","/gɑ:d/","7","POS_MISMATCH | MANY_SENSES | LONG_MEANING","16","316","sự thủ thế","sự thủ thế, sự giữ miếng (đấu gươm, quyền Anh...); sự đề phòng; cái chắn; sự thay phiên gác; lính gác; đội canh gác; người bảo vệ; (số nhiều) cận vệ, vệ binh; lính canh trại giam; đội lính canh trại giam; đội quân; trưởng tàu; bảo vệ; gác, canh giữ; đề phòng, phòng, giữ gìn; che, chắn (máy, dây curoa, bánh răng...)","The prison guard unlocked the door of the cell. After completing the repairs, he replaced the sump guard.",""
"25172","junk","junk","A2","noun","ngoại động từ","/dʤʌɳk/","7","POS_MISMATCH | MANY_SENSES | LONG_MEANING","10","313","ghe mành","ghe mành, thuyền mành; thừng châo cũ (dùng để tước lấy xơ xảm thuyền); đồ đồng nát, giấy vụn, thuỷ tinh vụn, sắt vụn...; đồ tạp nhạp bỏ đi; thịt ướp muối (bò, lợn...); tảng, cục, mảng; mô sáp (trên đầu cá nhà táng); ,  (từ lóng) thuốc mê; chia thành từng khúc, chặt thành từng mảng; vứt bỏ đi (coi như vô giá trị)","junk fish; junk trees",""
"24489","love","love","A1","noun","ngoại động từ","/lʌv/","7","POS_MISMATCH | MANY_SENSES | LONG_MEANING","13","312","lòng yêu","lòng yêu, tình thương; tình yêu, mối tình, ái tình; người yêu, người tình; thần ái tình; người đáng yêu; vật đáng yêu; điểm không, không (quần vợt); ái tình và nước lã; không có cách gì lấy được cái đó; chơi vì thích không phải vì tiền; chúng nó ghét nhau như đào đất đổ đi; yêu, thương, yêu mến; thích, ưa thích","Hello love, how can I help you?",""
"25294","notice","notice","A2","noun","ngoại động từ","/'noutis/","7","POS_MISMATCH | MANY_SENSES | LONG_MEANING","12","312","thông tri","thông tri, yết thị, thông cáo; lời báo trước; sự báo trước; thời hạn; đoạn ngắn, bài ngắn (trên báo; để thông báo, để bình phẩm một cuốn sách, một vở kịch); sự chú ý, sự để ý, sự nhận biết; chú ý, để ý, nhận biết; báo trước (đuổi nhà, cho nghỉ việc...; nhận xét về (ai, cái gì); chiếu cố, hạ cố; đối xử lễ độ với","He took no notice of the changes, and went on as though nothing had happened.",""
"25157","interest","interest","A2","noun","ngoại động từ","/'intrist/","7","POS_MISMATCH | MANY_SENSES | LONG_MEANING","13","311","sự quan tâm","sự quan tâm, sự chú ý; điều quan tâm, điều chú ý; sự thích thú; điều thích thú; tầm quan trọng; quyền lợi; lợi ích, ích kỷ; lợi tức, tiền lãi; tập thể cùng chung một quyền lợi; dùng lợi ích cá nhân làm áp lực với ai; làm cho quan tâm, làm cho chú ý, làm cho thích thú; liên quan đến, dính dáng đến; làm tham gia","Our bank offers borrowers an annual interest of 5%.",""
"24774","centre","centre","A2","noun","động từ","/'sentə/","7","POS_MISMATCH | MANY_SENSES | LONG_MEANING","13","309","điểm giữa","điểm giữa, tâm; trung tâm; trung khu; trung ương; nhân vật trung tâm; trung phong (bóng đá); phái giữa; đạo trung quân; mẫu, dưỡng (dùng trong luyện kim); khung tò vò, khung bán nguyệt (bằng gỗ, dùng khi xây dựng); đặt vào giữa, để vào giữa, tập trung vào, xoáy quanh; đá (bóng) vào giữa; tìm tâm (của vật gì)","shopping center, convention center, civic center, garment center, Lincoln Center for the Performing Arts, Rockefeller Center",""
"24155","cheese","cheese","A1","noun","ngoại động từ (từ lóng)","/tʃi:z/","7","POS_MISMATCH | MANY_SENSES | LONG_MEANING","12","309","phó mát","phó mát, bánh phó mát; vật đóng bánh (như phó mát); sữa trớ ra (trẻ con); ,  (từ lóng) quan to, chóp bu, nhân vật quan trọng; nếm mùi thất bại; bị bịp; sự không may, sự thất bại; hoàn toàn đáng buồn; trớ ra (trẻ con); the cheese thứ thượng hảo hạng, bậc nhất; cheese it! cút đi! cẩn thận!, chú ý!; thôi, ngừng","Say ""cheese""! ... and there we are!",""
"24006","address","address","A1","noun","ngoại động từ","/ə'dres/","7","POS_MISMATCH | MANY_SENSES | LONG_MEANING","14","308","địa chỉ","địa chỉ; bài nói chuyện, diễn văn; cách nói năng; tác phong lúc nói chuyện; sự khéo léo, sự khôn ngoan; sự ngỏ ý, sự tỏ tình, sự tán tỉnh; sự gửi đi một chuyến tàu hàng; đề địa chỉ; gửi; xưng hô, gọi; nói với, nói chuyện với, diễn thuyết trước; viết cho; to address oneself to chăm chú, toàn tâm toàn ý; nhắm","He addressed some portions of his remarks to his supporters, some to his opponents.",""
"26560","cable","cable","B2","noun","động từ","/'keibl/","7","POS_MISMATCH | MANY_SENSES | LONG_MEANING","12","308","dây cáp","dây cáp; cáp xuyên đại dương; cablegram; dây neo; tầm (1 qoành 0 hải lý tức 183m,  (từ Mỹ,nghĩa Mỹ) 219m) ((cũng) cable length); đường viền xoắn (quanh cột); đường chạm xoắn (vòng vàng); chết ngoẻo; cột bằng dây cáp, buộc bằng dây cáp; đánh điện xuyên đại dương; đánh cáp; trang bị bằng đường viền xoắn (cột)","I tried to watch the movie last night but my cable was out.",""
"25828","crow","crow","B1","noun","nội động từ crew,  crowed","/krou/","7","POS_MISMATCH | MANY_SENSES | LONG_MEANING","12","307","con quạ","con quạ; cái xà beng, cái nạy nắp thùng, cái đòn bẫy ((cũng) crow bar); theo đường chim bay, thẳng tắp; chịu nhục; có chuyện lôi thôi với ai, có chuyện cãi cọ với ai; có chuyện bắt bẻ ai; tiếng gà gáy; tiếng trẻ con bi bô; gáy (gà); nói bi bô (trẻ con); reo mừng (khi chiến thắng); chiến thắng (quân thù...)","He’s been crowing all day about winning the game of cards.",""
"25843","curtain","curtain","B1","noun","ngoại động từ","/'kə:tn/","7","POS_MISMATCH | MANY_SENSES | LONG_MEANING","12","305","màn cửa","màn cửa; màn (ở rạp hát); bức màn (khói, sương); bức thành nối hai pháo đài; cái che (như miếng sắt che lỗ khoá...); ở hậu trường, không công khai; không đả động tới việc gì; bắt đầu, mở màn; công bố, đưa ra ánh sáng; ra sân khấu sau những tràng vỗ tay hoan nghênh (diễn viên); che màn; ngăn cách bằng màn","He took so long to shave his head that we arrived 45 minutes after curtain and were denied late entry.",""
"25571","barrel","barrel","B1","noun","ngoại động từ","/'bærəl/","7","POS_MISMATCH | MANY_SENSES | LONG_MEANING","12","302","thùng tròn","thùng tròn, thùng rượu; thùng (lượng chứa trong thùng); thùng (đơn vị đo dung tích, chừng 150 lít); nòng (súng); ruột (ngựa, trâu, bò); ống (lông chim); khoang màng nhĩ (ở tai); cái trống; tang; đẩy ai vào hoàn cảnh khó khăn; ngồi trên thùng thuốc nổ, ngồi trên núi lửa (bóng); đổ vào thùng, đóng thùng","a cracker barrel",""
"24807","clerk","clerk","A2","noun","nội động từ","/klɑ:k/","7","POS_MISMATCH | MANY_SENSES | LONG_MEANING","9","302","người thư ký","người thư ký; tu sĩ, giáo sĩ, mục sư ((cũng) clerk in holy orders); người giúp việc bán hàng, nhân viên bán hàng; người biết đọc biết viết; nhà nghiên cứu khí tượng; (từ Mỹ,nghĩa Mỹ) giám đốc nha khí tượng; ông khí tượng (khí tượng nhân cách hoá); đốc công (trông nom việc xây dựng nhà cửa); làm thư ký","The law school graduate clerked for the supreme court judge for the summer.",""
"26880","dismiss","dismiss","B2","verb","danh từ","/dis'mis/","7","POS_MISMATCH | MANY_SENSES | NOISY_PRIMARY_MEANING","9","300","giải tán (đám đông tụ tập","giải tán (đám đông tụ tập, quân đội...); cho đi; đuổi ra, thải hồi, sa thải (người làm...); gạt bỏ, xua đuổi (ý nghĩ...); bàn luận qua loa, nêu lên qua loa (một vấn đề, cốt để bỏ qua); đánh đi (quả bóng crickê); bỏ không xét (một vụ); bác (đơn); the dismiss (quân sự) sự giải tán (sau buổi tập luyện)","The company dismissed me after less than a year.",""
"24318","flower","flower","A1","noun","nội động từ","/flower/","7","POS_MISMATCH | MANY_SENSES | MISSING_EXAMPLE | DUPLICATE_PRIMARY_MEANING","14","297","hoa","hoa, bông hoa, đoá hoa; cây hoa; lời lẽ văn hoa; tinh hoa, tinh tuý; thời kỳ nở hoa; tuổi thanh xuân; (hoá học) hoa; váng men; cái giấm; xin miễn đem vòng hoa phúng (đám ma); làm nở hoa, cho ra hoa; tô điểm bằng hoa, trang trí bằng hoa; nở hoa, khai hoa, ra hoa; nở rộ, đạt tới thời kỳ rực rỡ nhất","",""
"26806","decomposition","decomposition","B2","noun","","","7","POS_MISMATCH | MANY_SENSES | MISSING_EXAMPLE | DUPLICATE_PRIMARY_MEANING","7","296","sự phân tích","sự phân tích, sự khai triển, sự phân hoạch; d. into direct sum phân tích thành tổng trực tiếp; d. of a faction sự khai triển một phân số; additive d. (đại số) sự phân tích cộng tính; central d. (đại số) sự phân tích trung tâm; direct d. sự phân tích trực tiếp; standard d. sự phân tích tiêu chuẩn","",""
"26755","crab","crab","B2","noun","động từ","/kræb/","7","POS_MISMATCH | MANY_SENSES | NOISY_PRIMARY_MEANING","11","279","quả táo dại ((cũng) crab apple)","quả táo dại ((cũng) crab apple); cây táo dại ((cũng) crab tree); người hay gắt gỏng, người hay càu nhàu; con cua; can rận ((cũng) crab louse); cái tời; hai số một (chơi súc sắc); (nghĩa bóng) sự thất bại; cào xé (bằng móng); vồ, quắp (chim ưng); công kích chê bai, chỉ trích (ai)","Although crabs themselves are an easily treated inconvenience, the patient and his partner(s) clearly run major STD risks.",""
"24861","cream","cream","A2","adjective","nội động từ","/kri:m/","7","POS_MISMATCH | MANY_SENSES | NOISY_PRIMARY_MEANING","12","271","kem (lấy từ sữa)","kem (lấy từ sữa); kem (que, cốc); kem (để bôi); kem (đánh giầy); tinh hoa, tinh tuý, phần tốt nhất, phần hay nhất; màu kem; gạn lấy kem (ở sữa); gạn lấy phần tốt nhất; cho kem (vào cà phê...); làm cho nổi kem, làm cho nổi váng; thoa kem (lên mặt); nổi kem (sữa), nổi váng","Take 100 ml of cream and 50 grams of sugar…",""
"25043","fork","fork","A2","noun","nội động từ","/fɔ:k/","7","POS_MISMATCH | MANY_SENSES | NOISY_PRIMARY_MEANING","10","262","cái nĩa (để xiên thức ăn)","cái nĩa (để xiên thức ăn); cái chĩa (dùng để gảy rơm...); chạc cây; chỗ ngã ba (đường, sông); thanh mẫu, âm thoa ((cũng) tuning fork); tia chớp chữ chi, tia chớp nhằng nhằng; đào bằng chĩa, gảy bằng chĩa (rơm, rạ...); phân nhánh, chia ngả; trao; trả tiền, xuỳ ra","West Fork White River and East Fork White River join together to form the White River of Indiana.",""
"26651","commission","commission","B2","noun","ngoại động từ","/kə'miʃn/","7","POS_MISMATCH | MANY_SENSES | MISSING_EXAMPLE | DUPLICATE_PRIMARY_MEANING","11","256","lệnh","lệnh, mệnh lệnh; nhiệm vụ, phận sự; sự uỷ nhiệm, sự uỷ thác; công việc uỷ nhiệm, công việc uỷ thác; hội đồng uỷ ban; tiền hoa hồng; sự phạm, sự can phạm; bằng phong các cấp sĩ quan; sự trang bị vũ khí; uỷ nhiệm, uỷ thác; đặt làm, đặt mua (một bức tranh...)","",""
"24761","calendar","calendar","A2","noun","ngoại động từ","/'kælində/","7","POS_MISMATCH | MANY_SENSES | NOISY_PRIMARY_MEANING","9","253","lịch (ghi năm tháng)","lịch (ghi năm tháng); lịch công tác; danh sách các vị thánh; danh sách những vụ án được đem ra xét xử; sổ hằng năm (của trường đại học); chương trình nghị sự (của nghị viện...); ghi vào lịch; ghi vào danh sách; sắp xếp (tài liệu) theo trình tự thời gian","The three principal calendars are the Gregorian, Jewish, and Islamic calendars.",""
"26276","harness","harness","B1","noun","ngoại động từ","/'hɑ:nis/","7","POS_MISMATCH | MANY_SENSES | NOISY_PRIMARY_MEANING","8","243","bộ yên cương (ngựa)","bộ yên cương (ngựa); trang bị lao động, dụng cụ lao động; áo giáp (của người và ngựa); dệt khung go; lại lao đầu vào công việc; đang làm công việc thường xuyên; đóng yên cương (ngựa); khai thác để sản xuất điện (một con sông, một thác nước...)","They harnessed the horse to the post.",""
"25577","beard","beard","B1","noun","ngoại động từ","/biəd/","7","POS_MISMATCH | MANY_SENSES | NOISY_PRIMARY_MEANING","11","242","râu (người)","râu (người); (thực vật học) râu hạt thóc...; ngạnh (mũi tên, lưỡi câu); cười thầm; cười vào mặt ai; tìm cách lừa gạt ai; toan lừa bịp ai; quyết xông vào, quyết xả vào chiếm lấy; nói lúng búng; đương đầu với, chống cư; vào hang hùm bắt cọp con","the beard of grain",""
"25643","burden","burden","B1","noun","ngoại động từ","/'bə:dn/ (burthen) /'bə:ðən/","7","POS_MISMATCH | MANY_SENSES | NOISY_PRIMARY_MEANING","9","236","gánh nặng ((nghĩa đen) & (nghĩa bóng))","gánh nặng ((nghĩa đen) & (nghĩa bóng)); sức chở, trọng tải (của tàu); món chi tiêu bắt buộc; đoạn điệp (bài bát); ý chính, chủ đề (bài thơ, cuốn sách); súc vật thồ; thân trâu ngựa; chất nặng lên; đè nặng lên ((nghĩa đen) & (nghĩa bóng))","a ship of a hundred tons burden",""
"26237","gown","gown","B1","noun","ngoại động từ (thường) dạng bị động","/gaun/","7","POS_MISMATCH | MANY_SENSES | NOISY_PRIMARY_MEANING","5","222","áo tôga (La-mã xưa)","áo tôga (La-mã xưa); áo dài (của phụ nữ, mặc trong những dịp đặc biệt...); áo choàng (của giáo sư đại học, quan toà...); giáo sư và học sinh trường đại học Ôc-phớt và Căm-brít (đối lại với dân thường hàng phố); mặc, ăn bận","In the perennial town versus gown battles, townies win some violent battles, but the collegians are winning the war.",""
"24781","challenge","challenge","A2","noun","ngoại động từ","/'tʃælindʤ/","7","POS_MISMATCH | MANY_SENSES | NOISY_PRIMARY_MEANING","8","217","tiếng hô ""đứng lại"" (của lính đứng gác)","tiếng hô ""đứng lại"" (của lính đứng gác); sự thách thức; sự không thừa nhận; hiệu lệnh (cho tàu thuỷ, máy bay) bắt trưng bày dấu hiệu; hô ""đứng lại"" (lính đứng gác); thách, thách thức; không thừa nhận; đòi hỏi, yêu cầu","We challenged the boys next door to a game of football.",""
"26726","copper","copper","B2","noun","ngoại động từ","/'kɔpə/","7","POS_MISMATCH | MANY_SENSES | MISSING_EXAMPLE | DUPLICATE_PRIMARY_MEANING","12","216","cảnh sát","cảnh sát, mật thám, cớm; đồng (đỏ); đồng xu đồng; thùng nấu quần áo bằng đồng; chảo nấu đồng; mồm, miệng, cổ họng; giải khát, uống cho mát họng; bọc đồng (đáy tàu); mạ đồng; bằng đồng; có màu đồng; bọc đồng (đáy tàu)","",""
"25139","in","in","A2","adverb","","","7","POS_MISMATCH | MANY_SENSES | MISSING_EXAMPLE | DUPLICATE_PRIMARY_MEANING","9","212","trong","trong, ở trong i. case trong trường hợp; i. fact thực vậy, thực ra; i. the; large, i. general nói chung; i. order to để; i. particular nói riêng, đặc; biệt; i. particularr nói riêng, đặc biệt; i. the small cục bộ","",""
"25521","arrest","arrest","B1","noun","ngoại động từ","/ə'rest/","7","POS_MISMATCH | MANY_SENSES | MISSING_EXAMPLE | DUPLICATE_PRIMARY_MEANING","7","205","sự bắt giữ","sự bắt giữ; sự ngừng lại, sự chặn lại, sự hãm lại; sự hoãn thi hành; bắt giữ; làm ngừng lại, chặn lại, ngăn lại, hãm lại (máy đang chạy...); lôi cuốn (sự chú ý); hoãn thi hành (một bản án vì có sự lầm lẫn)","",""
"26545","bruise","bruise","B2","noun","nội động từ","/bru:z/","7","POS_MISMATCH | MANY_SENSES | NOISY_PRIMARY_MEANING","9","205","vết thâm tím (trên người)","vết thâm tím (trên người), vết thâm (trên hoa quả); làm thâm tím (mình mẩy); làm cho thâm lại (hoa quả); làm méo mó (đồ đồng...); làm sứt sẹo (gỗ); tán, giã (vật gì); thâm tím lại; thâm lại; chạy thục mạng","Bananas bruise easily.",""
"25103","harvest","harvest","A2","noun","ngoại động từ","/'hɑ:vist/","7","POS_MISMATCH | MANY_SENSES | NOISY_PRIMARY_MEANING","6","194","việc gặt (lúa...)","việc gặt (lúa...), việc thu hoạch (hoa quả...); mùa gặt, vụ thu hoạch; thu hoạch, vụ gặt; kết quả, thu hoạch (của một việc gì); gặt hái, thu hoạch ((nghĩa đen) & (nghĩa bóng)); thu vén, dành dụm","Harvest is usually very damp and rainy.",""
"24703","barbecue","barbecue","A2","noun","ngoại động từ","/'bɑ:bikju:/","7","POS_MISMATCH | MANY_SENSES | NOISY_PRIMARY_MEANING","5","193","lợn (bò","lợn (bò, cừu) nướng (quay) cả con; vỉ để nướng (quay) cả con (lợn bò, cừu...); cuộc liên hoan ngoài trời có quay lợn, bò, cừu cả con; sân phơi cà phê; nướng cả con, quay cả con (lợn bò, cừu...)","We cooked our food on the barbecue.",""
"24818","comfortable","comfortable","A2","adjective","danh từ","/'kʌmfətəbl/","7","POS_MISMATCH | MANY_SENSES | MISSING_EXAMPLE | DUPLICATE_PRIMARY_MEANING","7","193","tiện lợi","tiện lợi, đủ tiện nghi; ấm cúng; dễ chịu, thoải mái, khoan khoái; đầy đủ, sung túc, phong lưu; yên tâm, không băn khoăn, không lo lắng; làm yên tâm, an ủi, khuyên giải; chăn lông vịt, chăn bông","",""
"24876","cruise","cruise","A2","noun","nội động từ","/kru:z/","7","POS_MISMATCH | MANY_SENSES | NOISY_PRIMARY_MEANING","6","189","cuộc đi chơi biển (bằng tàu thuỷ)","cuộc đi chơi biển (bằng tàu thuỷ); cuộc tuần tra trên biển; đi chơi biển (bằng tàu thuỷ); tuần tra trên biển; xe tắc xi đang đi chậm kiếm khách; bay với tốc độ tiết kiệm xăng nhất (máy bay)","Germany cruised to a World Cup victory over the short-handed Australians.",""
"24446","juice","juice","A1","noun","ngoại động từ","/dʤu:s/","7","POS_MISMATCH | MANY_SENSES | NOISY_PRIMARY_MEANING","7","183","nước ép (của quả","nước ép (của quả, thịt, rau); dịch; phần tinh hoa, phần tinh tuý (của cái gì); xăng, dầu; điện; ép (quả, thịt, rau...) lấy nước; làm hoạt động lên, làm hăng hái lên, làm phấn khởi lên","Squeeze the orange and some juice will come out.",""
"24908","diet","diet","A2","noun","ngoại động từ","/'daiət/","7","POS_MISMATCH | MANY_SENSES | NOISY_PRIMARY_MEANING","8","182","nghị viên (ở các nước khác nước Anh)","nghị viên (ở các nước khác nước Anh); hội nghị quốc tế; ở Ê-cốt) cuộc họp một ngày; đồ ăn thường ngày (của ai); chế độ ăn uống; chế độ ăn kiêng; bắt ăn uống theo chế độ; bắt ăn kiêng","The diet of the Giant Panda consists mainly of bamboo.",""
"25751","companion","companion","B1","noun","nội động từ","/kəm'pænjən/","7","POS_MISMATCH | MANY_SENSES | MISSING_EXAMPLE | DUPLICATE_PRIMARY_MEANING","5","181","bạn","bạn, bầu bạn; người bạn gái (được thuê để cùng chung sống làm bầu bạn với một người phụ nữ khác) ((cũng) companion lady companion); sổ tay, sách hướng dẫn; vật cùng đôi; làm bạn với","",""
"24290","farm","farm","A1","noun","nội động từ","/fɑ:m/","7","POS_MISMATCH | MANY_SENSES | MISSING_EXAMPLE | DUPLICATE_PRIMARY_MEANING","10","179","trại","trại, trang trại, đồn điền; nông trường; khu nuôi thuỷ sản; trại trẻ; farm-house; cày cấy, trồng trọt; cho thuê (nhân công); trông nom trẻ em (ở trại trẻ); trưng (thuê); làm ruộng","",""
"24594","page","page","A1","noun","nội động từ","/peidʤ/","7","POS_MISMATCH | MANY_SENSES | NOISY_PRIMARY_MEANING","7","178","trang (sách...)","trang (sách...); (nghĩa bóng) trang sử; đánh số trang; tiểu đồng; em nhỏ phục vụ (ở khách sạn, rạp hát...); sai em nhỏ phục vụ gọi (ai); làm em nhỏ phục vụ (ở khách sạn, rạp hát)","the page of history",""
"25713","christian","christian","B1","adjective","danh từ","/'kristjən/","7","POS_MISMATCH | MANY_SENSES | MISSING_EXAMPLE | DUPLICATE_PRIMARY_MEANING","8","177","đạo Cơ-đốc","đạo Cơ-đốc; tin vào Cơ-đốc; thánh; người văn minh; lễ chôn cất theo đúng thủ tục của nhà thờ; tên thánh; người theo đạo Cơ-đốc; người văn minh (đối với người dã man như thú vật)","",""
"24972","envy","envy","A2","noun","ngoại động từ","/'envɔi/","7","POS_MISMATCH | MANY_SENSES | MISSING_EXAMPLE | DUPLICATE_PRIMARY_MEANING","5","175","sự thèm muốn","sự thèm muốn, sự ghen tị, sự đố kỵ; vật làm người ta thèm muốn; người làm người ta ghen tị; lý do làm người ta thèm muốn, lý do làm người ta ghen tị; thèm muốn, ghen tị, đố kỵ","",""
"26707","contemporary","contemporary","B2","adjective","danh từ","/kən'tempərəri/ (co-temporary) /kən'tempərəri/","7","POS_MISMATCH | MANY_SENSES | NOISY_PRIMARY_MEANING","9","163","temporary)","temporary); đương thời; cùng thời; cùng tuổi (người); xuất bản cùng thời (báo chí); hiện đại (lịch sử); người cùng thời; người cùng tuổi; bạn đồng nghiệp (báo chí)","Cervantes was a contemporary of Shakespeare.",""
"26519","boost","boost","B2","noun","ngoại động từ","/bu:st/","7","POS_MISMATCH | MANY_SENSES | NOISY_PRIMARY_MEANING","9","157","sự quảng cáo rùm beng (cho ai)","sự quảng cáo rùm beng (cho ai); sự tăng giá; sự nổi tiếng; sự tăng thế; nâng lên, đưa lên; quảng cáo rùm beng (cho ai); tăng giá; làm cho nổi tiếng; tăng thế","The controversy gave a boost to the author's sales.",""
"24813","coin","coin","A2","noun","ngoại động từ","/kɔin/","7","POS_MISMATCH | MANY_SENSES | NOISY_PRIMARY_MEANING","8","156","đồng tiền (tiền đồng","đồng tiền (tiền đồng, tiền kim loại); tiền; ăn miếng trả miếng; đúc (tiền); đúc (kim loại) thành tiền; tạo ra, đặt ra; hái ra tiền; vắt óc nghĩ mẹo làm tiền","She spent some serious coin on that car!",""
"24672","around","around","A2","adverb","giới từ","/ə'raund/","7","POS_MISMATCH | MANY_SENSES | MISSING_EXAMPLE | DUPLICATE_PRIMARY_MEANING","7","146","xung quanh","xung quanh; vòng quanh; đó đây, chỗ này, chỗ nọ, khắp nơi; quanh quẩn, loanh quanh, ở gần; xung quanh, vòng quanh; đó đây, khắp; khoảng chừng, gần","",""
"26466","barren","barren","B2","adjective","danh từ","/'bærən/","7","POS_MISMATCH | MANY_SENSES | NOISY_PRIMARY_MEANING","6","140","cằn cỗi (đất)","cằn cỗi (đất); không có quả (cây); hiếm hoi, không sinh đẻ (đàn bà); không đem lại kết quả; khô khan (văn); dải đất cằn cỗi, cánh đồng hoang","The pine barrens are a site lonely enough to suit any hermit.",""
"25237","marry","marry","A2","verb","thán từ","/'mæri/","7","POS_MISMATCH | MANY_SENSES | NOISY_PRIMARY_MEANING","5","138","cưới (vợ)","cưới (vợ), lấy (chồng); lấy vợ cho, lấy chồng cho, gả, làm lễ cưới cho ở nhà thờ; kết hợp chặt chẽ; kết hôn, lấy vợ, lấy chồng; thế à!, ồ!","Neither of her daughters showed any desire to marry.",""
"26273","harbour","harbour","B1","noun","nội động từ ((từ Mỹ,nghĩa Mỹ) (cũng) habor)","/'hɑ:bə/","7","POS_MISMATCH | MANY_SENSES | MISSING_EXAMPLE | DUPLICATE_PRIMARY_MEANING","7","137","bến tàu","bến tàu, cảng; nơi an toàn; nơi ẩn náu; chứa chấp; che giấu, cho ẩn náu; nuôi dưỡng (ý nghĩ xấu...); bỏ neo ở cảng, đậu ở cảng (tàu thuỷ)","",""
"25602","blush","blush","B1","noun","nội động từ","/blʌʃ/","7","POS_MISMATCH | MANY_SENSES | NOISY_PRIMARY_MEANING","7","131","sự đỏ mặt (vì thẹn)","sự đỏ mặt (vì thẹn); ánh hồng, nét ửng đỏ; cái nhìn, cái liếc mắt; làm cho ai thẹn đỏ mặt; đỏ mặt (vì thẹn); thẹn; ửng đỏ, ửng hồng","He wasn't used to this much attention, so he blushed as he saw dozens of pairs of eyes watching him.",""
"26086","exit","exit","B1","noun","nội động từ","/'eksit/","7","POS_MISMATCH | MANY_SENSES | NOISY_PRIMARY_MEANING","6","131","sự đi vào (của diễn viên)","sự đi vào (của diễn viên); sự ra, sự đi ra, sự đi khỏi; lối ra, cửa ra; sự chết, sự lìa trần; vào, đi vào; chết, lìa trần, biến mất","He made his exit at the opportune time.",""
"25169","journey","journey","A2","noun","nội động từ","/'dʤə:ni/","7","POS_MISMATCH | NOISY_PRIMARY_MEANING | LONG_PRIMARY_MEANING | MISSING_EXAMPLE","3","130","cuộc hành trình (thường là bằng đường bộ)","cuộc hành trình (thường là bằng đường bộ); chặng đường đi, quâng đường đi (trong một thời gian nhất định); làm một cuộc hành trình","",""
"25154","instrument","instrument","A2","noun","ngoại động từ","/'instrumənt/","7","POS_MISMATCH | MANY_SENSES | NOISY_PRIMARY_MEANING","6","123","dụng cụ ((nghĩa đen) & (nghĩa bóng))","dụng cụ ((nghĩa đen) & (nghĩa bóng)); nhạc khí; công cụ, phương tiện; văn kiện; cung cấp dụng cụ máy móc cho; phối dàn nhạc","The violinist was a master of her instrument.",""
"25421","accidental","accidental","B1","adjective","danh từ","/,æksi'dentl/","7","POS_MISMATCH | MANY_SENSES | MISSING_EXAMPLE | DUPLICATE_PRIMARY_MEANING","5","115","tình cờ","tình cờ, ngẫu nhiên; bất ngờ; phụ, phụ thuộc, không chủ yếu; cái phụ, cái không chủ yếu; dấu thăng giáng bất thường","",""
"26355","ally","ally","B2","noun","ngoại động từ","/'æli/","7","POS_MISMATCH | MANY_SENSES | NOISY_PRIMARY_MEANING","5","109","hòn bi (bằng đá thạch cao)","hòn bi (bằng đá thạch cao); nước đồng minh, nước liên minh; bạn đồng minh; liên kết, liên minh; kết thông gia","the two countries were allies in WWI",""
"26391","antivirus","antivirus","B2","noun","","","7","POS_MISMATCH | NOISY_PRIMARY_MEANING | LONG_PRIMARY_MEANING | MISSING_EXAMPLE","1","88","chống virus (một trình tiện ích được biên soạn để kiểm tra và khử bỏ các virus máy tính)","chống virus (một trình tiện ích được biên soạn để kiểm tra và khử bỏ các virus máy tính)","",""
"26243","graph","graph","B1","noun","động từ","/græf/","7","POS_MISMATCH | MANY_SENSES | MISSING_EXAMPLE | DUPLICATE_PRIMARY_MEANING","6","69","đồ thị","đồ thị; mạch; vẽ đồ thị; minh hoạ bằng đồ thị; máy in thạch; in thạch","",""
"25496","anti","anti","B1","adjective","giới từ","","7","POS_MISMATCH | MANY_SENSES | MISSING_EXAMPLE | DUPLICATE_PRIMARY_MEANING","5","67","chống lại","chống lại; tiền tố; đối lập, chống lại; ngược, trái với; phòng ngừa","",""
"26908","dna","dna","B2","noun","(viết tắt)","","7","POS_MISMATCH | NOISY_PRIMARY_MEANING | LONG_PRIMARY_MEANING | MISSING_EXAMPLE","1","58","cấu tử cơ bản của tế bào di truyền (acid deoxyribonucleic)","cấu tử cơ bản của tế bào di truyền (acid deoxyribonucleic)","",""
"24234","do","do","A1","do-verb","danh từ","/du:, du/","6","MANY_SENSES | LONG_MEANING | MISSING_EXAMPLE | DUPLICATE_PRIMARY_MEANING","60","1538","làm","làm, thực hiện; làm, làm cho, gây cho; làm, học (bài...); giải (bài toán); dịch; thời hoàn thành & động tính từ quá khứ) làm xong, xong, hết; dọn, thu dọn, sắp xếp, thu xếp ngăn nắp, sửa soạn; nấu, nướng, quay, rán; đóng vai; làm ra vẻ, làm ra bộ; làm mệt lử, làm kiệt sức; đi, qua (một quãng đường); bịp, lừa bịp, ăn gian; đi thăm, đi tham quan; chịu (một hạn tù); cho ăn, đãi; làm, thực hiện, xử sự, hành động, hoạt động; thời hoàn thành làm xong, hoàn thành, chấm dứt; được, ổn, chu toàn, an toàn, hợp; thấy trong người, thấy sức khoẻ (tốt, xấu...); làm ăn xoay sở; làm lại, làm lại lần nữa; bỏ đi, huỷ bỏ, gạt bỏ, diệt đi, làm mất đi; xử sự, đối xử; chăm nom công việc gia đình cho, lo việc nội trợ cho (ai); khử đi, trừ khử, giết đi; phá huỷ, huỷ hoại đi; làm tiêu ma đi sự nghiệp, làm thất cơ lỡ vận; bắt, tóm cổ (ai); tống (ai) vào tù; rình mò theo dõi (ai); khử (ai), phăng teo (ai); làm mệt lử, làm kiệt sức; bỏ ra (mũ), cởi ra (áo); bỏ (thói quen); mặc (áo) vào; làm lại, bắt đầu lại; trát, phết, bọc; gói, bọc; sửa lại (cái mũ, gian phòng...); làm mệt lử, làm kiệt sức, làm sụm lưng; vui lòng, vừa ý với; ổn, được, chịu được, thu xếp được, xoay sở được; bỏ được, bỏ qua được, nhin được, không cần đến; lâm chiến, đánh nhau; giết ai; làm hết sức mình; giết chết; bịp, lừa bịp, ăn gian; phỉnh ai, tâng bốc ai; brown; được chứ! đồng ý chứ!; không ai làm những điều như thế!, điều đó không ổn đâu!; hay lắm! hoan hô!; trò lừa đảo, trò lừa bịp; chầu, bữa chén, bữa nhậu nhẹt; phần; (từ lóng) sự tiến bộ, sự thành công; đô; của ditto","",""
"24055","bat","bat","A1","noun","danh từ","/bæt/","6","MANY_SENSES | LONG_MEANING | NOISY_PRIMARY_MEANING","30","899","gây (đánh bóng chày","gây (đánh bóng chày,  crikê); (từ cổ,nghĩa cổ) vợt (quần vợt); vận động viên bóng chày, vận động viên crikê ((cũng) bat sman); cú đánh bất ngờ; bàn đập (của thợ giặt); ,  (từ lóng) giữ một vị trí quan trọng (đánh bóng chày); giữ vai trò quan trọng; thắng, giành được thắng lợi, không bị loại khỏi vòng; ,  (từ lóng) gặp phải một vấn đề khó khăn hóc búa; phải qua một thử thách gay go; thi đấu với ai; một mình không có ai giúp đỡ, đơn thương độc mã; ngay lập tức, không chậm trễ; đánh bằng gậy (bóng chày Ãcrikê); đánh; con dơi; mù tịt; gàn, dở hơi; thật nhanh ba chân bốn cẳng; bước đi, dáng đi; thật nhanh; đi thật nhanh, ba chân bốn cẳng; the bat (Anh,  Ân) (thông tục) tiếng nói, ngôn ngữ nói; ,  (từ lóng) nói tiếng nước ngoài; nháy (mắt); không chợp mắt được lúc nào; cứ điềm nhiên, cứ phớt tỉnh; ,  (từ lóng) sự chè chén linh đình; sự ăn chơi phóng đãng; của battery (quân sự) khẩu đội (pháo)","You've been in for ages. Can I have a bat now?",""
"25051","freeze","freeze","A2","verb","ngoại động từ","/fri:z/","6","MANY_SENSES | LONG_MEANING | MISSING_EXAMPLE | DUPLICATE_PRIMARY_MEANING","24","543","sự đông vì lạnh","sự đông vì lạnh, sự giá lạnh; tình trạng đông vì lạnh; tiết đông giá; sự ổn định; sự hạn định (giá cả, tiền lương...); đóng băng; đông lại (vì lạnh), lạnh cứng; thấy lạnh, thấy giá; thấy ớn lạnh, thấy ghê ghê (vì sợ); làm đóng băng; làm đông, làm lạnh cứng; ướp lạnh (thức ăn); làm (ai) ớn lạnh; làm lạnh nhạt (tình cảm); làm tê liệt (khả năng...); ngăn cản, cản trở (sự thực hiện); ổn định; hạn định (giá cả, tiền lương...); nắm chặt lấy, giữ chặt lấy; cho (ai) ra rìa; phủ đầy băng; bị phủ đầy băng; làm ai sợ hết hồn; mức chịu đựng cao nhất","",""
"24202","could","could","A1","modal auxiliary","động từ could","/kæn/","6","MANY_SENSES | LONG_MEANING | MISSING_EXAMPLE | DUPLICATE_PRIMARY_MEANING","15","432","bình","bình, bi đông, ca (đựng nước); vỏ đồ hộp, hộp đồ hộp; ghế đẩu, ghế ngồi ở nhà tiêu; ,  (từ lóng) nhà tù, nhà giam; đã làm xong và sẵn sàng để đem ra dùng; chịu trách nhiệm, gánh trách nhiệm; đóng hộp (thịt, cá, quả...); ghi vào băng ghi âm, thu vào đĩa (bản nhạc); đuổi ra khỏi trường (học sinh); đuổi ra, thải ra; ,  (từ lóng) chấm dứt, chặn lại, ngăn lại; ,  (từ lóng) bỏ tù, bắt giam; có thể, có khả năng; có thể, được phép; biết","",""
"24308","find","find","A1","verb","ngoại động từ","/faind/","6","MANY_SENSES | LONG_MEANING | NOISY_PRIMARY_MEANING","19","426","sự tìm thấy (chồn","sự tìm thấy (chồn, cáo, mỏ, vàng...); vật tìm thấy; thấy, tìm thấy, tìm ra, bắt được; nhận, nhận được, được; nhận thấy, xét thấy, thấy; thấy có (thời gian, can đảm...); tới, đạt tới, trúng; cung cấp; xác minh và tuyên bố (tội, tội giết người...); khám phá ra, tìm ra; phát minh ra; giải (một vấn đề); hỏi về, tìm hiểu về; lợi dụng; đi đứng được; tự lực được; bill; thấy được sở trường năng khiếu của mình; tự cung cấp cho mình","I found my car keys. They were under the couch.",""
"25035","follow","follow","A2","verb","nội động từ","/'fɔlou/","6","MANY_SENSES | LONG_MEANING | NOISY_PRIMARY_MEANING","19","376","cú đánh theo (bi-a)","cú đánh theo (bi-a); nửa suất thêm (ở hàng ăn); đi theo sau; theo nghề, làm nghề; đi theo một con đường; đi theo, đi hầu (ai); theo, theo đuổi; nghe kịp, hiểu kịp; tiếp theo, kế theo; theo dõi (tình hình...); đi theo, đi theo sau; sinh ra, xảy đến; theo đuổi đến cùng; theo miết, bám sát; bồi thêm (một cú nữa); như sau; sheep; nose; theo ai như hình với bóng, lẽo đẽo theo ai","a follow shot",""
"25780","connection","connection","B1","noun","danh từ","/kə'nekʃn/","6","MANY_SENSES | LONG_MEANING | MISSING_EXAMPLE | DUPLICATE_PRIMARY_MEANING","13","365","sự liên quan","sự liên quan, sự liên lạc, mối quan hệ; sự chấp nối; sự mạch lạc; sự giao thiệp, sự kết giao; bà con, họ hàng, thân thuộc; phái, giáo phái; khách hàng; tàu xe chạy nối tiếp (tiếp vận với những tàu xe khác); vật (để) nối; chỗ nối (hai ống nối với nhau); về điều đó, liên quan đến điều đó; có quan hệ với, có liên quan với, có dính líu tới; chạy nối tiếp với (tàu xe)","",""
"25781","connexion","connexion","B1","noun","danh từ","/kə'nekʃn/","6","MANY_SENSES | LONG_MEANING | MISSING_EXAMPLE | DUPLICATE_PRIMARY_MEANING","13","365","sự liên quan","sự liên quan, sự liên lạc, mối quan hệ; sự chấp nối; sự mạch lạc; sự giao thiệp, sự kết giao; bà con, họ hàng, thân thuộc; phái, giáo phái; khách hàng; tàu xe chạy nối tiếp (tiếp vận với những tàu xe khác); vật (để) nối; chỗ nối (hai ống nối với nhau); về điều đó, liên quan đến điều đó; có quan hệ với, có liên quan với, có dính líu tới; chạy nối tiếp với (tàu xe)","",""
"26094","extend","extend","B1","verb","nội động từ","/iks'tend/","6","MANY_SENSES | LONG_MEANING | NOISY_PRIMARY_MEANING","13","357","duỗi thẳng (tay","duỗi thẳng (tay, chân...); đưa ra, giơ ra; kéo dài (thời hạn...), gia hạn, mở rộng; dàn rộng ra (quân đội); ,  (từ lóng) làm việc dốc hết; dành cho (sự đón tiếp...); gửi tới (lời chúc...); đánh giá (tài sản) (để tịch thu); tịch thu (tài sản, vì nợ); chép (bản tốc ký...) ra chữ thường; chạy dài, kéo dài (đến tận nơi nào...); mở rộng; dàn rộng ra (quân đội)","The desert extended for miles in all directions.",""
"25340","pence","pence","A2","noun","danh từ,  số nhiều pence chỉ giá trị,  pennies chỉ số đồng tiền","/'peni/","6","MANY_SENSES | LONG_MEANING | NOISY_PRIMARY_MEANING","11","332","đồng xu penni (1 qoành 2 silinh)","đồng xu penni (1 qoành 2 silinh); ,  (thông tục) đồng xu (1 qoành 00 đô la); số tiền; việc đã làm thì phải làm đến nơi đến chốn; anh đang nghĩ gì mà mê mải thế?; tiểu thuyết rùng rợn; một áo trắng đụp hai màu (chế những người ăn mặc loè loẹt...); tiết kiệm đồng nào hay đồng ấy; chú ý từng xu; nhịn trầu mua trâu; làm ăn lương thiện","to turn an honest penny",""
"26068","establishment","establishment","B1","noun","danh từ","/is'tæbliʃmənt/","6","MANY_SENSES | LONG_MEANING | MISSING_EXAMPLE | DUPLICATE_PRIMARY_MEANING","10","319","sự thành lập","sự thành lập, sự thiết lập, sự kiến lập; sự đặt (ai vào một địa vị); sự chứng minh, sự xác minh (sự kiện...); sự đem vào, sự đưa vào (thói quen, sự tín ngưỡng...); sự chính thức hoá (nhà thờ); tổ chức (quân đội, hải quân, hành chính...); cơ sở (kinh doanh); số người hầu; quân số, lực lượng; cơ ngơi của vợ lẽ con riêng","",""
"25840","current","current","B1","adjective","tính từ","/'kʌrənt/","6","MANY_SENSES | LONG_MEANING | NOISY_PRIMARY_MEANING","11","312","dòng (nước)","dòng (nước); luồng (gió, không khí); (điện học) dòng điện; dòng, luồng, chiều, hướng (dư luận, tư tưởng...); ngược dòng; đi ngược dòng; đi theo dòng, đi xuôi dòng; hiện hành, đang lưu hành; phổ biến, thịnh hành, thông dụng; hiện thời, hiện nay, này; được thừa nhận, được dư luận chung công nhận là đúng (là thật)","current events; current leaders; current negotiations",""
"24293","fat","fat","A1","adjective","tính từ","/fæt/","6","MANY_SENSES | LONG_MEANING | NOISY_PRIMARY_MEANING","13","304","được vỗ béo (để giết thịt)","được vỗ béo (để giết thịt); béo, mập, béo phì, mũm mĩm; béo, đậm nét (chữ in); béo, có dầu, có mỡ; béo (than); dính, nhờn (chất đất...); màu mỡ, tốt; béo bở, có lợi, có lãi; đầy áp; chậm chạp, trì độn; để lại nhiều tiền; sự đen đủi, sự không may chút nào; nhiều gớm ((thường), (mỉa mai)), rất ít, cóc khô","We need to trim the fat in this company",""
"25587","benefit","benefit","B1","noun","nội động từ","/'benifit/","6","POS_MISMATCH | MANY_SENSES | DUPLICATE_PRIMARY_MEANING","10","296","lợi","lợi, lợi ích; buổi biểu diễn; trận đấu (lấy tiền ủng hộ, tương tế) ((cũng) benifit night; benifit match); tiền trợ cấp, tiền tuất; phúc lợi; đặc quyền tài phán (không bị toà án thường xử, đối với cha cố...); vì còn nghi ngờ nên không buộc tội cho ai; giúp ích cho, làm lợi cho; được lợi, lợi dụng","It was for her benefit. His benefit was free beer.",""
"25414","academic","academic","B1","adjective","danh từ","/,ækə'demik/","6","POS_MISMATCH | MANY_SENSES | DUPLICATE_PRIMARY_MEANING","12","293","học viện","học viện; (thuộc) trường đại học; viện hàn lâm; có tính chất học thuật; lý thuyết suông, trừu tượng, không thực tế; kinh viện; trường phái triết học Pla-ton; hội viên học viện; viện sĩ; người quá nệ kinh viện; lập luận hoàn toàn lý thuyết; mũ áo đại học (của giáo sư và học sinh đại học ở Anh)","the academic sect or philosophy",""
"25472","allowance","allowance","B1","noun","ngoại động từ","/ə'lauəns/","6","POS_MISMATCH | MANY_SENSES | DUPLICATE_PRIMARY_MEANING","12","293","sự cho phép","sự cho phép; sự thừa nhận, sự công nhận, sự thú nhận; tiền trợ cấp; tiền cấp phát; tiền bỏ túi, tiền tiêu vặt; phần tiền, khẩu phần, phần ăn; sự kể đến, sự tính đến, sự chiếu cố đến, sự dung thứ; sự trừ, sự bớt; ; (vật lý) hạn định cho phép; chia phần ăn cho; cấp một số tiền cho (ai), trợ cấp","her meagre allowance of food or drink",""
"25188","lamp","lamp","A2","noun","động từ","/læmp/","6","POS_MISMATCH | MANY_SENSES | MISSING_EXAMPLE","11","287","đèn","đèn; mặt trời, mặt trăng, sao; nguồn ánh sáng (tinh thần...), nguồn hy vọng; góp phần vào bước tiến (của khoa học, của một sự nghiệp...); tỏ ra công phu; phải thức đêm thức hôm để làm; nặng nề, không thanh thoát; cầu kỳ (văn); chiếu sáng, rọi sáng; treo đèn, chăng đèn; ,  (từ lóng) nhìn","",""
"24544","name","name","A1","noun","ngoại động từ","/neim/","6","POS_MISMATCH | MANY_SENSES | DUPLICATE_PRIMARY_MEANING","14","285","tên","tên, danh; danh nghĩa; tiếng, tiếng tăm, danh tiếng; danh nhân; dòng họ; muốn (uống rượu, được món quà...) gì thì nói ra; không có một đồng xu dính túi; đặt tên; gọi tên; định rõ; nói rõ; chỉ định, bổ nhiệm; đặt theo tên (của người nào); không thể sánh với, không thể để ngang hàng với","I've never liked the name my parents gave me so I changed it at the age of twenty.",""
"25744","comfort","comfort","B1","noun","ngoại động từ","/'kʌmfət/","6","POS_MISMATCH | MANY_SENSES | DUPLICATE_PRIMARY_MEANING","10","284","sự an ủi","sự an ủi, sự khuyên giải; người an ủi, người khuyên giải; nguồn an ủi, lời an ủi; sự an nhàn, sự nhàn hạ; sự sung túc; tiện nghi; chăn lông vịt; đồ ăn ngon, quần áo đẹp...; những thứ lặt vặt cần dùng hằng ngày (cho cá nhân như thuốc lá...); dỗ dành, an ủi, khuyên giải, làm khuây khoả","Sleep in comfort with our new mattress.",""
"24362","gray","gray","A1","adjective","động từ","/grei/ (gray) /grei/","6","POS_MISMATCH | MANY_SENSES | DUPLICATE_PRIMARY_MEANING","15","284","xám","xám; hoa râm (tóc); xanh xao, nhợt nhạt, xanh mét (nước da); u ám, ảm đạm (bầu trời); buồn bã, rầu rĩ (vẻ mặt); có kinh; già giặn, đầy kinh nghiệm; người vợ bắt nạt chồng; già đời trong nghề; màu xám; quần áo màu xám; ngựa xám; tô màu xám, quét màu xám; thành xám; thành hoa râm (tóc)","My hair is beginning to gray.",""
"24366","grey","grey","A1","adjective","động từ","/grei/ (gray) /grei/","6","POS_MISMATCH | MANY_SENSES | DUPLICATE_PRIMARY_MEANING","15","284","xám","xám; hoa râm (tóc); xanh xao, nhợt nhạt, xanh mét (nước da); u ám, ảm đạm (bầu trời); buồn bã, rầu rĩ (vẻ mặt); có kinh; già giặn, đầy kinh nghiệm; người vợ bắt nạt chồng; già đời trong nghề; màu xám; quần áo màu xám; ngựa xám; tô màu xám, quét màu xám; thành xám; thành hoa râm (tóc)","Wash colored items separately from whites and darks to prevent the colors from bleeding.",""
"26445","ax","ax","B2","noun","ngoại động từ","/æks/ (axe) /æks/","6","POS_MISMATCH | MANY_SENSES | DUPLICATE_PRIMARY_MEANING","13","279","cái rìu","cái rìu; giải quyết được một vấn đề khó khăn; bị thải hồi; bị đuổi học (học sinh...); bị (bạn...) bỏ rơi; rút lui khỏi công việc; từ bỏ những việc làm không mang lại kết quả gì; grind; root; liều cho đến cùng; đâm lao theo lao; chặt bằng rìu, đẽo bằng rìu; cắt bớt (khoản chi...)","His girlfriend/boss/schoolmaster gave him the axe.",""
"26446","axe","axe","B2","noun","ngoại động từ","/æks/ (axe) /æks/","6","POS_MISMATCH | MANY_SENSES | DUPLICATE_PRIMARY_MEANING","13","279","cái rìu","cái rìu; giải quyết được một vấn đề khó khăn; bị thải hồi; bị đuổi học (học sinh...); bị (bạn...) bỏ rơi; rút lui khỏi công việc; từ bỏ những việc làm không mang lại kết quả gì; grind; root; liều cho đến cùng; đâm lao theo lao; chặt bằng rìu, đẽo bằng rìu; cắt bớt (khoản chi...)","His girlfriend/boss/schoolmaster gave him the axe.",""
"24345","ghost","ghost","A1","noun","động từ","/goust/","6","POS_MISMATCH | MANY_SENSES | DUPLICATE_PRIMARY_MEANING","11","279","ma","ma; gầy như ma; bóng mờ, nét thoáng một chút; người giúp việc kín đáo cho một nhà văn; người viết thuê cho một nhà văn; linh hồn, hồn; ,  (từ lóng) đã có lương; sắp có lương; hiện ra, ám ảnh, lảng vảng như một bóng ma; giúp việc kín đáo cho một nhà văn; viết thuê cho một nhà văn","Everyone believed that the ghost of an old lady haunted the crypt.",""
"25196","leather","leather","A2","noun","ngoại động từ","/'leðə/","6","POS_MISMATCH | MANY_SENSES | MISSING_EXAMPLE","14","278","da thuộc","da thuộc; đồ da, vật làm bằng da thuộc; dây da; quần cộc; xà cạp bằng da; quả bóng đá; quả bóng crickê; da; vải sơn, vải dầu; sự khác nhau về quần áo, sự khác nhau về bề ngoài; chỉ có cái của mình mới tốt; chỉ có hàng của mình mới tốt; bọc bằng da; quật, đánh, vụt (bằng roi da)","",""
"26288","hearty","hearty","B1","adjective","danh từ","/'hɑ:ti/","6","POS_MISMATCH | MANY_SENSES | DUPLICATE_PRIMARY_MEANING","9","276","vui vẻ","vui vẻ, thân mật, nồng nhiệt; thành thật, chân thật, thật tâm; thật lòng; mạnh khoẻ, cường tráng, tráng kiện; thịnh soạn, hậu hĩ (bữa ăn); ăn uống khoẻ, ăn uống ngon lành (người ăn, người uống); người táo bạo dũng cảm; my hearties! các bạn thuỷ thủ; ,  (từ lóng) vận động viên","a hearty welcome; hearty in supporting the government.",""
"24799","chirp","chirp","A2","noun","động từ","/tʃə:p/","6","POS_MISMATCH | MANY_SENSES | MISSING_EXAMPLE","12","274","tiếng kêu chiêm chiếp","tiếng kêu chiêm chiếp; tiếng hót líu lo (chim); tiếng kêu, tiếng rúc (sâu bọ); tiếng nói líu lo (trẻ con); tiếng nói nhỏ nhẻ, tiếng nói thỏ thẻ; kêu chiêm chiếp; hót líu lo (chim); kêu, rúc (sâu bọ); nói líu lo (trẻ con); nói nhỏ nhẻ, nói thỏ thẻ; vui vẻ lên; làm cho vui vẻ","",""
"25673","career","career","B1","noun","nội động từ","/kə'riə/","6","POS_MISMATCH | MANY_SENSES | DUPLICATE_PRIMARY_MEANING","11","269","nghề","nghề, nghề nghiệp; sự nghiệp (của một người); đời hoạt động; quá trình phát triển (của một đảng phái, một nguyên tắc); tốc lực; sự chạy nhanh; sự lao nhanh; đà lao nhanh; ,  (từ Mỹ,nghĩa Mỹ) nhà nghề, chuyên nghiệp (ngoại giao...); chạy nhanh, lao nhanh; chạy lung tung","Washington's career as a soldier",""
"24289","fan","fan","A1","noun","nội động từ","/fæn/","6","POS_MISMATCH | MANY_SENSES | MISSING_EXAMPLE","14","269","người hâm mộ","người hâm mộ, người say mê; cái quạt; cái quạt lúa; đuổi chim, cánh chim (xoè ra như cái quạt); cánh chân vịt; chân vịt; bản hướng gió (ở cối xay gió); quạt (thóc...); thổi bùng, xúi giục; trải qua theo hình quạt; quạt; thổi hiu hiu (gió); xoè ra như hình quạt; đấm gió","",""
"24784","chance","chance","A2","noun","động từ","/tʃɑ:ns/","6","POS_MISMATCH | MANY_SENSES | DUPLICATE_PRIMARY_MEANING","12","268","sự may rủi","sự may rủi, sự tình cờ; sự có thể, sự có khả năng, khả năng có thể; cơ hội; số phận; may ra có thể; cơ hội làm giàu, cơ hội để phất; tình cờ, ngẫu nhiên; tình cờ, ngẫu nhiên, may mà; liều, đánh liều; tình cờ mà tìm thấy, tình cờ mà gặp; liều làm mà thành công; cầu may","We had the chance to meet the president last week.",""
"26915","doom","doom","B2","noun","ngoại động từ","/du:m/","6","POS_MISMATCH | MANY_SENSES | MISSING_EXAMPLE","9","268","số mệnh","số mệnh, số phận (thường không may, bất hạnh); sự chết, sự diệt vong, sự tận số; sự sụp đổ; sự phán quyết cuối cùng; quy chế, sắc luật, sắc lệnh; sự kết án, sự kết tội; kết án, kết tội; động tính từ quá khứ) đoạ đày, bắt phải chịu (số kiếp khổ ải...); ra lệnh, hạ lệnh","",""
"25372","police","police","A2","noun","ngoại động từ","/pə'li:s/","6","POS_MISMATCH | MANY_SENSES | DUPLICATE_PRIMARY_MEANING","5","266","cảnh sát","cảnh sát, công an (lực lượng, tổ chức...); những người cảnh sát, những người công an; khống chế (kiểm soát) (một vùng...) bằng lực lượng cảnh sát (công an); giữ trật tự; cung cấp lực lượng cảnh sát (công an) cho, bố trí lực lượng cảnh sát (công an) cho (một nơi nào)","Call the police!",""
"24822","common","common","A2","adjective","danh từ","/'kɔmən/","6","POS_MISMATCH | MANY_SENSES | DUPLICATE_PRIMARY_MEANING","10","262","chung","chung, công, công cộng; thường, thông thường, bình thường, phổ biến, phổ thông; tầm thường; thô tục; đất công; quyền được hưởng trên đất đai của người khác; sự chung, của chung; những người bình dân, dân chúng; cùng với, cũng như, giống như; đặc biệt khác thường","The two competitors have the common aim of winning the championship.",""
"24299","feeling","feeling","A1","noun","tính từ","/'fi:liɳ/","6","POS_MISMATCH | MANY_SENSES | DUPLICATE_PRIMARY_MEANING","17","259","sự sờ mó","sự sờ mó, sự bắt mạch; sự cảm thấy; cảm giác, cảm tưởng; sự cảm động, sự xúc động; sự thông cảm; cảm tình; cảm nghĩ, ý kiến; cảm xúc; sức truyền cảm; sự nhạy cảm; lòng tự ái; có cảm giác; có tình cảm; xúc cảm, cảm động; nhạy cảm; thật tình, chân thật; sâu sắc","Feel my wrath!",""
"26942","duplicate","duplicate","B2","noun","ngoại động từ","/'dju:plikit/","6","POS_MISMATCH | MANY_SENSES | DUPLICATE_PRIMARY_MEANING","10","257","bản sao","bản sao; vật giống hệt, vật làm giống hệt (một vật khác); từ đồng nghĩa; biên lai cầm đồ; gồm hai bộ phận đúng nhau; thành hai bản; giống hệt (một vật khác); gấp hai, gấp đôi, to gấp đôi, nhiều gấp đôi; sao lại, sao lục, làm thành hai bản; gấp đôi, nhân đôi","This is a duplicate, but a very good replica.",""
"24423","ideal","ideal","A1","adjective","danh từ","/ai'diəl/","6","POS_MISMATCH | MANY_SENSES | DUPLICATE_PRIMARY_MEANING","11","256","quan niệm","quan niệm, (thuộc) tư tưởng; chỉ có trong ý nghĩ, chỉ có trong trí tưởng tượng, tưởng tượng; lý tưởng; (thuộc) mẫu mực lý tưởng (theo Pla-ton); ,  (triết học) duy tâm; lý tưởng; người lý tưởng; vật lý tưởng; cái tinh thần; điều chỉ có trong tâm trí; Iddêan","the ideal theory or philosophy",""
"24528","moon","moon","A1","noun","ngoại động từ","/mu:n/","6","POS_MISMATCH | MANY_SENSES | MISSING_EXAMPLE","10","255","mặt trăng","mặt trăng; ánh trăng; tháng; cry; dọn nhà đi trong đêm tối để tránh trả tiền nhà; rất hiếm, ít khi, năm thì mười hoạ; chú cuội, người mơ mộng vơ vẩn; đi lang thang vơ vẩn; có vẻ mặt thờ thẫn như ở cung trăng; to moon away the time thờ thẫn ra vào hết ngày","",""
"24779","chain","chain","A2","noun","ngoại động từ","/tʃein/","6","POS_MISMATCH | MANY_SENSES | DUPLICATE_PRIMARY_MEANING","9","248","dây","dây, xích; dãy, chuỗi, loạt; thước dây (để đo chiều dài); dây (chiều dài của thước dây, bằng 20m115); dây chuyền (làm việc...); xiềng xích; xích lại, trói buộc, buộc chặt ((nghĩa đen) & (nghĩa bóng)); ngáng dây (qua đường phố...); đo bằng thước dây","He wore a gold chain around the neck.",""
"24812","coast","coast","A2","noun","động từ","/koust/","6","POS_MISMATCH | MANY_SENSES | DUPLICATE_PRIMARY_MEANING","8","246","bờ biển","bờ biển; , (Ca-na-đa) đường lao (của xe trượt tuyết); sự lao xuống (của xe trượt tuyết); sự lao dốc (mô tô, xe đạp); đi men bờ biển (tàu bè); trượt xuống, lao xuống (xe trượt tuyết); thả cho (xe đạp) xuống dốc (không đạp); tắt máy lao dốc (mô tô)","The rocky coast of Maine has few beaches.",""
"25108","help","help","A2","noun","ngoại động từ","/help/","6","POS_MISMATCH | MANY_SENSES | DUPLICATE_PRIMARY_MEANING","8","246","sự giúp đỡ","sự giúp đỡ, sự cứu giúp, sự giúp ích; phương cứu chữa, lối thoát; phần đưa mời (đồ ăn, đồ uống); người làm, người giúp việc trong nhà; giúp đỡ, cứu giúp; đưa mời (đồ ăn, thức uống); nhịn được, ngăn được, chịu được, đừng được; tránh được, cứu chữa","I need some help with my homework.",""
"26007","effective","effective","B1","adjective","danh từ","/'ifektiv/","6","POS_MISMATCH | MANY_SENSES | DUPLICATE_PRIMARY_MEANING","10","243","có kết quả","có kết quả; có hiệu lực, có kết quả; có tác động, có ảnh hưởng; gây ấn tượng; đủ sức khoẻ (để tòng quân...); có thật, thật sự; người đủ sức khoẻ (để tòng quân...); lính chiến đấu; số quân thực sự có hiệu lực; tiền kim loại (trái với tiền giấy)","The pill is an effective method of birth control.",""
"25761","compliment","compliment","B1","noun","ngoại động từ","/'kɔmplimənt/","6","POS_MISMATCH | MANY_SENSES | MISSING_EXAMPLE","10","241","lời khen","lời khen, lời ca tụng; lời thăm hỏi, lời chúc mừng; quà tặng, quà biếu, tiền thưởng; câu lời khen; lời chúc lễ Nô-en, lời chúc mừng năm mới...; đáp lại lời thăm hỏi; đáp lại lời chúc tụng; tặng quà lại; khen ngợi, ca ngợi, ca tụng; tặng biếu","",""
"25905","desire","desire","B1","noun","ngoại động từ","/di'zaiə/","6","POS_MISMATCH | MANY_SENSES | DUPLICATE_PRIMARY_MEANING","10","239","sự thèm muốn","sự thèm muốn; sự mong muốn, sự ao ước, sự khát khao, sự mơ ước, lòng thèm muốn, lòng khát khao; vật mong muốn, vật ao ước; dục vọng; lời đề nghị, lời yêu cầu; lệnh; thèm muốn; mong muốn, ao ước, khát khao, mơ ước; đề nghị, yêu cầu; ra lệnh","It is my desire to speak with you.",""
"26226","glory","glory","B1","noun","nội động từ","/'glɔ:ri/","6","POS_MISMATCH | MANY_SENSES | MISSING_EXAMPLE","8","239","danh tiếng","danh tiếng, thanh danh; sự vinh quang, sự vẻ vang, vinh dự; vẻ huy hoàng, vẻ rực rỡ, vẻ lộng lẫy; hạnh phúc ở thiên đường, cảnh tiên; vầng hào quang (quanh đầu các thánh); thời kỳ hưng thịnh, thời kỳ vinh hiển; khoái quá; tự hào, hãnh diện","",""
"24787","cheap","cheap","A2","adjective","danh từ","/tʃi:p/","6","POS_MISMATCH | MANY_SENSES | MISSING_EXAMPLE","11","238","rẻ","rẻ, rẻ tiền; đi tàu xe hạng ít tiền; ít giá trị, xấu; hời hợt không thành thật; của rẻ là của ôi; thấy khó chịu, thấy khó ở; khinh ai, coi thường ai; ăn ở không ra gì để cho người ta khinh; rẻ, rẻ mạt; hạ, hạ giá; on the cheap rẻ, rẻ tiền","",""
"24191","contest","contest","A1","noun","động từ","/kən'test/","6","POS_MISMATCH | MANY_SENSES | DUPLICATE_PRIMARY_MEANING","8","237","cuộc tranh luận","cuộc tranh luận, cuộc tranh cãi; cuộc thi; trận đấu, trận giao tranh; cuộc chiến đấu, cuộc đấu tranh; tranh cãi, tranh luận (một vấn đề gì với ai); đặt vấn đề nghi ngờ không thừa nhận; tranh, tranh giành, tranh đoạt; tranh cử (nghị viện)","The child entered the spelling contest.",""
"25382","possible","possible","A2","adjective","danh từ","/'pɔsəbl/","6","POS_MISMATCH | MANY_SENSES | DUPLICATE_PRIMARY_MEANING","6","236","có thể","có thể, có thể được, có thể làm được, có thể xảy ra; có thể chơi (với) được, có thể chịu đựng được; sự có thể; điểm số cao nhất có thể đạt được (tập bắn...); ứng cử viên có thể được đưa ra; vận động viên có thể được sắp xếp (vào đội...)","Jones is a possible for the new opening in sales.",""
"24734","bloom","bloom","A2","noun","ngoại động từ","/blu:m/","6","POS_MISMATCH | MANY_SENSES | DUPLICATE_PRIMARY_MEANING","11","235","hoa","hoa; sự ra hoa; tuổi thanh xuân; thời kỳ rực rỡ, thời kỳ tươi đẹp nhất; phấn (ở vỏ quả); sắc hồng hào khoẻ mạnh; vẻ tươi; có hoa, ra hoa, nở hoa; ở thời kỳ rực rỡ, ở thời kỳ tươi đẹp nhất; thỏi đúc (sắt thép); đúc (sắt thép) thành thỏi","The cherry trees are in bloom.",""
"24449","just","just","A1","adverb","danh từ & nội động từ","/dʤʌst/","6","POS_MISMATCH | MANY_SENSES | DUPLICATE_PRIMARY_MEANING","12","234","công bằng","công bằng; xứng đáng, đích đáng, thích đáng; chính đáng, chính nghĩa, hợp lẽ phải; đúng, đúng đắn, có căn cứ; đúng, chính; vừa đúng, vừa đủ, vừa kịp; vừa mới; chỉ; hoàn toàn, thật đúng là; , (thân mật) một chút, một tí; thử xem; joust","It is a just assessment of the facts.",""
"24744","brake","brake","A2","noun","động từ","/breik/","6","POS_MISMATCH | MANY_SENSES | DUPLICATE_PRIMARY_MEANING","11","231","bụi cây","bụi cây; bracken; xe vực ngựa (tập cho ngựa kéo xe); xe ngựa không mui; máy đập (lanh, gai dầu); cái bừa to ((cũng) brake-harrow); đập (lanh, gai dầu); cái hãm, cái phanh; toa phanh ((cũng) brake-van); hãm lại, phanh lại; hãm phanh","The farmer's son brakes the flax while mother brakes the bread dough",""
"24767","cash","cash","A2","noun","ngoại động từ","/kæʃ/","6","POS_MISMATCH | MANY_SENSES | DUPLICATE_PRIMARY_MEANING","14","229","tiền","tiền, tiền mặt; có tiền; không có tiền, cạn tiền; tiền nhiều như nước; thiếu tiền; down; C.O.D) trả tiền lúc nhận hàng; prompt; tiền mặt; bán lấy tiền mặt; trả tiền mặt, lĩnh tiền mặt; gởi tiền ở ngân hàng; chết; kiếm chác được ở","After you bounced those checks last time, they want to be paid in cash.",""
"25280","native","native","A2","adjective","danh từ","/'neitiv/","6","POS_MISMATCH | MANY_SENSES | DUPLICATE_PRIMARY_MEANING","9","229","nơi sinh","nơi sinh; tự nhiên, bẩm sinh; địa phương; (thuộc) thổ dân; tự nhiên (kim loại, khoáng chất); người sinh ở, người quê quán ở, người địa phương, thổ dân; loài (vật, cây) địa phương, loài nguyên sản; thổ sản; sò nuôi (ở bờ biển Anh)","English is not my native language.",""
"24253","easy","easy","A1","adjective","danh từ","/'i:zi/","6","POS_MISMATCH | MANY_SENSES | DUPLICATE_PRIMARY_MEANING","11","228","thoải mái","thoải mái, thanh thản, không lo lắng; thanh thoát, ung dung; dễ, dễ dàng; dễ dãi, dễ tính; dễ thuyết phục; ít người mua, ế ẩm; sự sung túc, cuộc sống phong lưu; lẳng lơ (đàn bà); sung túc, phong lưu; easily; sự nghỉ ngơi một lát","Now that I know it's taken care of, I can rest easy at night.",""
"25023","final","final","A2","adjective","danh từ","/'fainl/","6","POS_MISMATCH | MANY_SENSES | DUPLICATE_PRIMARY_MEANING","8","228","cuối cùng","cuối cùng; quyết định, dứt khoát, không thay đổi được nữa; ; (ngôn ngữ học) (thuộc) mục đích; số nhiều) cuộc đấu chung kết; kỳ thi ra trường, kỳ thi tốt nghiệp; đợt báo phát hành cuối cùng trong ngày; âm gốc (trong một bản nhạc)","final solution; the final day of a school term",""
"26910","domestic","domestic","B2","adjective","danh từ","/də'mestik/","6","POS_MISMATCH | MANY_SENSES | DUPLICATE_PRIMARY_MEANING","7","223","gia đình","gia đình, (thuộc) việc nhà, nội trợ; nuôi trong nhà (súc vật); trong nước (làm ở) trong nước, nội (đối với ngoại); thích ở nhà, thích đời sống gia đình; chỉ quanh quẩn ở nhà, chỉ ru rú xó nhà; người hầu, người nhà; hàng nội","domestic violence; domestic hot water",""
"24930","doubt","doubt","A2","noun","động từ","/daut/","6","POS_MISMATCH | MANY_SENSES | DUPLICATE_PRIMARY_MEANING","8","223","sự nghi ngờ","sự nghi ngờ, sự ngờ vực; sự không chắc, sự hồ nghi; sự do dự, sự lưỡng lự, sự nghi ngờ; nghi ngờ, ngờ vực; không tin, hồ nghi; do dự, lưỡng lự, nghi ngại; tự hỏi, không biết; ,  (tiếng địa phương) e rằng, sợ rằng, ngại rằng","I have doubts about how to convert this code to JavaScript.",""
"26505","bloody","bloody","B2","adjective","ngoại động từ","/'blʌdi/","6","POS_MISMATCH | MANY_SENSES | MISSING_EXAMPLE","8","220","vấy máu","vấy máu, đẫm máu, dính máu; chảy máu, có đổ máu; tàn bạo, khát máu, thích đổ máu, thích giết người ((cũng) bloody minded); đỏ như máu; uộc bloody, hết sức, vô cùng; chết tiệt, trời đánh thánh vật; làm vấy máu; làm đỏ máu","",""
"25397","private","private","A2","adjective","danh từ","/private/","6","POS_MISMATCH | MANY_SENSES | DUPLICATE_PRIMARY_MEANING","8","217","riêng","riêng, tư, cá nhân; riêng, mật, kín; xa vắng, khuất nẻo, hẻo lánh (chỗ, nơi); thích ẩn dật, thích sống cách biệt (người); lính trơn, binh nhì; lính trơn, binh nhì; chỗ kín (bộ phận sinh dục); riêng tư, kín đáo, bí mật","If you want to learn ballet, consider taking privates.",""
"24200","correct","correct","A1","adjective","ngoại động từ","/kə'rekt/","6","POS_MISMATCH | MANY_SENSES | DUPLICATE_PRIMARY_MEANING","8","212","đúng","đúng, chính xác; đúng đắn, được hợp, phải, phải lối; làm (nói) đúng lúc; làm (nói) điều phải; sửa, sửa chữa, sửa chữa đúng, hiệu chỉnh; khiển trách, trách mắng; trừng phạt, trừng trị; làm mất tác hại (của cái gì)","The navigator corrected the course of the ship.",""
"25925","diaper","diaper","B1","noun","ngoại động từ","/'daiəpə/","6","POS_MISMATCH | MANY_SENSES | MISSING_EXAMPLE","8","212","vải kẻ hình thoi","vải kẻ hình thoi; tã lót bằng vải kẻ hình thoi; khăn vệ sinh khô (phụ nữ); kiểu trang trí hình thoi; in hình thoi (lên vải); thêu hình thoi (vào khăn); trang trí hình thoi (trên tường...); quấn tã lót (cho em bé)","",""
"24069","before","before","A1","adverb","liên từ","/bi'fɔ:/","6","POS_MISMATCH | MANY_SENSES | DUPLICATE_PRIMARY_MEANING","12","211","trước","trước, đằng trước; trước đây, ngày trước; ngay bây giờ, chẳng bao lâu nữa; trước, trước mắt, trước mặt; hơn (về chức vị, khả năng...); thà... còn hơn...;; carry; đời còn dài; mast; trước khi; thà... chứ không...","I've never done this before.",""
"26147","flute","flute","B1","noun","động từ","/flute/","6","POS_MISMATCH | MANY_SENSES | MISSING_EXAMPLE","8","210","cái sáo","cái sáo; người thổi sáo, tay sáo; đường rãnh máng (ở cột); nếp máng (tạo nên ở quần áo hồ cứng); thổi sáo; nói thánh thót, hát thánh thót (như tiếng sáo); làm rãnh máng (ở cột); tạo nếp máng (ở quần áo hồ cứng)","",""
"24295","favorite","favorite","A1","adjective","danh từ","/'feivərit/","6","POS_MISMATCH | MANY_SENSES | DUPLICATE_PRIMARY_MEANING","7","208","được mến chuộng","được mến chuộng, được ưa thích; người được ưa chuộng; vật được ưa thích; (the favourite) người dự cuộc ai cũng chắc sẽ thắng; con vật (ngựa, chó...) dự cuộc ai cũng chắc sẽ thắng; sủng thần; ái thiếp, quý phi","The teacher's favourite always went first.",""
"24296","favourite","favourite","A1","adjective","danh từ","/'feivərit/","6","POS_MISMATCH | MANY_SENSES | DUPLICATE_PRIMARY_MEANING","7","208","được mến chuộng","được mến chuộng, được ưa thích; người được ưa chuộng; vật được ưa thích; (the favourite) người dự cuộc ai cũng chắc sẽ thắng; con vật (ngựa, chó...) dự cuộc ai cũng chắc sẽ thắng; sủng thần; ái thiếp, quý phi","The teacher's favourite always went first.",""
"26242","grant","grant","B1","noun","ngoại động từ","/grɑ:nt/","6","POS_MISMATCH | MANY_SENSES | MISSING_EXAMPLE","8","208","sự cho","sự cho, sự ban cho, sự cấp cho; trợ cấp; sự nhượng, sự nhường lại (của cải, quyền...); sự chuyển nhượng bằng khế ước; tiền trợ cấp; cho, ban (ơn), cấp; thừa nhận, công nhận, cho là; nhượng (của cải, quyền...)","",""
"25395","principal","principal","A2","adjective","danh từ","/'prinsəpəl/","6","POS_MISMATCH | MANY_SENSES | DUPLICATE_PRIMARY_MEANING","11","206","chính","chính, chủ yếu; chính; người đứng đầu; giám đốc, hiệu trưởng; chủ, chủ mướn, chủ thuê; người uỷ nhiệm; người đọ súng (đọ gươm) tay đôi; thủ phạm chính; tiền vốn; vốn chính, vốn nguyên thuỷ; xà cái, xà chính","A portion of your mortgage payment goes to reduce the principal, and the rest covers interest.",""
"25313","opposite","opposite","A2","adjective","giới từ","/'ɔpəzit/","6","POS_MISMATCH | MANY_SENSES | MISSING_EXAMPLE","7","203","đối nhau","đối nhau, ngược nhau; điều trái lại, điều ngược lại; trước mặt, đối diện; đóng vai nam đối với vai nữ chính; đóng vai nữ đối với vai nam chính; trước mặt, đối diện; (viết tắt) O.P, bên tay phải diễn viên","",""
"25942","discomfort","discomfort","B1","noun","ngoại động từ","/dis'kʌmfət/","6","POS_MISMATCH | MANY_SENSES | MISSING_EXAMPLE","6","200","sự khó ở","sự khó ở; sự khó chịu, sự bực bội; sự không an tâm, sự băn khoăn lo lắng, sự buồn phiền; sự thiếu tiện nghi, sự bất tiện; làm khó chịu, làm bực bội; không an tâm, làm băn khoăn lo lắng, làm buồn phiền","",""
"26300","hip","hip","B1","noun","tính từ","/hip/","6","POS_MISMATCH | MANY_SENSES | MISSING_EXAMPLE","10","198","hông","hông; mép bờ (mái nhà); thắng thế ai; đặt ai vào thế bất lợi; smite; quả tầm xuân (quả của cây hoa tầm xuân); chứng u buồn, chứng buồn u uất ((cũng) hyp); làm chán nản, làm phiền muộn; hoan hô!; hep","",""
"25292","normal","normal","A2","adjective","danh từ","/'nɔ:məl/","6","POS_MISMATCH | MANY_SENSES | DUPLICATE_PRIMARY_MEANING","9","198","thường","thường, thông thường, bình thường; tiêu chuẩn; ((toán học)) chuẩn tác; trực giao; tình trạng bình thường, mức bình thường; pháp tuyến; lượng trung bình; thân nhiệt bình thường; dung dịch đương lượng","Heavy workload is the new normal.",""
"24372","guy","guy","A1","noun","nội động từ","/gai/","6","POS_MISMATCH | MANY_SENSES | DUPLICATE_PRIMARY_MEANING","12","197","dây","dây, xích; buộc bằng dây, xích lại; bù nhìn; ngáo ộp; người ăn mặc kỳ quái; ,  (từ lóng) anh chàng, gã; sự chuồn; lời nói đùa, lời pha trò; lời nói giễu; bêu hình nộm (của ai); chế giễu (ai); chuồn","The dog's left foreleg was broken, poor little guy.",""
"25897","deposit","deposit","B1","noun","ngoại động từ","/di'pɔzit/","6","POS_MISMATCH | MANY_SENSES | MISSING_EXAMPLE","10","196","vật gửi","vật gửi, tiền gửi; tiền ký quỹ, tiền đặc cọc; chất lắng, vật lắng; khoáng sản; mỏ; gửi (tiền, đồ vật...), gửi (tiền) ở ngân hàng; gửi (tiền) ký quỹ, đặt cọc; làm lắng đọng; đặt; đẻ (trứng) (ở đâu)","",""
"26564","cane","cane","B2","noun","ngoại động từ","/kein/","6","POS_MISMATCH | MANY_SENSES | MISSING_EXAMPLE","9","195","cây trúc","cây trúc, cây mía ((cũng) sugar cane); cây lau; cây mây, sợi mây (để đan mặt ghế...); can, ba toong, gậy; roi (để đánh); thỏi (sáp...); đánh bằng roi, quất; dùng đòn vọt để bắt (học); đan mây vào","",""
"26875","discriminate","discriminate","B2","verb","tính từ","/dis'krimineit/","6","POS_MISMATCH | MANY_SENSES | DUPLICATE_PRIMARY_MEANING","5","195","phân biệt","phân biệt; phân biệt nhận rõ sự khác nhau (giữa hai vật, giữa cái này với cái khác...), tách bạch ra; đối xử phân biệt; rõ ràng, tách bạch; biết phân biệt, biết phán đoán, biết suy xét, sáng suốt","The law prohibits discriminating against people based on their skin color.",""
"24970","entrance","entrance","A2","noun","ngoại động từ","/'entrəns/","6","POS_MISMATCH | MANY_SENSES | DUPLICATE_PRIMARY_MEANING","9","195","sự đi vào","sự đi vào; sự ra (của diễn viên); sự nhậm (chức...); quyền vào, quyền gia nhập; tiền vào, tiền gia nhập ((cũng) entrance_fee); cổng vào, lối vào; làm xuất thần; làm mê li; mê hoặc (ai đén chỗ...)","Her entrance attracted no attention whatsoever.",""
"26032","encounter","encounter","B1","noun","ngoại động từ","/in'kauntə/","6","POS_MISMATCH | MANY_SENSES | DUPLICATE_PRIMARY_MEANING","8","193","sự gặp gỡ","sự gặp gỡ, sự bắt gặp; sự gặp phải; cuộc gặp gỡ; sự chạm trán, sự đọ sức; cuộc chạm trán, cuộc đọ sức; cuộc chạm trán, cuộc đấu (trí...); gặp thình lình, bắt gặp; chạm trán, đọ sức với, đấu với","Their encounter was a matter of chance.",""
"25132","impact","impact","A2","noun","nội động từ","/'impækt/","6","POS_MISMATCH | MANY_SENSES | DUPLICATE_PRIMARY_MEANING","7","193","sự va chạm","sự va chạm, sự chạm mạnh; sức va chạm; tác động, ảnh hưởng; đóng chặt vào, lèn chặt vào, nêm chặt vào; va mạnh vào, chạm mạnh vào; va mạnh, chạm mạnh; tác động mạnh ((nghĩa đen) & (nghĩa bóng))","The hatchet cut the wood on impact.",""
"25690","central","central","B1","adjective","danh từ","/'sentrəl/","6","POS_MISMATCH | MANY_SENSES | MISSING_EXAMPLE","5","192","ở giữa","ở giữa, ở trung tâm; trung ương; chính, chủ yếu, trung tâm; sự sưởi tập trung (sưởi ấm bằng hơi nước nóng hay nước nóng chảy qua một hệ thống ống từ một nguồn ở trung tâm); tổng đài điện thoại","",""
"24169","climb","climb","A1","noun","nội động từ","/klaim/","6","POS_MISMATCH | MANY_SENSES | DUPLICATE_PRIMARY_MEANING","10","191","sự leo trèo","sự leo trèo; vật trèo qua; vật phải trèo lên; leo, trèo, leo trèo; lên, lên cao; leo (cây); leo lên tới, trèo lên tới; trèo xuống, tụt xuống; thoái bộ, thụt lùi, lùi lại; chịu thua, nhượng bộ","Prices climbed steeply.",""
"25204","licence","licence","A2","verb","danh từ","/'laisəns/","6","POS_MISMATCH | MANY_SENSES | DUPLICATE_PRIMARY_MEANING","9","190","cho phép","cho phép; cấp giấy phép, cấp môn bài, cấp đăng ký; sự cho phép; giấy phép, môn bài, đăng ký; bằng, chứng chỉ; bằng cử nhân; sự phóng túng, sự bừa bâi; sự dâm loạn; sự phóng túng về niêm luật","In order to enter the building, I need to show my license.",""
"25205","license","license","A2","verb","danh từ","/'laisəns/","6","POS_MISMATCH | MANY_SENSES | DUPLICATE_PRIMARY_MEANING","9","190","cho phép","cho phép; cấp giấy phép, cấp môn bài, cấp đăng ký; sự cho phép; giấy phép, môn bài, đăng ký; bằng, chứng chỉ; bằng cử nhân; sự phóng túng, sự bừa bâi; sự dâm loạn; sự phóng túng về niêm luật","In order to enter the building, I need to show my license.",""
"25735","coffin","coffin","B1","noun","ngoại động từ","/'kɔfin/","6","POS_MISMATCH | MANY_SENSES | MISSING_EXAMPLE","6","188","áo quan","áo quan, quan tài; tàu ọp ẹp; móng (ngựa); làm chóng chết, làm giảm thọ (vì lo nghĩ, vì chơi bời quá độ...); cho vào áo quan, cho vào quan tài; cất kỹ, cất vào một chỗ khó lấy ra (sách...)","",""
"26056","entire","entire","B1","adjective","danh từ","/in'taiə/","6","POS_MISMATCH | MANY_SENSES | DUPLICATE_PRIMARY_MEANING","7","188","toàn bộ","toàn bộ, toàn thể, toàn vẹn, hoàn toàn; thành một khối, thành một mảng, liền; không thiến, không hoạn; nguyên chất; toàn bộ, toàn thể, cái nguyên vẹn; ngựa không thiến, ngựa giống; bia đen","We had the entire building to ourselves for the evening.",""
"24117","bucket","bucket","A1","noun","động từ","/'bʌkit/","6","POS_MISMATCH | MANY_SENSES | DUPLICATE_PRIMARY_MEANING","8","187","thùng","thùng, xô (để múc nước); pittông (ống bơm); gầu (ở guồng nước); lỗ căm (roi, súng, chân giả...); đuổi ra không cho làm, sa thải; củ, ngoẻo; bắt (ngựa) chạy quá sức; chèo (thuyền) vội vàng","I need a bucket to carry the water from the well.",""
"26218","ginger","ginger","B1","noun","ngoại động từ","/'dʤindʤə/","6","POS_MISMATCH | MANY_SENSES | MISSING_EXAMPLE","9","186","cây gừng","cây gừng; củ gừng; sự hăng hái; sự hào hứng; dũng khí; màu hoe (tóc); ướp gừng (đò uống, thức ăn...); , ((thường) + up) làm hào hứng, làm sôi nổi lên, làm hăng hái lên; tiếp dũng khí cho","",""
"24464","large","large","A1","adjective","phó từ","/lɑ:dʤ/","6","POS_MISMATCH | MANY_SENSES | DUPLICATE_PRIMARY_MEANING","11","186","rộng","rộng, lớn, to; rộng rãi; rộng lượng, hào phóng; to như vật thật; tự do, không bị giam cầm; đầy đủ chi tiết, dài dòng; nói chung; rộng rãi; huênh hoang, khoác lác; by; chạy xiên gió (tàu)","Getting a car tricked out like that will cost you 50 large.",""
"24948","east","east","A2","adjective","phó từ","/i:st/","6","POS_MISMATCH | MANY_SENSES | DUPLICATE_PRIMARY_MEANING","10","185","hướng đông","hướng đông, phương đông, phía đông; miền đông; gió đông; Viễn đông; Trung đông; Cận đông; dù cho đi khắp bốn phương, về nhà mới thấy quê hương đâu bằng; đông; về hướng đông; ở phía đông","the east front of a cathedral",""
"26283","hazard","hazard","B1","noun","ngoại động từ","/'hæzəd/","6","POS_MISMATCH | MANY_SENSES | DUPLICATE_PRIMARY_MEANING","8","185","sự may rủi","sự may rủi; mối nguy; trò chơi súc sắc cổ; vật vướng, vật chướng ngại (trên bâi đánh gôn); bến xe ngựa; phó thác cho may rủi; liều, mạo hiểm; đánh bạo (làm một cái gì, nêu ra ý kiến gì)","He encountered the enemy at the hazard of his reputation and life.",""
"25636","bubble","bubble","B1","noun","nội động từ","/'bʌbl/","6","POS_MISMATCH | MANY_SENSES | MISSING_EXAMPLE","9","184","bong bóng","bong bóng, bọt, tăm; điều hão huyền, ảo tưởng; sự sôi sùng sục, sự sủi tăm; prick; nổi bong bóng, nổi bọt; sôi sùng sục, nổi tăm (nước); đánh lừa, lừa bịp; mừng quýnh lên; giận sôi lên","",""
"26690","confine","confine","B2","verb","danh từ","/kən'fain/","6","POS_MISMATCH | MANY_SENSES | MISSING_EXAMPLE","7","184","giam giữ","giam giữ, giam hãm, giam cầm, nhốt giữ lại; hạn chế; (+ on,  to,  with) tiếp giáp với, giáp giới với; ở cữ, đẻ; bị liệt giường; số nhiều) biên giới; ranh giới (giữa hai loại ý kiến...)","",""
"25576","battle","battle","B1","noun","nội động từ","/'bætl/","6","POS_MISMATCH | MANY_SENSES | MISSING_EXAMPLE","9","183","trận đánh","trận đánh; cuộc chiến đấu; chiến thuật; trận loạn đả; đánh hộ cho người nào hưởng; làm cỗ sẵn cho ai; trận thắng do tài chỉ huy; trận đánh do đánh giỏi và dũng cảm; chiến đấu, vật lộn","",""
"25834","cure","cure","B1","noun","ngoại động từ","/kjuə/","6","POS_MISMATCH | MANY_SENSES | DUPLICATE_PRIMARY_MEANING","7","183","thuốc","thuốc, phương thuốc; sự lưu hoá (cao su); thánh chức; chữa bênh, điều trị; chữa (thói xấu, tật xấu); xử lý để có thể để lâu (bằng cách ướp muối, xông khói, phơi khô); lưu hoá (cao su)","Unaided nature cured him.",""
"26872","discipline","discipline","B2","noun","ngoại động từ","/'disiplin/","6","POS_MISMATCH | MANY_SENSES | MISSING_EXAMPLE","10","183","kỷ luật","kỷ luật; sự rèn luyện trí óc; nhục hình; sự trừng phạt; sự hành xác (để tỏ sự ăn năn); , quân sự luyện tập; môn học; khép vào kỷ luật, đưa vào kỷ luật; rèn luyện; trừng phạt, đánh đập","",""
"25014","fee","fee","A2","noun","ngoại động từ feed","/fi:/","6","POS_MISMATCH | MANY_SENSES | MISSING_EXAMPLE","10","181","tiền thù lao","tiền thù lao; tiền thưởng (người hầu...); tiền nguyệt liễm; học phí; gia sản; lânh địa, thái ấp; có, có quyền sở hữu; trả tiền thù lao cho (ai); đóng nguyệt phí; thuê (ai) giúp việc","",""
"24682","attempt","attempt","A2","noun","ngoại động từ","/ə'tempt/","6","POS_MISMATCH | MANY_SENSES | DUPLICATE_PRIMARY_MEANING","8","180","sự cố gắng","sự cố gắng, sự thử; sự mưu hại, sự xâm phạm, sự phạm đến; cố gắng; thử, toan; mưu hại; xâm phạm, phạm đến; gắng, chiếm lấy, thử đánh chiếm (một đồn...); gắng, vượt qua (quả núi...)","It was worth the attempt.",""
"26934","dreadful","dreadful","B2","adjective","danh từ","/'dredful/","6","POS_MISMATCH | MANY_SENSES | MISSING_EXAMPLE","5","176","dễ sợ","dễ sợ, khiếp, kinh khiếp; rất tồi, rất xấu; hết sức rầy rà, rất khó chịu, rất bực mình, chán ngấy, làm mệt mỏi; truyện khủng khiếp; tiểu thuyết rùng rợn ((cũng) penny dreadful)","",""
"24903","detail","detail","A2","noun","ngoại động từ","/'di:teil/","6","POS_MISMATCH | MANY_SENSES | MISSING_EXAMPLE","7","173","chi tiết","chi tiết, tiểu tiết; điều tỉ mỉ, điều vụn vặt; chi tiết (máy); phân đội, chi đội (được cắt đi làm nhiệm vụ riêng lẻ); sự trao nhật lệnh; kể chi tiết, trình bày tỉ mỉ; cắt cử","",""
"24701","balloon","balloon","A2","noun","nội động từ","/bə'lu:n/","6","POS_MISMATCH | MANY_SENSES | MISSING_EXAMPLE","6","170","khí cầu","khí cầu, quả bóng; bình cầu; quả cầu (trên đầu cột) ô ghi lời (ở một bức tranh khôi hài); lên bằng khí cầu; phồng ra, phình ra, căng lên (như quả bóng); tăng giá, lên giá","",""
"24847","contrast","contrast","A2","noun","động từ","/'kɔntræst/","6","POS_MISMATCH | MANY_SENSES | MISSING_EXAMPLE","5","169","sự tương phản","sự tương phản, sự trái ngược (giữa); cái tương phản (với); làm tương phản, làm trái ngược; đối chiếu để làm nổi bật những điểm khác nhau; tương phản nhau, trái ngược hẳn","",""
"26944","dwarf","dwarf","B2","noun","ngoại động từ","/dwɔ:f/","6","POS_MISMATCH | MANY_SENSES | MISSING_EXAMPLE","8","165","lùn","lùn, lùn tịt; nhỏ xíu; còi cọc; người lùn, con vật lùn, cây lùn; chú lùn (trong thần thoại các nước Bắc-âu); làm lùn tịt; làm cọc lại, làm còi cọc; làm có vẻ nhỏ lại","",""
"26184","function","function","B1","noun","nội động từ+ (functionate) /'fʌɳkʃneit/","/'fʌɳkʃn/","6","POS_MISMATCH | MANY_SENSES | MISSING_EXAMPLE","8","164","chức năng","chức năng; số nhiều) nhiệm vụ, trách nhiệm; buổi lễ; buổi họp mặt chính thức, buổi họp mặt quan trọng; hàm, hàm số; chức; hoạt động, chạy (máy); thực hiện chức năng","",""
"25168","joke","joke","A2","noun","động từ","/dʤouk/","6","POS_MISMATCH | MANY_SENSES | MISSING_EXAMPLE","8","164","lời nói đùa","lời nói đùa, câu nói đùa; trò cười (cho thiên hạ); chuyện đùa; chuyện buồn cười, chuyện lố bịch; trường hợp xảy ra buồn cười; nói đùa; đùa bỡn, giễu cợt; trêu chòng","",""
"25810","cotton","cotton","B1","noun","nội động từ","/'kɔtn/","6","POS_MISMATCH | MANY_SENSES | MISSING_EXAMPLE","11","161","bông","bông; cây bông; chỉ, sợi; vải bông; hoà hợp, ăn ý; yêu, quyến luyến, ý hợp tâm đầu; bắt đầu thích ai; kết thân với ai; hiểu; làm thân, ngỏ ý trước; gắn bó với ai","",""
"25548","auxiliary","auxiliary","B1","adjective","danh từ","/ɔ:g'ziljəri/","6","POS_MISMATCH | MANY_SENSES | MISSING_EXAMPLE","6","160","phụ","phụ, bổ trợ; người giúp đỡ, người phụ tá; trợ động từ; quân đội nước ngoài sang giúp đỡ; quân đội đồng minh sang giúp đỡ (ở một nước nào); thiết bị phụ, máy phụ","",""
"25461","aggressive","aggressive","B1","adjective","danh từ","/ə'gresiv/","6","POS_MISMATCH | MANY_SENSES | DUPLICATE_PRIMARY_MEANING","7","157","xâm lược","xâm lược, xâm lăng; công kích; hay gây sự, gây gỗ, gây hấn, hung hăng, hùng hổ; tháo vát, xông xáo, năng nổ; sự xâm lược; sự công kích; sự gây sự, sự gây hấn","an aggressive policy, war, person, nation",""
"24516","middle","middle","A1","adjective","ngoại động từ","/'midl/","6","POS_MISMATCH | MANY_SENSES | DUPLICATE_PRIMARY_MEANING","8","157","giữa","giữa; nửa người, chỗ thắt lưng; ở giữa, trung; thời Trung cổ; Trung đông; đá (bóng) từ cánh vào (khu trung lộ trước gôn); đặt vào giữa; xếp đôi (lá buồm lại)","The middle of a circle is the point which has the same distance to every point of circle.",""
"24649","annoy","annoy","A2","verb","danh từ","/ə'nɔi/","6","POS_MISMATCH | MANY_SENSES | DUPLICATE_PRIMARY_MEANING","5","156","làm trái ý","làm trái ý, làm khó chịu, làm bực mình; chọc tức, làm cho tức giận; quấy rầy, làm phiền; quấy nhiễu, quấy rối (kẻ địch); ,  (từ cổ,nghĩa cổ) (như) annoyance","Marc loved his sister, but when she annoyed him he wanted to switch her off.",""
"26506","blooming","blooming","B2","adjective","danh từ","/'blu:miɳ/","6","POS_MISMATCH | MANY_SENSES | MISSING_EXAMPLE","5","155","đang nở hoa","đang nở hoa; tươi đẹp, tươi như hoa nở; đang ở thời kỳ rực rỡ, đang ở thời kỳ tươi đẹp nhất; quá, quá đỗi, quá chừng, hết sức; sự đúc (sắt thép) thành thỏi","",""
"24831","complete","complete","A2","adjective","ngoại động từ","/kəm'pli:t/","6","POS_MISMATCH | MANY_SENSES | DUPLICATE_PRIMARY_MEANING","6","155","đầy đủ","đầy đủ, trọn vẹn, hoàn toàn; hoàn thành, xong; hoàn toàn, toàn diện (người); hoàn thành, làm xong; làm đầy đủ, bổ sung, làm cho trọn vẹn; làm cho hoàn toàn","He completed the assignment on time.",""
"24551","new","new","A1","adjective","phó từ","/nju:/","6","POS_MISMATCH | MANY_SENSES | DUPLICATE_PRIMARY_MEANING","8","155","mới","mới, mới mẻ, mới lạ; khác hẳn; tân tiến, tân thời, hiện đại; mới nổi (gia đình, người); mới từ (nơi nào đến); chưa quen; leaf; mới ((thường) trong từ ghép)","Out with the old, in with the new.",""
"26175","freshman","freshman","B1","noun","định ngữ","/'freʃmən/","6","POS_MISMATCH | NOISY_PRIMARY_MEANING | LONG_PRIMARY_MEANING","4","151","học sinh đại học năm thứ nhất ((cũng) fresher)","học sinh đại học năm thứ nhất ((cũng) fresher); người mới bắt đầu, người mới vào nghề; học sinh đại học năm thứ nhất; cho học sinh đại học năm thứ nhất","At the time I was a wide-eyed freshman, but I was soon to grow jaded and cynical.",""
"26185","fund","fund","B1","noun","ngoại động từ","/fʌnd/","6","POS_MISMATCH | MANY_SENSES | MISSING_EXAMPLE","7","151","kho","kho; quỹ; tiền của; quỹ công trái nhà nước; chuyển những món nợ ngắn hạn thành món nợ dài hạn; để tiền vào quỹ công trái nhà nước; thu thập cho vào kho","",""
"25476","altogether","altogether","B1","adverb","danh từ","/,ɔ:ltə'geðə/","6","POS_MISMATCH | MANY_SENSES | DUPLICATE_PRIMARY_MEANING","7","150","hoàn toàn","hoàn toàn, hầu; nhìn chung, nói chung; nhìn toàn bộ; cả thảy, tất cả; toàn thể, toàn bộ; (thông tục) người mẫu khoả thân (để vẽ...); người trần truồng","Altogether, I'm sorry it happened.",""
"24275","example","example","A1","noun","ngoại động từ (từ hiếm,nghĩa hiếm)","/ig'zɑ:mpl/","6","POS_MISMATCH | MANY_SENSES | MISSING_EXAMPLE","7","150","thí dụ","thí dụ, ví dụ; mẫu, gương mẫu, gương; cái để làm gương; tiền lệ, lệ trước, vật so sánh, cái tương đương; dùng làm thí dụ; dùng làm mẫu; dùng làm gương","",""
"25606","bomb","bomb","B1","noun","ngoại động từ","/bɔm/","6","POS_MISMATCH | MANY_SENSES | MISSING_EXAMPLE","6","148","quả bom","quả bom; ném một quả bom vào; gây sự xôn xao, gây sự chấn động lớn; ném bom, oanh tạc; ném bom để lùa (ai) ra khỏi (nơi nào); chất bom (vào máy bay)","",""
"24575","officer","officer","A1","noun","ngoại động từ,  (thường) động tính từ quá khứ","/'ɔfisə/","6","POS_MISMATCH | MANY_SENSES | MISSING_EXAMPLE","8","147","sĩ quan","sĩ quan; nhân viên chính quyền, nhân viên, viên chức; cảnh sát; giám đốc; thư ký; thủ quỹ (một công ty, một hội); cung cấp sĩ quan chỉ huy; chỉ huy","",""
"25666","candle","candle","B1","noun","ngoại động từ","/'kændl/","6","POS_MISMATCH | MANY_SENSES | MISSING_EXAMPLE","7","146","cây nến","cây nến; nến ((cũng) candle power); burn; thua xa không sánh được, không đáng xách dép cho; game; tắt đèn nhà ngói cũng như nhà tranh; soi (trứng)","",""
"26682","concrete","concrete","B2","adjective","động từ","/'kɔnkri:t/","6","POS_MISMATCH | MANY_SENSES | MISSING_EXAMPLE","11","146","cụ thể","cụ thể; bằng bê tông; vật cụ thể; bê tông; thực tế, trong thực tế; cụ thể; đúc thành một khối; chắc lại; rải bê tông; đổ bê tông; đúc bằng bê tông","",""
"26697","consent","consent","B2","noun","nội động từ","/kən'sent/","6","POS_MISMATCH | MANY_SENSES | DUPLICATE_PRIMARY_MEANING","6","145","sự đồng ý","sự đồng ý, sự ưng thuận, sự bằng lòng, sự thoả thuận; sự tán thành); tuổi kết hôn, tuổi cập kê; silence; đồng ý, ưng thuận, thoả thuận; tán thành","After reflecting a little bit, I've consented.",""
"25672","capture","capture","B1","noun","ngoại động từ","/'kæptʃə/","6","POS_MISMATCH | MANY_SENSES | DUPLICATE_PRIMARY_MEANING","5","144","sự bắt giữ","sự bắt giữ, sự bị bắt; sự đoạt được, sự giành được; người bị bắt, vật bị bắt; bắt giữ, bắt; đoạt được, lấy được, chiếm được, giành được, thu hút","the capture of a lover's heart",""
"26140","flavor","flavor","B1","noun","ngoại động từ","/'fleivə/","6","POS_MISMATCH | MANY_SENSES | DUPLICATE_PRIMARY_MEANING","5","143","vị ngon","vị ngon, mùi thơm; mùi vị; hương vị phảng phất; cho gia vị, làm tăng thêm mùi vị; tăng thêm hứng thú của, thêm thắt vào, thêm mắm thêm muối vào","The flavor of this apple pie is delicious.",""
"26141","flavour","flavour","B1","noun","ngoại động từ","/'fleivə/","6","POS_MISMATCH | MANY_SENSES | DUPLICATE_PRIMARY_MEANING","5","143","vị ngon","vị ngon, mùi thơm; mùi vị; hương vị phảng phất; cho gia vị, làm tăng thêm mùi vị; tăng thêm hứng thú của, thêm thắt vào, thêm mắm thêm muối vào","The flavor of this apple pie is delicious.",""
"24144","cartoon","cartoon","A1","noun","động từ","/kɑ:'tu:n/","6","POS_MISMATCH | MANY_SENSES | MISSING_EXAMPLE","5","142","tranh đả kích","tranh đả kích, tranh biếm hoạ ((thường) về chính trị); trang tranh đả kích; trang tranh vui; bản hình mẫu; vẽ tranh đả kích, vẽ tranh biếm hoạ","",""
"26685","cone","cone","B2","noun","nội động từ","/koun/","6","POS_MISMATCH | MANY_SENSES | MISSING_EXAMPLE","8","142","hình nón","hình nón; vật hình nón; nón; ốc nón; tín hiệu báo bão (hình nón); bột áo (bột mịn để xoa bột bánh mì đã nhào); làm thành hình nón; có hình nón","",""
"26767","cripple","cripple","B2","noun","nội động từ","/'kripl/","6","POS_MISMATCH | MANY_SENSES | MISSING_EXAMPLE","7","140","người què","người què; cái thang đứng, cái giá (của thợ quét vôi...); làm què, làm tàn tật; làm hỏng, phá hỏng; làm lụn bại; làm tê liệt; đi khập khiễng","",""
"24601","ability","ability","A2","noun","(pháp lý)","/ə'biliti/","6","POS_MISMATCH | MANY_SENSES | DUPLICATE_PRIMARY_MEANING","5","139","năng lực","năng lực, khả năng (làm việc gì); tài năng, tài cán; thẩm quyền; khả năng thanh toán được; vốn sẵn có, nguồn vốn (để đáp ứng khi cần thiết)","This phone has the ability to have its software upgraded wirelessly.",""
"24134","camp","camp","A1","noun","động từ","/kæmp/","6","POS_MISMATCH | MANY_SENSES | DUPLICATE_PRIMARY_MEANING","6","138","trại","trại, chỗ cắm trại, hạ trại; chỗ đóng quân, chỗ đóng trại; đời sông quân đội; phe phái; lều nhỏ (trong rừng); đóng trại, cắm trại, hạ trại","a hunter's camp",""
"25307","onion","onion","A2","noun","nội động từ","/'ʌnjən/","6","POS_MISMATCH | MANY_SENSES | MISSING_EXAMPLE","5","137","củ hành","củ hành; cây hành; thạo nghề của mình, cừ về công việc của mình, nắm vấn đề của mình; điên, gàn; day hành vào (mắt, để làm chảy nước mắt)","",""
"26744","costume","costume","B2","noun","ngoại động từ","/'kɔstju:m/","6","POS_MISMATCH | MANY_SENSES | DUPLICATE_PRIMARY_MEANING","6","136","quần áo","quần áo, y phục; cách ăn mặc, trang phục, phục sức; buổi khiêu vũ cải trang; đồ nữ trang giả; vở kịch có y phục lịch sử; mặc quần áo cho","The dancer was wearing Highland costume.",""
"24044","awake","awake","A1","adjective","nội động từ","/ə'weik/","6","POS_MISMATCH | MANY_SENSES | DUPLICATE_PRIMARY_MEANING","5","134","đánh thức","đánh thức, làm thức dậy; làm thức tỉnh, làm tỉnh ngộ, làm cho nhận thức ra; khêu gợi, gợi; thức dậy; thức tỉnh, tỉnh ngộ, nhận thức ra","They were awake to the possibility of a decline in sales.",""
"26399","arctic","arctic","B2","adjective","danh từ","/'ɑ:ktik/","6","POS_MISMATCH | MANY_SENSES | MISSING_EXAMPLE","5","132","bắc cực","bắc cực; (thuộc) phương bắc; giá rét, băng giá; the Artic bắc cực; (từ Mỹ,nghĩa Mỹ) ủng bao (ủng cao su bọc ngoài một đôi giày khác)","",""
"25748","commercial","commercial","B1","adjective","danh từ","/kə'mə:ʃl/","6","POS_MISMATCH | MANY_SENSES | MISSING_EXAMPLE","6","132","buôn bán","buôn bán; (thuộc) thương mại; (thuộc) thương nghiệp; buổi phát thanh quảng cáo hàng; người chào hàng; buổi phát thanh quảng cáo hàng","",""
"24836","confident","confident","A2","adjective","danh từ","/'kɔnfidənt/","6","POS_MISMATCH | MANY_SENSES | DUPLICATE_PRIMARY_MEANING","7","131","tin chắc","tin chắc, chắc chắn; tự tin; tin tưởng, tin cậy; liều, liều lĩnh; trơ tráo, mặt dạn mày dày; láo xược; người tâm phúc, người tri kỷ","I'm pretty confident that she's not lying, she's acting normally.",""
"25346","perfume","perfume","A2","noun","ngoại động từ","/'pə:fju:m/","6","POS_MISMATCH | MANY_SENSES | MISSING_EXAMPLE","6","130","hương thơm","hương thơm; mùi thơm; nước hoa; dầu thơm; toả hương thơm vào, toả mùi thơm vào (không khí...); xức nước hoa vào (khăn tay, tóc...)","",""
"25527","aside","aside","B1","adverb","danh từ","/ə'said/","6","POS_MISMATCH | MANY_SENSES | DUPLICATE_PRIMARY_MEANING","5","125","về một bên","về một bên, sang một bên; riêng ra; ngoài ra, trừ ra; lời nói một mình; lời nói riêng (không để cho diễn viên khác nghe thấy)","Move aside, please, so that these people can come through.",""
"25404","aboard","aboard","B1","adverb","giới từ","/ə'bɔ:d/","6","POS_MISMATCH | MANY_SENSES | MISSING_EXAMPLE","5","124","trên tàu","trên tàu, trên boong tàu, trên thuyền, trên xe lửa; trên máy bay; dọc theo; gần, kế; lên trên (tàu thuỷ, xe lửa, máy bay...)","",""
"24819","comic","comic","A2","adjective","danh từ","/'kɔmik/","6","POS_MISMATCH | MANY_SENSES | MISSING_EXAMPLE","5","124","hài hước","hài hước, khôi hài; kịch vui; diễn viên kịch vui; , ((thường) số nhiều) trang tranh chuyện vui (ở báo); báo tranh chuyện vui","",""
"24071","behind","behind","A1","adverb","danh từ","/bi'haind/","6","POS_MISMATCH | MANY_SENSES | DUPLICATE_PRIMARY_MEANING","7","121","sau","sau, ở đằng sau; chậm, trễ; sau, ở đằng sau; kém; cũ rích, cổ lỗ; tìm hiểu động cơ của ai, tìm hiểu ẩn ý của ai; mông đít","to look behind",""
"25808","copyright","copyright","B1","noun","ngoại động từ","/'kɔpirait/","6","POS_MISMATCH | MANY_SENSES | MISSING_EXAMPLE","5","120","bản quyền","bản quyền, quyền tác giả; tác giả giữ bản quyền; do tác giả giữ bản quyền; được đảm bảo quyền tác giả; giữ quyền tác giả","",""
"26389","antique","antique","B2","adjective","danh từ","/æn'ti:k/","6","POS_MISMATCH | MANY_SENSES | MISSING_EXAMPLE","6","118","cổ","cổ, cổ xưa; theo lối cổ, theo kiểu cổ; lỗi thời, không hợp thời; đồ cổ; tác phẩm mỹ thuật cổ; phong cách nghệ thuật cổ","",""
"25758","complex","complex","B1","adjective","danh từ","/'kɔmleks/","6","POS_MISMATCH | MANY_SENSES | DUPLICATE_PRIMARY_MEANING","6","116","phức tạp","phức tạp, rắc rối; mớ phức tạp, phức hệ; nhà máy liên hợp; khu công nghiệp liên hợp; phức cảm tự ti; phức cảm tự tôn","Jim has a real complex about working for a woman boss.",""
"24431","interview","interview","A1","noun","động từ","/'intəvju:/","6","POS_MISMATCH | MANY_SENSES | DUPLICATE_PRIMARY_MEANING","6","115","sự gặp gỡ","sự gặp gỡ, sự gặp mặt; cuộc nói chuyện riêng; cuộc phỏng vấn; bài phỏng vấn; gặp riêng, nói chuyện riêng; phỏng vấn","The reporter gave the witness an interview.",""
"25284","necessary","necessary","A2","adjective","danh từ,  (thường) số nhiều","/'nesisəri/","6","POS_MISMATCH | MANY_SENSES | MISSING_EXAMPLE","5","115","cần","cần, cần thiết, thiết yếu; tất nhiên, tất yếu; những thứ cần dùng; (từ lóng) tiền cần thiết, việc cần thiết; nhà xí","",""
"25493","annual","annual","B1","adjective","danh từ","/'ænjuəl/","6","POS_MISMATCH | MANY_SENSES | DUPLICATE_PRIMARY_MEANING","5","114","hàng năm","hàng năm, năm một, từng năm; sống một năm (cây); xuất bản hàng năm (sách); cây một năm; tác phẩm xuất bản hàng năm","I read the magazine, but I usually don't purchase the annuals.",""
"26177","fright","fright","B1","noun","ngoại động từ","/frait/","6","POS_MISMATCH | MANY_SENSES | MISSING_EXAMPLE","6","108","sự hoảng sợ","sự hoảng sợ; người xấu xí kinh khủng; quỷ dạ xoa; người ăn mặc xấu xí; vật xấu xí kinh khủng; (như) frighten","",""
"26727","coral","coral","B2","noun","tính từ","/'kɔrəl/","6","POS_MISMATCH | MANY_SENSES | MISSING_EXAMPLE","6","106","san hô","san hô; đồ chơi bằng san hô (của trẻ con); bọc trứng tôm hùm; hữu xạ tự nhiên hương; đỏ như san hô; san hô","",""
"25247","mention","mention","A2","noun","ngoại động từ","/'menʃn/","6","POS_MISMATCH | MANY_SENSES | MISSING_EXAMPLE","5","106","sự kể ra","sự kể ra, sự nói đến, sự đề cập; sự tuyên dương; kể ra, nói đến, đề cập; tuyên dương; không sao, không dám","",""
"25004","fantastic","fantastic","A2","adjective","danh từ","/fæn'tæstik/","6","POS_MISMATCH | MANY_SENSES | DUPLICATE_PRIMARY_MEANING","5","105","kỳ quái","kỳ quái, quái dị, lập dị; đồng bóng; vô cùng to lớn; tưởng tượng, không tưởng; người kỳ cục, người lập dị","He told fantastic stories of dragons and goblins.",""
"24496","mail","mail","A1","noun","ngoại động từ","/meil/","6","POS_MISMATCH | MANY_SENSES | MISSING_EXAMPLE","8","105","áo giáp","áo giáp; mặc áo giáp; thư từ; bưu kiện, bưu phẩm; chuyển thư; bưu điện; xe thư (xe lửa); gửi qua bưu điện","",""
"26591","cellar","cellar","B2","noun","ngoại động từ","/'selə/","6","POS_MISMATCH | NOISY_PRIMARY_MEANING | MISSING_EXAMPLE","3","103","hầm chứa (thức ăn","hầm chứa (thức ăn, rượu...); hầm rượu ((cũng) wine cellar) kho rượu cất dưới hầm; cất (rượu...) vào hầm","",""
"24759","cab","cab","A2","noun","nội động từ","/kæb/","6","POS_MISMATCH | MANY_SENSES | MISSING_EXAMPLE","6","98","xe tắc xi","xe tắc xi; xe ngựa thuê; buồng lái; cabin, buồng lái (ở xe vận tải); đi xe tắc xi; đi xe ngựa thuê","",""
"26467","barrier","barrier","B2","noun","ngoại động từ","/bæriə/","6","POS_MISMATCH | NOISY_PRIMARY_MEANING | MISSING_EXAMPLE","4","94","đặt vật chướng ngại (để chặn","đặt vật chướng ngại (để chặn, phòng thủ); chắn ngang; chắn lại không cho ra; chắn không cho ra","",""
"26751","coward","coward","B2","noun","tính từ","/'kauəd/","6","POS_MISMATCH | MANY_SENSES | MISSING_EXAMPLE","5","92","người nhát gan","người nhát gan, người nhút nhát; người hèn nhát; con vật nhát; nhát gan, nhút nhát; hèn nhát","",""
"24978","essay","essay","A2","noun","nội động từ","/'esei/","6","POS_MISMATCH | MANY_SENSES | MISSING_EXAMPLE","7","91","sự làm thử","sự làm thử; sự làm cố gắng; bài tiểu luận; thử làm; cố làm (gì...); thử, thử thách; cố gắng","",""
"24689","automatic","automatic","A2","adjective","danh từ","/,ɔ:tə'mætik/ (automatical) /,ɔ:tə'mætikəl/","6","POS_MISMATCH | MANY_SENSES | DUPLICATE_PRIMARY_MEANING","6","90","tự động","tự động; vô ý thức, máy móc; máy tự động; thiết bị tự động; súng tự động; súng lục tự động","I never learned to drive a stick. I can only drive an automatic.",""
"25968","dj","dj","B1","noun","(viết tắt)","","6","POS_MISMATCH | NOISY_PRIMARY_MEANING | MISSING_EXAMPLE","2","88","áo vét đi ăn tối (dinner- jacket)","áo vét đi ăn tối (dinner- jacket); người giới thiệu các ca khúc trên radio (disk-jockey)","",""
"26304","aboriginal","aboriginal","B2","adjective","danh từ","/,æbə'ridʤənl/","6","POS_MISMATCH | MANY_SENSES | MISSING_EXAMPLE","5","87","thổ dân","thổ dân; (thuộc) thổ sản, (thuộc) đặc sản; ban sơ, nguyên thuỷ, cổ sơ; thổ dân; thổ sản","",""
"24410","hope","hope","A1","noun","động từ","/houp/","6","POS_MISMATCH | MANY_SENSES | MISSING_EXAMPLE","6","87","hy vọng","hy vọng; nguồn hy vọng; từ bỏ mọi hy vọng; hy vọng hão huyền, uổng công; while; hy vọng","",""
"25279","national","national","A2","adjective","danh từ,  (thường) số nhiều","/'neiʃənl/","6","POS_MISMATCH | MANY_SENSES | DUPLICATE_PRIMARY_MEANING","5","86","dân tộc","dân tộc; quốc gia; chính phủ liên hiệp; báo chí lưu hành khắp nước; kiều dân, kiều bào","The diplomats were advised not to interact with any foreign nationals except on official duty.",""
"26040","enemy","enemy","B1","noun","tính từ","/'enimi/","6","POS_MISMATCH | MANY_SENSES | MISSING_EXAMPLE","5","85","kẻ thù","kẻ thù, kẻ địch, địch thủ; quân địch, tàu địch; thì giờ; ma vương; của địch, thù địch","",""
"25167","jelly","jelly","A2","noun","động từ+ (jellify) /'dʤelifai/","/'dʤeli/ (jell) /dʤel/","6","POS_MISMATCH | MANY_SENSES | MISSING_EXAMPLE","5","84","thịt nấu đông","thịt nấu đông; nước quả nấu đông, thạch; đánh cho nhừ tử; đông lại; làm cho đông lại","",""
"26946","dynamic","dynamic","B2","adjective","danh từ","/dai'næmik/","6","POS_MISMATCH | MANY_SENSES | MISSING_EXAMPLE","5","80","động lực","động lực; động lực học; năng động, năng nổ, sôi nổi; (thuộc) chức năng; động lực","",""
"24810","clown","clown","A2","noun","nội động từ","/klaun/","6","POS_MISMATCH | MANY_SENSES | MISSING_EXAMPLE","6","79","anh hề","anh hề, vai hề; người quê mùa; người thô lỗ; người mất dạy; làm hề; đóng vai hề","",""
"24559","no","no","A1","adverb","danh từ,  số nhiều noes","/nou/","6","POS_MISMATCH | MANY_SENSES | DUPLICATE_PRIMARY_MEANING","5","78","không","không; lời từ chối, lời nói ""không"" ; không; phiếu chống; người bỏ phiếu chống","The workers voted on whether to strike, and there were thirty ""yeses"" and two ""nos"".",""
"24239","doll","doll","A1","noun","động từ,  (thông tục) ((thường) + up)","/dɔl/","6","POS_MISMATCH | NOISY_PRIMARY_MEANING | MISSING_EXAMPLE","2","62","con búp bê ((nghĩa đen) & (nghĩa bóng))","con búp bê ((nghĩa đen) & (nghĩa bóng)); diện, mặc quần áo đẹp","",""
"25450","advert","advert","B1","noun","nội động từ","/əd'və:t/","6","POS_MISMATCH | NOISY_PRIMARY_MEANING | MISSING_EXAMPLE","3","58","ám chỉ (nói hoặc viết)","ám chỉ (nói hoặc viết); nói đến, kể đến; tai hoạ, tai ương","",""
"25700","chariot","chariot","B1","noun","ngoại động từ","/'tʃæriət/","6","POS_MISMATCH | NOISY_PRIMARY_MEANING | MISSING_EXAMPLE","2","58","xe ngựa (dùng để đánh trận hay chạy đua)","xe ngựa (dùng để đánh trận hay chạy đua); chở bằng xe ngựa","",""
"24059","beach","beach","A1","noun","ngoại động từ","/bi:tʃ/","6","POS_MISMATCH | NOISY_PRIMARY_MEANING | MISSING_EXAMPLE","3","56","sỏi cát (ở bãi biển)","sỏi cát (ở bãi biển); bãi biển; cho (tàu thuyền) lên cạn","",""
"24768","cassette","cassette","A2","noun","","","6","POS_MISMATCH | NOISY_PRIMARY_MEANING | MISSING_EXAMPLE","2","56","hộp (băng)","hộp (băng); máy ghi âm (loại) hộp băng, cátxét, cassette","",""
"25848","cv","cv","B1","noun","(viết tắt)","","6","POS_MISMATCH | NOISY_PRIMARY_MEANING | MISSING_EXAMPLE","1","26","lý lịch (curriculum vitae)","lý lịch (curriculum vitae)","",""
"26532","breakup","breakup","B2","noun","","","6","POS_MISMATCH | NOISY_PRIMARY_MEANING | MISSING_EXAMPLE","1","6","vỡ (d)","vỡ (d)","",""
"24188","come","come","A1","verb","nội động từ came; come","/kʌm/","5","MANY_SENSES | LONG_MEANING | DUPLICATE_PRIMARY_MEANING","123","3247","đến","đến, tới, đi đến, đi tới, đi lại; sắp đến, sắp tới; xảy ra, xảy đến; thấy, ở, thấy ở; nên, thành ra, hoá ra, trở nên, trở thành; hình thành; đặc lại, đông lại (nước xốt, tiết canh...); nào! nào, nào!; thế, thế!; hành động, làm, xử sự; xảy ra, xảy đến; đối chiếu; tình cờ gặp, bắt gặp, tình cờ thấy; theo sau, đi theo; nối dòng, nối nghiệp, kế nghiệp, kế thừa; trở lại; đụng phải, va phải; tách ra, lìa ra, rời ra, bung ra; đạt tới, đến được, nắm được, thấy; xổ vào, xông vào (tấn công); đi xa, đi khỏi, rời khỏi; lìa ra, rời ra, bung ra; quay lại, trở lại (địa vị, quyền lợi...); được, nhớ lại; ,  (từ lóng) đáp lại, cãi lại; đứng giữa (làm môi giới, điều đình); can thiệp vào, xen vào; qua, đi qua; có được, kiếm được, vớ được; xuống, đi xuống; được truyền lại, được để lại (phong tục, tập quán, truyền thống...); sụp đổ (nhà cửa...); sa sút, suy vị, xuống dốc; mắng nhiếc, xỉ vả; trừng phạt; đòi tiền; đòi bồi thường; xuất tiền, trả tiền, chi; đứng ra, xung phong; đi vào, trở vào; về đích (chạy đua); được tuyển, được bầu; lên nắm quyền; vào két, nhập két, thu về (tiền); lên, dâng (thuỷ triều); bắt đầu (mùa); thành mốt, thành thời trang; tỏ ra; có phần, được hưởng phần; ngắt lời, chận lời, nói chặn; được hưởng, thừa hưởng; do... mà ra, bởi... mà ra; là kết quả của; xuất thân từ; bong ra, róc ra, rời ra, bật ra; thoát khỏi vòng khó khăn, xoay xở xong; được thực hiện, được hoàn thành; come off it! thôi câm mồm đi! thôi đi, đừng có nói như vậy!; thôi đừng có dở cái giọng ấy ra nữa!; đi tiếp, đi tới; tiến lên, tới gần; nổi lên thình lình (gió, bão), phát ra thình lình (bệnh); tiến bộ, tiếp tục phát triển, mau lớn (cây, đứa bé...); được đem ra thảo luận (vấn đề, dự luật...); được trình diễn trên sân khấu; ra sân khấu (diễn viên); ra toà; ra, đi ra; đình công; vượt khỏi (thử thách với ít nhiều thành công); lộ ra ((nghĩa đen) & (nghĩa bóng)); được xuất bản; ra (sách, báo); được xếp (trong kỳ thi); mới ra đời; mới lên sân khấu lần đầu; vượt (biển), băng (đồng...); sang phe, theo phe; choán, trùm lên (người nào); đi nhanh, đi vòng; trở lại, quay lại, tới (có định kỳ); tạt lại chơi; thay đổi hẳn ý kiến, thay đổi hẳn quan điểm; đến, đi đến; hồi tỉnh, tỉnh lại; tỉnh trí lại; tỉnh ngộ; thừa hưởng, được hưởng; lên tới; bỏ neo; dừng lại (tàu); rơi vào loại, nằn trong loại; rơi vào, chịu (ảnh hưởng); tới gần, đến gần (ai, một nơi nào); được nêu lên, được đặt ra (vấn đề để thảo luận); thành mốt; lên tới, đạt tới, theo kịp, bắt kịp; vào đại học; tấn công bất thình lình, đột kích; chợt gặp, bắt gặp, chợt thấy; chợt nảy ra trong óc, chợt có ý nghĩ; là một gánh nặng cho, đè lên đầu (ai); yêu cầu đòi hỏi, bắt chịu trách nhiệm; chợt nảy ra ý nghĩ; cropper; đi nào; mau lên, nhanh lên; thú nhận, nói hết; không có gì khó khăn đối với ai; trở về nhà, trở lại nhà; gây ấn tượng, được hiểu rõ, có hiệu lực, có hiệu quả; đánh trúng, đánh trúng vào chỗ yếu, chạm nọc; đến gần, suýt nữa; đến tuổi trưởng thành; ,  (thông tục) đừng có làm bộ làm tịch nữa!, đừng có lên râu nữa!; muốn nói gì thì nói đi!; đúng (tính...); thu xếp, ổn thoả, thu xếp xong xuôi; không đạt được, thất bại; thiếu, không đủ đáp ứng yêu cầu; đến trước thì được giải quyết trước, đến trước thì được phục vụ trước; ,  (thông tục) thế nào?, sao?; thật là một vố đau cho nó","She’ll be coming ’round the mountain when she comes [...]",""
"24444","job","job","A1","noun","danh từ (Job)","/dʤɔb /","5","MANY_SENSES | LONG_MEANING | DUPLICATE_PRIMARY_MEANING","42","1157","việc","việc, việc làm, công việc; việc làm thuê, việc làm khoán; công ăn việc làm; việc làm ăn gian lận để kiếm chác; việc, sự việc, sự thể; tình hình công việc; cú thúc nhẹ, cú đâm nhẹ (bằng cái gì nhọn); cú ghì giật hàm thiếc (làm đau mồn ngựa); việc làm ăn khó khăn vất vả; làm hại ai, gây tai hại cho ai; từ chối không làm việc gì; lô hàng mua trữ để đầu cơ; mớ tạp nhạp; bọn người tạp nhạp; làm đại khái, làm qua loa, làm ăn chểnh mảng; đang làm, đang hoạt động; bận rộn; chơi xỏ ai một vố; làm những việc lặt vặt, làm những việc linh tinh; (thông tục) sửa chữa lặt vặt; đầu cơ; làm môi giới chạy hành xách; xoay sở kiếm chác; dở ngon gian lận để kiếm chác; buôn bán cổ phần (chứng khoán); đâm, thúc; thuê (ngựa, xe...); cho thuê (ngựa, xe...); cho làm khoán; nhận làm khoán (một công việc); mua bán đầu cơ (hàng); lợi dụng (chức vụ...) để xoay sở kiếm chác; thúc nhẹ, đâm nhẹ (bằng cái gì nhọn); ghì giật hàm thiếc làm đau mồm (ngựa); đâm, thúc[dʤoub]; Giốp; người chịu đựng đau khổ nhiều; người kiên nhẫn chịu đựng; người làm ra bộ an ủi nhưng chỉ cốt gây thêm đau khổ; tin buồn; làm thế thì không ai có thể chịu đựng được; làm thế thì đến bụt cũng phải tức","A job half done is hardly done at all.",""
"24374","had","had","A1","have-verb","danh từ","/hæv, həv, v/ (has) /hæz, həz, əz, z/ (hast) /hæst/","5","MANY_SENSES | LONG_MEANING | DUPLICATE_PRIMARY_MEANING","37","821","có","có; nhận được, biết được; ăn; uống; hút; hưởng; bị; cho phép; muốn (ai làm gì); biết, hiểu; nhớ; phải, có bổn phận phải, bắt buộc phải; nói, cho là, chủ trương; tin chắc là; thắng, thắng thế; tóm, nắm, nắm chặt ((nghĩa đen) & (nghĩa bóng)); sai khiến, nhờ, bảo, bắt (ai làm gì...); bịp, lừa bịp; tấn công, công kích; coa mặc, vẫn mặc (quần áo...); có đội, vẫn đội (mũ...); gọi lên, triệu lên, mời lên; bắt, đưa ra toà; better; had better; ngừng lại!, thôi!; giải quyết một cuộc tranh cãi (với ai); nói cho ra lý lẽ (với ai); đi nhổ răng; không có thế lợi gì hơn ai; không có chứng cớ gì để buộc tội ai; thằng cha ấy thế là toi rồi; thằng cha ấy thế là hết thời (lỗi thời) rồi; thằng cha ấy chẳng hòng gì được nữa đâu; the haves and havenots (thông tục) những người giàu và những người nghèo; sự lừa bịp; hành động lừa bịp","I have a house and a car.",""
"24383","has","has","A1","have-verb","danh từ","/hæv, həv, v/ (has) /hæz, həz, əz, z/ (hast) /hæst/","5","MANY_SENSES | LONG_MEANING | DUPLICATE_PRIMARY_MEANING","37","821","có","có; nhận được, biết được; ăn; uống; hút; hưởng; bị; cho phép; muốn (ai làm gì); biết, hiểu; nhớ; phải, có bổn phận phải, bắt buộc phải; nói, cho là, chủ trương; tin chắc là; thắng, thắng thế; tóm, nắm, nắm chặt ((nghĩa đen) & (nghĩa bóng)); sai khiến, nhờ, bảo, bắt (ai làm gì...); bịp, lừa bịp; tấn công, công kích; coa mặc, vẫn mặc (quần áo...); có đội, vẫn đội (mũ...); gọi lên, triệu lên, mời lên; bắt, đưa ra toà; better; had better; ngừng lại!, thôi!; giải quyết một cuộc tranh cãi (với ai); nói cho ra lý lẽ (với ai); đi nhổ răng; không có thế lợi gì hơn ai; không có chứng cớ gì để buộc tội ai; thằng cha ấy thế là toi rồi; thằng cha ấy thế là hết thời (lỗi thời) rồi; thằng cha ấy chẳng hòng gì được nữa đâu; the haves and havenots (thông tục) những người giàu và những người nghèo; sự lừa bịp; hành động lừa bịp","I have a house and a car.",""
"24385","have","have","A1","have-verb","danh từ","/hæv, həv, v/ (has) /hæz, həz, əz, z/ (hast) /hæst/","5","MANY_SENSES | LONG_MEANING | DUPLICATE_PRIMARY_MEANING","37","821","có","có; nhận được, biết được; ăn; uống; hút; hưởng; bị; cho phép; muốn (ai làm gì); biết, hiểu; nhớ; phải, có bổn phận phải, bắt buộc phải; nói, cho là, chủ trương; tin chắc là; thắng, thắng thế; tóm, nắm, nắm chặt ((nghĩa đen) & (nghĩa bóng)); sai khiến, nhờ, bảo, bắt (ai làm gì...); bịp, lừa bịp; tấn công, công kích; coa mặc, vẫn mặc (quần áo...); có đội, vẫn đội (mũ...); gọi lên, triệu lên, mời lên; bắt, đưa ra toà; better; had better; ngừng lại!, thôi!; giải quyết một cuộc tranh cãi (với ai); nói cho ra lý lẽ (với ai); đi nhổ răng; không có thế lợi gì hơn ai; không có chứng cớ gì để buộc tội ai; thằng cha ấy thế là toi rồi; thằng cha ấy thế là hết thời (lỗi thời) rồi; thằng cha ấy chẳng hòng gì được nữa đâu; the haves and havenots (thông tục) những người giàu và những người nghèo; sự lừa bịp; hành động lừa bịp","I have a house and a car.",""
"25216","lose","lose","A2","verb","nội động từ","/lu:z/","5","MANY_SENSES | LONG_MEANING | DUPLICATE_PRIMARY_MEANING","26","654","mất không còn nữa","mất không còn nữa; mất, mất hút, không thấy nữa; lạc, thất lạc; bỏ lỡ, bỏ uổng, bỏ qua; thua, bại; uổng phí, bỏ phí; làm hại, làm mất, làm hư, di hại; chậm (đồng hồ); dạng bị động mê man, say sưa, chìm đắm, triền miên; mất hết không còn nữa; bị lu mờ; mất; mất ý nghĩa, mất hay; thơ Hồ Xuân Hương dịch ra bị mất hay đi nhiều; thất bại, thua, thua lỗ; chúng nó thua và ta thắng; chậm (đồng hồ); ground; mất hết can đảm, mất hết hăng hái; lo nghĩ mất ngủ về cái gì; lạc đường, lạc lối; mất bình tĩnh, nổi nóng, cáu; rối trí, hoang mang; mất bình tĩnh, mất tự chủ, nóng nảy; lạc đường; một tâm hồn sa đoạ, một tâm hồn tội lỗi không hòng gì cứu chữa được nữa","He lost his hearing in the explosion.",""
"24344","get","get","A1","verb","nội động từ","/get/","5","MANY_SENSES | LONG_MEANING | DUPLICATE_PRIMARY_MEANING","24","580","được","được, có được, kiếm được, lấy được; nhận được, xin được, hỏi được; tìm ra, tính ra; mua; học (thuộc lòng); mắc phải; ăn; bắt được (cá, thú rừng...); đem về, thu về (thóc...); hiểu được, nắm được (ý...); đưa, mang, chuyền, đem, đi lấy; bị, chịu; dồn (ai) vào thế bí, dồn (ai) vào chân tường; làm (ai) bối rối lúng túng không biết ăn nói ra sao; làm cho, khiến cho; sai ai, bảo ai, nhờ ai (làm gì); to have got có, phải; sinh, đẻ (thú vật; ít khi dùng cho người); tìm hộ, mua hộ, xoay hộ, cung cấp; đến, tới, đạt đến; trở nên, trở thành, thành ra, đi đến chỗ; bắt đầu; cút đi, chuồn","I'm going to get a computer tomorrow from the discount store.",""
"24203","course","course","A1","noun","danh từ","/kɔ:s/","5","MANY_SENSES | LONG_MEANING | MISSING_EXAMPLE","31","544","tiến trình","tiến trình, dòng; quá trình diễn biến; sân chạy đua, vòng chạy đua; trường đua ngựa ((cũng) race course); hướng, chiều hướng; đường đi; cách cư sử, cách giải quyết; đường lối, con đường ((nghĩa bóng)); món ăn (đưa lần lượt); loạt; khoá; đợt; lớp; hàng gạch, hàng đá; đạo đức, tư cách; kỳ hành kinh; theo thủ tục (lệ) thông thường; lệ thường lẽ thường; đang diễn biến; trong khi; đúng lúc; đúng trình tự; một vấn đề dĩ nhiên; dĩ nhiên, đương nhiên, tất nhiên; làm theo ý mình; săn đuổi (thỏ); cho (ngựa) chạy; chạy; chảy; ngựa chiến; con tuấn mã","",""
"24467","leader","leader","A1","noun","danh từ","/'li:də/","5","MANY_SENSES | LONG_MEANING | MISSING_EXAMPLE","15","531","lânh tụ","lânh tụ, người lânh đạo, người chỉ huy, người hướng dẫn, người chỉ đạo; luật sư chính (trong một vụ kiện); bài báo chính, bài xã luận lớn; con ngựa đầu đàn, con ngựa dẫn đầu trong cỗ ngựa (buộc vào xe); hàng dấu chấm (để dẫn người đọc) sang trang (sang cột); mạch nhánh (dẫn đến mạch mỏ chính); mầm chính (nhú lên mạnh nhất ở cành, ở thân cây); dây gân; tin quan trọng nhất (trong bản tin cuối cùng); vật dẫn; dây dẫn; nhạc trưởng; người điều khiển dàn nhạc, người điều khiển ban đồng ca; người lãnh xướng; hàng bán rẻ để quảng cáo","",""
"25038","for","for","A2","conjunction","liên từ","/fɔ:,fə/","5","MANY_SENSES | LONG_MEANING | MISSING_EXAMPLE","26","524","thay cho","thay cho, thế cho, đại diện cho; ủng hộ, về phe, về phía; để, với mục đích là; để lấy, để được; đến, đi đến; cho; vì, bởi vì; mặc dù; đối với, về phần; so với, đối với, theo tỷ lệ; trong (thời gian), được (mức là...); thương thay cho nó!; phải bị trừng phạt; gần đất xa trời; thẹn quá! nhục quá!; trong chừng mực mà tôi biết; đúng như, hệt như; certain; life; không đời nào! không khi nào!; once; nothing; đẹp không tả được; nếu không có sự giúp đỡ của anh tôi không thể làm xong việc đó được; để làm gì?; vì, bởi vì, tại vì","",""
"24128","by","by","A1","preposition","tính từ","/bai/","5","MANY_SENSES | LONG_MEANING | DUPLICATE_PRIMARY_MEANING","20","435","gần","gần, cạnh, kế, bên; về phía; qua, ngang qua, xuyên qua, dọc theo (chỉ hướng và chuyển động); vào lúc, vào khi, vào khoảng, vào quãng (chỉ thời gian); theo cách, bằng cách, theo từng; bằng, bởi, do; theo như, phù hợp với; đến mức, đến khoảng; trước; à này, nhân đây, tiện thể; một mình không có ai giúp đỡ; có vật gì trong tay; gần; qua; sang một bên, ở bên; dự trữ, dành; lát nữa thôi; ngay bây giờ; nhìn chung, nói chung, rút cục; bye","geography bee",""
"24135","can","can","A1","modal auxiliary","động từ could","/kæn/","5","MANY_SENSES | LONG_MEANING | DUPLICATE_PRIMARY_MEANING","15","432","bình","bình, bi đông, ca (đựng nước); vỏ đồ hộp, hộp đồ hộp; ghế đẩu, ghế ngồi ở nhà tiêu; ,  (từ lóng) nhà tù, nhà giam; đã làm xong và sẵn sàng để đem ra dùng; chịu trách nhiệm, gánh trách nhiệm; đóng hộp (thịt, cá, quả...); ghi vào băng ghi âm, thu vào đĩa (bản nhạc); đuổi ra khỏi trường (học sinh); đuổi ra, thải ra; ,  (từ lóng) chấm dứt, chặn lại, ngăn lại; ,  (từ lóng) bỏ tù, bắt giam; có thể, có khả năng; có thể, được phép; biết","She can speak English, French, and German. I can play football. Can you remember your fifth birthday?",""
"24789","cheer","cheer","A2","verb","nội động từ","/tʃiə/","5","MANY_SENSES | LONG_MEANING | MISSING_EXAMPLE","19","431","sự vui vẻ","sự vui vẻ, sự khoái trá; sự cổ vũ, sự khuyến khích; sự hoan hô; tiêng hoan hô; đồ ăn ngon, món ăn thịnh soạn; khí sắc; thể trạng; cố gắng lên!; đừng nản, hãy can đảm lên!; đầy dũng cảm; đầy hy vọng; càng ít người càng được ăn nhiều; làm vui mừng, làm phấn khởi; làm hớn hở ((cũng) cheer up); khích lệ, cổ vũ; hoan hô, tung hô; vui, mừng, khoái, thích; phấn khởi, phấn chấn, hớn hở, vui vẻ lên, hăng hái lên; hoan hô, vỗ tay hoan hô","",""
"24674","as","as","A2","conjunction","danh từ,  số nhiều asses","/æz, əz/","5","MANY_SENSES | LONG_MEANING | MISSING_EXAMPLE","26","423","như","như; là, với tư cách là; cũng, bằng; xa tận, cho tận đến; đến chừng mức mà; lui tận về; về phía, về phần; good; as much as; cũng chừng này, cũng bằng này; cũng vậy; well; well; yet; lúc khi, trong khi mà; đúng lúc mà ((cũng) just as); vì, bởi vì; để, cốt để; tuy rằng, dù rằng; như thế, y như thế; có thể là như vậy, có thể cho là như vậy; though; mà, người mà, cái mà...; như; điều đó, cái đó, cái ấy; đồng át (tiền La mã)","",""
"24107","bread","bread","A1","noun","danh từ","/bred/","5","MANY_SENSES | LONG_MEANING | MISSING_EXAMPLE","20","416","làm thủng","làm thủng; chọc thủng, phá vỡ (tuyến phòng thủ); nhảy lên khỏi mặt nước (cá voi); bánh mì; miếng ăn, kế sinh nhai; bánh mì phết bơ; miếng ăn; kế sinh nhai; miếng ăn; kế sinh nhai; cuộc sống thanh đạm; sự phong lưu, sự sung túc; kiếm ăn, kiếm sống; phiền não, sầu khổ, đau buồn; nhàn rỗi, vô công rỗi nghề; suốt đời sống dư dật sung túc; butter; sống đạm bạc; quarel; lấy mất kế sinh nhai của ai, cướp cơm chim của ai","",""
"25763","composition","composition","B1","noun","danh từ","/,kɔmpə'ziʃn/","5","MANY_SENSES | LONG_MEANING | MISSING_EXAMPLE","15","392","sự hợp thành","sự hợp thành, sự cấu thành; cấu tạo, thành phần; phép đặt câu; phép cấu tạo từ ghép; sự sáng tác; bài sáng tác, tác phẩm; bài viết, bài luận (ở trường); sự sắp xếp, cách bố trí (trong một bức hoạ...); sự sắp chữ; sự pha trộn, sự hỗn hợp; định ngữ) chất tổng hợp (giả cẩm thạch, giả ngà...); tư chất, bản chất, tính, tâm tính; sự thoả thuận đình chiến, sự thoả hiệp; sự điều đình; sự khất (nợ)","",""
"26825","delicacy","delicacy","B2","noun","danh từ","/'delikəsi/","5","MANY_SENSES | LONG_MEANING | MISSING_EXAMPLE","12","361","sự duyên dáng","sự duyên dáng, sự thanh nhã, sự thanh tao; vẻ thanh tú; sự yếu đuối, sự mỏng manh; trạng thái mảnh khảnh, trạng thái mảnh dẻ; sự tinh vi, sự tinh xảo, sự tinh tế, sự khéo léo; sự nhẹ nhàng; sự mềm mại; sự tế nhị, sự khó xử; sự lịch thiệp, sự nhã nhặn; tính nhạy cảm, tính dễ xúc cảm (người...); tính nhạy (cân, la bàn...); đồ ăn ngon, đồ ăn quý, cao lương mỹ vị","",""
"26041","engage","engage","B1","verb","nội động từ","/in'geidʤ/","5","MANY_SENSES | LONG_MEANING | MISSING_EXAMPLE","15","339","hẹn","hẹn, hứa hẹn, ước hẹn, cam kết; đính ước, hứa hôn; thuê (người ở); giữ trước (chỗ ngồi...); lấy (danh dự...) mà cam kết; thu hút (sự chú ý...); giành được (tình cảm...); làm cho mát mẻ; động tính từ quá khứ) mắc bận; giao chiến, đánh nhau với; gài (số...); gắn vào tường; ghép (vật nọ với vật kia); làm, tiến hành; (+ with) gài, khớp (với)","",""
"24027","any","any","A1","determiner","phó từ","/'eni/","5","MANY_SENSES | LONG_MEANING | DUPLICATE_PRIMARY_MEANING","8","327","một","một, một (người, vật) nào đó (trong câu hỏi); tuyệt không, không tí nào (ý phủ định); bất cứ (ý khẳng định); một, một người nào đó, một vật nào đó (trong câu hỏi); không chút gì, không đứa nào (ý phủ định); bất cứ vật gì, bất cứ ai (ý khẳng định); một, chút nào, một tí nào (trong câu phủ định, câu hỏi dạng so sánh); hoàn toàn","I will not remain here any longer.",""
"24118","build","build","A1","verb","(bất qui tắc) động từ built","/bild/","5","MANY_SENSES | LONG_MEANING | DUPLICATE_PRIMARY_MEANING","11","311","sự xây dựng","sự xây dựng; kiểu kiến trúc; khổ người tầm vóc; xây, xây dựng, xây cất; dựng nên, lập nên, làm nên; xây gắn vào, gắn vào (tường); dựa vào, tin cậy vào; xây lấp đi, xây bít đi, xây kín đi; xây dựng dần dần nên; tập họp lại, gom lại, tích lại (những cái cần để làm việc gì); có nhà cửa dinh thự bao bọc xung quanh","Rugby players are of sturdy build.",""
"25547","authority","authority","B1","noun","danh từ","/ɔ:'θɔriti/","5","MANY_SENSES | LONG_MEANING | MISSING_EXAMPLE","7","309","uy quyền","uy quyền, quyền lực, quyền thế; uỷ quyền; số nhiều) nhà cầm quyền, nhà chức trách, nhà đương cục; người có uy tín, người có thẩm quyền, chuyên gia, người lão luyện (về một môn nào); tài liệu có thể làm căn cứ đáng tin, căn cứ; tự ý làm gì, tự cho phép làm gì; theo một nguồn đáng tin cậy, theo căn cứ đích xác","",""
"26889","disposition","disposition","B2","noun","danh từ","/,dispə'ziʃn/","5","MANY_SENSES | LONG_MEANING | DUPLICATE_PRIMARY_MEANING","11","309","sự sắp xếp","sự sắp xếp, sự sắp đặt, cách sắp xếp, cách bố trí; số nhiều) (quân sự) kế hoạch; sự chuẩn bị, cách bố trí lực lượng (tấn công hoặc phòng ngự); sự dùng, sự tuỳ ý sử dụng; khuynh hướng, thiên hướng; ý định; tính tình, tâm tính, tính khí; sự bán; sự chuyển nhượng, sự nhượng lại; sự sắp đặt (của trời); mệnh trời","The scouts reported on the disposition of the enemy troops.",""
"25067","gather","gather","A2","verb","nội động từ","/'gæðə/","5","MANY_SENSES | LONG_MEANING | DUPLICATE_PRIMARY_MEANING","14","305","tập hợp","tập hợp, tụ họp lại; hái, lượm, thu thập; lấy, lấy lại; chun, nhăn; hiểu, nắm được; kết luận, suy ra; tập hợp lại, tụ họp lại, kéo đến; to ra, phóng đại, tăng lên; mưng mủ (nhọt); nhặt (cái gì) lên; thu thập lại, tập trung; thu (gọn) lại; chết, về chầu tổ; lăn lóc đổi nghề lắm rút cục chẳng tinh nghề nào","I've been gathering ideas from the people I work with.",""
"24706","base","base","A2","noun","tính từ","/beis/","5","POS_MISMATCH | MANY_SENSES","15","299","cơ sở","cơ sở, nền, nền tảng, nền móng; đáy, chấn đế; căn cứ; đường đáy, mặt đáy; cơ số; gốc từ; Bazơ; ,  (thông tục) mất trí; ,  (thông tục) khởi công, bắt đầu làm (việc gì); đặt tên, đặt cơ sở (cái gì) trên; dựa vào, căn cứ vào; hèn hạ, đê tiện; khúm núm, quỵ luỵ; thường, không quý (kim loại); giả (tiền)","The logarithm to base 2 of 8 is 3.",""
"24279","excuse","excuse","A1","noun","ngoại động từ","/iks'kju:z/","5","POS_MISMATCH | MANY_SENSES","10","299","lời xin lỗi","lời xin lỗi; lý do để xin lỗi; lời bào chữa; lý do để bào chữa; sự miễn cho, sự tha cho (nhiệm vụ gì); tha lỗi, thứ lỗi, tha thứ, miễn thứ, lượng thứ, bỏ quá đi cho; cố làm giảm lỗi của, cố làm giảm trách nhiệm của (ai, việc gì); bào chữa, giải tội cho (ai); là cớ để bào chữa cho; miễn cho, tha cho","Tell me why you were late – and I don't want to hear any excuses!",""
"24051","band","band","A1","noun","ngoại động từ","/bænd/","5","POS_MISMATCH | MANY_SENSES","11","296","dải","dải, băng, đai, nẹp; dải đóng gáy sách; dải cổ áo (thầy tu, quan toà, viện sĩ hàn lâm...); dải băng; buộc dải, buộc băng, đóng đai; làm nẹp; kẻ, vạch, gạch; đoàn, toán, lũ, bọn, bầy; dàn nhạc, ban nhạc; khi mà tình hình trở nên nghiêm trọng; tụ họp thành đoàn, tụ họp thành toán, tụ họp thành bầy","valence band; conduction band",""
"24131","cake","cake","A1","noun","động từ","/keik/","5","POS_MISMATCH | MANY_SENSES","12","295","bánh ngọt","bánh ngọt; thức ăn đóng thành bánh; miếng bánh; vui liên hoan, cuộc truy hoan; bán chạy như tôm tươi; sống sung túc, sống phong lưu; việc ngon ơ, việc dễ làm; việc thú vị; chiếm giải, chiếm giải nhất; chiếm địa vị danh dự hơn tất cả mọi người; được cái nọ mất cái kia; đóng thành bánh, đóng bánh","a johnnycake",""
"24764","capital","capital","A2","noun","tính từ","/'kæpitl/","5","POS_MISMATCH | MANY_SENSES","13","295","thủ đô","thủ đô, thủ phủ; chữ viết hoa; tiền vốn, tư bản; đầu cột; kiếm lợi ở, kiếm chác ở, lợi dụng; quan hệ đến sinh mạng; tử hình; chính, ở đầu, ở trên đầu, ở trên hết; chủ yếu, cốt yếu, cơ bản, lớn; tuyệt diệu, thượng hạng, ưu tú, xuất sắc, rất hay; vô cùng tai hại; xây dựng cơ bản; tư liệu sản xuất","He does not have enough capital to start a business.",""
"25013","feature","feature","A2","noun","ngoại động từ","/'fi:tʃə/","5","POS_MISMATCH | MANY_SENSES","12","294","nét đặc biệt","nét đặc biệt, điểm đặc trưng; nét mặt; bài đặc biệt, tranh biếm hoạ đặc biệt (trong một tờ báo); tiết mục chủ chốt; phim truyện; là nét đặc biệt của; mô tả những nét nổi bật của (cái gì); vẽ những nét nổi bật của (cái gì); đề cao; chiếu (phim); có (ai) đóng vai chính); ,  (từ lóng) tưởng tượng","one of the features of the landscape",""
"25181","kit","kit","A2","noun","động từ","/kit/","5","POS_MISMATCH | MANY_SENSES","15","294","của kitten","của kitten; mèo con; thùng gỗ; chậu gỗ; đàn viôlông nhỏ; đồ đạc quần áo (của bộ đội...); hành lý (đi du lịch); đồ lề (đi săn bắn, đi câu...); dụng cụ làm việc, bộ đồ nghề; túi đựng đồ đạc quần áo (của bộ đội...); túi (đầy); cả bọn, cả lũ; trang bị đồ đạc quần áo; sắm sửa đồ lề; sắm sửa đồ nghề","1961 18 Jan, Guardian (cited after OED):",""
"24501","match","match","A1","noun","nội động từ","/mætʃ/","5","POS_MISMATCH | MANY_SENSES","13","294","diêm","diêm; ngòi (châm súng hoả mai...); cuộc thi đấu; địch thủ, đối thủ; người ngang tài, người ngang sức; cái xứng nhau, cái hợp nhau; sự kết hôn; hôn nhân; đám (chỉ người định lấy làm vợ hay làm chồng); đối chọi, địch được, sánh được, đối được; làm cho hợp, làm cho phù hợp; gả, cho lấy; xứng, hợp","My local team are playing in a match against their arch-rivals today.",""
"26308","abuse","abuse","B2","noun","ngoại động từ","/ə'bju:s/","5","POS_MISMATCH | MANY_SENSES","10","292","sự lạm dụng","sự lạm dụng, sự lộng hành; thói xấu, hủ tục; sự lăng mạ, sự sỉ nhục, sự chửi rủa, sự xỉ vả; sự nói xấu, sự gièm pha; ,  (từ cổ,nghĩa cổ) sự ngược đãi, sự hành hạ; lạm dụng (quyền hành...); lăng mạ, sỉ nhục, chửi rủa; nói xấu, gièm pha; lừa dối, lừa gạt; ,  (từ cổ,nghĩa cổ) ngược đãi, hành hạ","All abuse, whether physical, verbal, psychological or sexual, is bad.",""
"26220","glance","glance","B1","noun","ngoại động từ","/glɑ:ns/","5","POS_MISMATCH | MANY_SENSES","10","292","quặng bóng","quặng bóng; cái nhìn thoáng qua, cái liếc qua; tia loáng qua, tia loé lên; sự sượt qua, sự trệch sang bên (viên đạn...); liếc nhìn, liếc nhanh, nhìn qua; bàn lướt qua; thoáng nói ý châm chọc; loé lên, sáng loé; + off,  aside) đi sượt qua, đi trệch (viên đạn...); liếc nhìn, đưa (mắt) nhìn qua","copper glance",""
"25128","ill","ill","A2","adjective","danh từ","/il/","5","POS_MISMATCH | MANY_SENSES","15","292","đau yếu","đau yếu, ốm; xấu, tồi, kém; ác; không may, rủi; khó; cái xấu lan nhanh, thói xấu dễ bắt chước; điều không làm lợi cho ai là điều xấu; xấu, tồi, kém; sai; ác; khó chịu; không lợi, không may, rủi cho; khó mà, hầu như, không thể; điều xấu, việc ác, điều hại; những vụ rủi ro, những điều bất hạnh","Music won't solve all the world's ills, but it can make them easier to bear.",""
"25358","pill","pill","A2","noun","ngoại động từ","/pil/","5","POS_MISMATCH | MANY_SENSES","13","292","viên thuốc","viên thuốc; điều cay đắng, điều tủi nhục, điều sỉ nhục; ;(đùa cợt) quả bóng đá, quả bóng quần vợt; đạn đại bác; trò chơi bi-a; thuốc chống thụ thai; biện pháp nửa vời không đem lại kết quả gì; cho voi uống thuốc gió; gild; bỏ phiếu đen, bỏ phiếu chống lại (để khai trừ ai); đánh bại; cướp bóc","Jane went on the pill when she left for college.",""
"25455","affect","affect","B1","verb","danh từ","/ə'fekt/","5","POS_MISMATCH | MANY_SENSES","12","290","làm ảnh hưởng đến","làm ảnh hưởng đến, làm tác động đến; chạm đến; làm xúc động, làm cảm động, làm mủi lòng; làm nhiễm phải, làm mắc (bệnh); (thường) dạng bị động; bổ nhiệm; giả vờ, giả bộ, làm ra vẻ; có hình dạng, thành hình; dùng, ưa dùng, thích; thích ăn mặc quần áo hào nhoáng; yêu dấu, âu yếm; sự xúc động","The experience affected me deeply.",""
"24026","answer","answer","A1","noun","động từ","/'ɑ:nsə/","5","POS_MISMATCH | MANY_SENSES","17","290","sự trả lời","sự trả lời; câu trả lời; thư trả lời; lời đối đáp; điều đáp lại, việc làm đáp lại; lời biện bác, lời biện bạch; miếng đánh trả (đấu kiếm); phép giải; lời giải; trả lời, đáp lại; thưa; biện bác; chịu trách nhiệm; đảm bảo, bảo lãnh; xứng với, đúng với, đáp ứng; thành công có kết quả; cãi lại","Her answer to his proposal was a slap in the face.",""
"25649","butcher","butcher","B1","noun","ngoại động từ","/'butʃə/","5","POS_MISMATCH | MANY_SENSES","11","290","người hàng thịt","người hàng thịt; đồ tễ; kẻ hung bạo, kẻ hay tàn sát; người bán hàng kẹo, hoa quả, thuốc lá... trên xe lửa; mồi giả để câu cá hồi; bill; thịt lợn, thịt bò; giết, mổ (lợn, bò...); giết chóc tàn sát; làm sai lạc, làm hỏng (một đoạn văn, một bản nhạc khi đọc, khi in, khi trình diễn...; mạt sát","The band at that bar really butchered ""Hotel California"".",""
"26379","anchor","anchor","B2","noun","nội động từ","/'æɳkə/","5","POS_MISMATCH | MANY_SENSES","12","289","cái neo","cái neo, mỏ neo; neo sắt, mấu neo; nguồn tin cậy, nơi nương tựa; bỏ neo, đậu (tàu); thả neo, bỏ neo (tàu); có những biện pháp thận trọng; cẩn tắc vô ưu; ,  (từ lóng) từ bỏ cuộc đời sống dưới nước; neo (tàu) lại; néo chặt, giữ chặt (vật gì bằng neo sắt); níu chặt, bám chặt; bỏ neo, thả neo","Our ship (or the captain) anchored in the stream.",""
"25632","broadcast","broadcast","B1","noun","động từ","/'brɔ:dkɑ:st/","5","POS_MISMATCH | MANY_SENSES","12","289","được tung ra khắp nơi","được tung ra khắp nơi; được gieo rắc (hạt giống...); được truyền đi rộng rãi (tin tức...); qua đài phát thanh, được phát thanh; tung ra khắp nơi; sự phát thanh; tin tức được phát thanh; buổi phát thanh; tung ra khắp nơi; gieo rắc (hạt giống...); truyền đi rộng rãi (tin tức...); phát thanh","The DJ was feeling nervous before his first national broadcast.",""
"25695","channel","channel","B1","noun","ngoại động từ","/'tʃænl/","5","POS_MISMATCH | MANY_SENSES","15","283","eo biển","eo biển; lòng sông, lòng suối; kênh mương, lạch; ống dẫn (nước dầu...); đường; nguồn (tin tức, ý nghĩ, tư tưởng...); kênh; đường xoi; máng, rãnh; biển Măng sơ; đào rãnh, đào mương; chảy xói (đất) thành khe rãnh (nước mưa); chuyển; hướng vào (cái gì), xoáy vào (cái gì); bào đường xoi","The water coming out of the waterwheel created a standing wave in the channel.",""
"25567","bare","bare","B1","adjective","ngoại động từ","/beə/","5","POS_MISMATCH | MANY_SENSES","11","282","trần","trần, trần truồng, trọc; trống không, rỗng, trơ trụi; (nghĩa bóng) nghèo nàn, xác xơ; vừa đủ, tối thiểu; không được cách điện, trần; hoàn toàn trơ trụi, hoàn toàn trống không; ai nói gì tin nấy; trần như nhộng; làm trụi, lột, bóc trần, để lô; thổ lộ, bóc lột; tuốt (gươm) ra khỏi vỏ","a bare majority",""
"24208","culture","culture","A1","noun","ngoại động từ","/'kʌltʃə/","5","POS_MISMATCH | MANY_SENSES","13","282","sự mở mang","sự mở mang, sự tu dưỡng, sự trao đổi; sự giáo dục, sự giáo hoá; văn hoá, văn minh; sự trồng trọt; sự nuôi (tằm, ong, cá, sò...); sự cấy (vi khuẩn); số lượng vi khuẩn cấy; mẻ cấy vi khuẩn; cày cấy, trồng trọt; nuôi (tằm, ong...); cấy (vi khuẩn); tu dưỡng, trau dồi; giáo hoá, mở mang","I'm headed to the lab to make sure my cell culture hasn't died.",""
"25771","conduct","conduct","B1","noun","động từ","/'kɔndəkt/","5","POS_MISMATCH | MANY_SENSES","9","281","hạnh kiểm","hạnh kiểm, tư cách, đạo đức, cách cư xử; sự chỉ đạo, sự điều khiển, sự hướng dẫn; sự quản lý; cách sắp đặt, cách bố cục (vở kịch, bài thơ...); giấy ghi khuyết điểm và kỷ luật của người lính; dẫn tới (đường đi); chỉ huy, chỉ đạo, điều khiển, hướng dẫn; quản, quản lý, trông nom; dẫn","Good conduct will be rewarded and likewise poor conduct will be punished.",""
"24866","credit","credit","A2","noun","ngoại động từ","/'kredit/","5","POS_MISMATCH | MANY_SENSES","15","281","sự tin","sự tin, lòng tin; danh tiếng; danh vọng, uy tín; nguồn vẻ vang; sự vẻ vang; thế lực, ảnh hưởng; công trạng; sự cho nợ, sự cho chịu; tiền gửi ngân hàng; bên có; ghi vào bên có của ai (một món tiền...); công nhận ai có (công trạng, đức tính gì); tin; công nhận, cho là; vào sổ bên có","He arrived five minutes late, but to his credit he did work an extra ten minutes at the end of his shift.",""
"24504","matter","matter","A1","noun","nội động từ","/'mætə/","5","POS_MISMATCH | MANY_SENSES","10","281","chất","chất, vật chất; đề, chủ đề, nội dung; vật, vật phẩm; việc, chuyện, điều, sự kiện, vấn đề; việc quan trọng, chuyện quan trọng; số ước lượng, khoảng độ (thời gian, không gian, số lượng...); lý do, nguyên nhân, cớ, lẽ, cơ hội; mủ; có ý nghĩa, có tính chất quan trọng; mưng mủ, chảy mủ","What's the matter?; state matters",""
"26787","damn","damn","B2","adjective","nội động từ","/dæm/","5","POS_MISMATCH | MANY_SENSES","12","279","lời nguyền rủa","lời nguyền rủa, lời chửi rủa; chút, tí, ít; care; chẳng đáng nửa đồng, chẳng đáng một trinh; chê trách, chỉ trích; kết tội; chê, la ó (một vở kịch); làm hại, làn nguy hại; làm thất bại; đày địa ngục, bắt chịu hình phạt đời đời, đoạ đày; nguyền rủa, chửi rủa; nguyền rủa, chửi rủa","He said a few damns and left.",""
"25007","fashion","fashion","A2","noun","ngoại động từ","/'fæʃn/","5","POS_MISMATCH | MANY_SENSES","13","279","kiểu cách","kiểu cách; hình dáng; mốt, thời trang; ;(đùa cợt) tập tục phong lưu đài các; tàm tạm, tạm được; theo ý mình, theo cách của mình; những người sang, những người lịch sự; người nổi tiếng đương thời; vật nổi tiếng đương thời; tại thành, cấu thành; nặn, rập theo khuôn; tạo thành hình","Check out the latest in fashion.",""
"24945","earth","earth","A2","noun","nội động từ","/ə:θ/","5","POS_MISMATCH | MANY_SENSES","12","278","đất","đất, đất liền, mặt đất (đối lại với trời); quả đất; đất; hang (cáo, chồn...); trần gian, cõi tục (đối với thiên đường, địa ngục); thôi mơ tưởng mà trở về thực tế; move; vun (cây); lấp đất (hạt giống); đuổi (cáo...) vào hang; chạy vào hang (cáo...); điện đặt dây đất, nối với đất","This is good earth for growing potatoes.",""
"26251","grill","grill","B1","noun","nội động từ","/gril/","5","POS_MISMATCH | MANY_SENSES","11","277","grille","grille; vỉ (nướng chả); món thịt nướng, chả; hiệu chả cá, quán chả nướng; phòng ăn thịt nướng (ở quán ăn) ((cũng) grill room); nướng, thiêu đốt (mặt trời); hành hạ, tra tấn (bằng lửa, phơi nắng...); tra hỏi; bị nướng; bị thiêu đốt; bị hành hạ (tra tấn) (bằng lửa, phơi nắng...)","I put some peppers and mushrooms on the grill to go with dinner.",""
"24481","list","list","A1","noun","động từ","/list/","5","POS_MISMATCH | MANY_SENSES","14","277","trạng thái nghiêng","trạng thái nghiêng; mặt nghiêng; mép vải; dải; mép vải nhét khe cửa; hàng rào bao quanh trường đấu; trường đấu, vũ đài; danh sách, sổ, bản kê khai; danh sách sĩ quan có thể được gọi nhập ngũ; viềm, diềm bằng vải; nhét mép vải (vào khe cửa); ghi vào danh sách; thích, muốn; nghe","to list a door",""
"24869","crisp","crisp","A2","noun","nội động từ","/krips/","5","POS_MISMATCH | MANY_SENSES","13","276","giòn","giòn; quả quyết, mạnh mẽ; sinh động, hoạt bát; quăn tít, xoăn tít; mát, làm sảng khoái; làm khoẻ người (không khí); diêm dúa, bảnh bao; làm giòn, rán giòn (khoai...); uốn quăn tít (tóc); làm nhăn nheo, làm nhăn (vải); giòn (khoai rán...); xoăn tít (tóc); nhăn nheo, nhàu (vải)","to crisp bacon by frying it",""
"25212","local","local","A2","adjective","danh từ","/'loukəl/","5","POS_MISMATCH | MANY_SENSES","12","276","địa phương","địa phương; bộ phận, cục bộ; (thuộc) quỹ tích; người dân địa phương; người làm nghề tự do ở địa phương; người giảng đạo ở địa phương; tin tức địa phương; xe lửa địa phương; tem địa phương; đội thể thao (bóng đá, bóng chuyền...) địa phương; kỳ thi địa phương; trụ sở, công quán","It's easy to tell the locals from the tourists.",""
"25857","dazzle","dazzle","B1","noun","ngoại động từ","/'dæzl/","5","POS_MISMATCH | MANY_SENSES","6","274","sự loá mắt","sự loá mắt, sự chói mắt, sự hoa mắt, sự quáng mắt ((nghĩa đen) & (nghĩa bóng)); ánh sáng chói; thuật sơn nguỵ trang một chiếc tàu); làm loá mắt, làm chói mắt, làm hoa mắt, làm quáng mắt ((nghĩa đen) & (nghĩa bóng)); làm sững sờ, làm kinh ngạc; sơn nguỵ trang (một chiếc tàu)","Dazzled by the headlights of the lorry, the deer stopped in the middle of the street.",""
"25022","film","film","A2","noun","nội động từ","/film/","5","POS_MISMATCH | MANY_SENSES","12","273","màng","màng; mảng thuốc (trên phim ảnh, trên giấy ảnh...); phim, phim ảnh, phim xi nê; buổi chiếu bóng; vảy cá (mắt); màn sương mỏng; sợi nhỏ, tơ nhỏ (của mạng nhện); phủ một lớp màng, che bằng một lớp màng; che đi, làm mờ đi; quay thành phim; bị che đi, bị mờ đi; quay thành phim","a clear plastic film for wrapping food",""
"24595","paint","paint","A1","noun","nội động từ","/peint/","5","POS_MISMATCH | MANY_SENSES","15","270","sơn","sơn; thuốc màu; phấn (bôi má); đẹp như vẽ; sơn, quét sơn; vẽ, tô vẽ, mô tả; đánh phấn; vẽ tranh; thoa phấn; ghi bằng sơn; sơn phủ lên, lấy sơn quét lấp đi; vẽ màu tươi, vẽ màu sáng; (nghĩa bóng) tô hồng (sự việc gì); mặc thêm là lượt cho phò mã (làm một việc thừa); town","The Nimrods are strong on the outside, but not very good in the paint.",""
"26986","endorse","endorse","B2","verb","ngoại động từ","/in'dɔ:s/ (indorse) /in'dɔ:s/","5","MANY_SENSES | NOISY_PRIMARY_MEANING | MISSING_EXAMPLE","8","267","chứng thực đằng sau (séc...)","chứng thực đằng sau (séc...); viết đằng sau, ghi đằng sau (một văn kiện); xác nhận; tán thành (lời nói, ý kiến...); (thông tục) xác nhận chất lượng được quảng cáo (của món hàng...); chuyển nhượng (hối phiếu...); bằng lái xe bị ghi (vì vi phạm luật lệ); môn bài bị ghi","",""
"24100","bottle","bottle","A1","noun","ngoại động từ","/'bɔtl/","5","POS_MISMATCH | MANY_SENSES","15","264","chai","chai, lọ; bầu sữa (cho trẻ em bú) ((cũng) feeding); rượu; thói uống rượu; chất độc, nọc độc; biết ai từ thuở còn thơ; đóng chai; bắt được quả tang; rót vào chai; đổ vào chai; giữ, kiềm chế, nén; giam chân; bó rơm, bó rạ, bó cỏ khô; needle; bó (rơm, rạ...) thành bó","Beer is often sold in bottles.",""
"26881","disorder","disorder","B2","noun","ngoại động từ","/dis'ɔ:də/","5","POS_MISMATCH | MANY_SENSES","6","264","sự mất trật tự","sự mất trật tự, sự bừa bãi, sự lộn xộn; sự hỗn loạn, sự rối loạn, sự náo loạn; sự khó ở, sự rối loạn (một chức năng của cơ thể); làm mất trật tự, làm bừa bãi, làm lộn xộn; làm hỗn loạn, làm rối loạn, làm náo loạn; làm khó ở, làm rối loạn (một chức năng của cơ thể)","After playing the children left the room in disorder.",""
"26240","graduate","graduate","B1","noun","nội động từ","/'grædjut/","5","POS_MISMATCH | MANY_SENSES","12","262","grad","grad; cốc chia độ; chia độ; tăng dần dần; sắp xếp theo mức độ; cô đặc dần (bằng cách cho bay hơi); cấp bằng tốt nghiệp đại học; được cấp bằng tốt nghiệp đại học; tốt nghiệp đại học; chuyển dần dần thành; tự bồi dưỡng để đạt tiêu chuẩn; tự bồi dưỡng để đủ tư cách","If the government wants graduates to stay in the country they should offer more incentives.",""
"26296","herd","herd","B1","noun","nội động từ ((thường) + together)","/hə:d/","5","POS_MISMATCH | MANY_SENSES","8","262","bầy","bầy, đàn (vật nuôi); bọn, bè lũ (người); trong từ ghép người chăn (vật nuôi); dồn lại thành bầy, tập hợp lại thành bầy (vật nuôi); dồn (người vào một nơi nào); chắn giữ vật nuôi; sống thành bầy, đi thành bầy (vật nuôi); cấu kết với nhau, đàn đúm với nhau (người)","a herd of cattle",""
"24709","basket","basket","A2","noun","ngoại động từ","/'bɑ:skit/","5","POS_MISMATCH | MANY_SENSES","10","260","cái rổ","cái rổ, cái giỏ, cái thúng; tay cầm của roi song; roi song; roi mây; hình rổ, hình giỏ; bằng song, bằng mây; , (đùa cợt) rất có duyên, rất dễ thương; những phần tử ưu tú; cái chọn lọc nhất, cái ngon nhất, cái ngon lành nhất; bỏ vào rổ, bỏ vào giỏ, bỏ vào thùng","A basket of fake fruit adorned the table.",""
"24092","boat","boat","A1","noun","ngoại động từ","/bout/","5","POS_MISMATCH | MANY_SENSES","10","260","tàu thuyền","tàu thuyền; đĩa hình thuyền (để đựng nước thịt...); cùng hội cùng thuyền, cùng chung cảnh ngộ; cùng hành động, hành động chung; hành động riêng lẻ; tự làm lấy; theo con đường riêng của mình; đi chơi bằng thuyền; đi tàu, đi thuyền; chở bằng tàu, chở bằng thuyền","a stone boat; a gravy boat",""
"25607","bond","bond","B1","noun","ngoại động từ","/bɔnd/","5","POS_MISMATCH | MANY_SENSES","10","260","dây đai","dây đai, đay buộc; ((nghĩa bóng)) mối quan hệ, mối ràng buộc; giao kèo, khế ước, lời cam kết; phiếu nợ, bông; gông cùm, xiềng xích, sự tù tội; sự gửi vào kho; sự liên kết; kiểu xây ghép (gạch, đá, để làm cho tường vững); gửi (hàng) vào kho; xây ghép (gạch, đá)","The prisoner was brought before the tribunal in iron bonds.",""
"24102","bowl","bowl","A1","noun","ngoại động từ","/boul/","5","POS_MISMATCH | MANY_SENSES","14","260","cái bát","cái bát; bát (đầy); nõ (điếu, tẩu thuốc lá); long (thìa, môi); sự ăn uống, sự chè chén; quả bóng gỗ; trò chơi bóng gỗ; (tiếng địa phương) trò chơi kí; chơi ném bóng gỗ; lăn (quả bóng); bon nhanh (xe); đánh đổ, đánh ngã; làm bối rối; làm sửng sốt, làm kinh ngạc","You can’t have any more soup – you’ve had three bowls already.",""
"26534","breed","breed","B2","noun","(bất qui tắc) nội động từ bred","/bri:d/","5","POS_MISMATCH | MANY_SENSES","16","260","nòi","nòi, giống; dòng dõi; gây giống; chăn nuôi; nuôi dưỡng, chăm sóc; dạy dỗ; giáo dục; gây ra, phát sinh ra; sinh sản, sinh đẻ; náy ra, phát sinh ra; lan tràn; chăn nuôi; dựng vợ gả chồng trong họ hàng gần với nhau; lấy vợ lấy chồng người ngoài họ; contempt; bone","a breed of animal",""
"26616","circuit","circuit","B2","noun","ngoại động từ","/'sə:kit/","5","POS_MISMATCH | MANY_SENSES","9","259","chu vi","chu vi, đường vòng quanh; sự đi vòng quanh; cuộc kinh lý, cuộc tuần du, cuộc tuần tra (của các quan toà để xét xử); địa phận đi kinh lý; mạch; vòng đua; hệ thống rạp hát, rạp chiếu bóng (cùng chung một ban quản trị); sự nối tiếp của sự việc...); đi vòng quanh","Having circuited the air.",""
"24563","note","note","A1","noun","ngoại động từ","/nout/","5","POS_MISMATCH | MANY_SENSES","14","259","lời ghi","lời ghi, lời ghi chép; lời ghi chú, lời chú giải; sự lưu ý, sự chú ý; bức thư ngắn; công hàm; phiếu, giấy; dấu, dấu hiệu, vết; tiếng tăm, danh tiếng; nốt; phím (pianô); điệu, vẻ, giọng, mùi; ghi nhớ, chú ý, lưu ý, nhận thấy; ghi, ghi chép; chú giải, chú thích","a poet of note",""
"24952","effect","effect","A2","noun","ngoại động từ","/i'fekt/","5","POS_MISMATCH | MANY_SENSES","14","258","kết quả","kết quả; hiệu lực, hiệu quả, tác dụng; tác động, ảnh hưởng; ấn tượng; mục đích, ý định; của, của cải, vật dụng; hiệu ứng; thực hiện, thi hành; come; làm cho có hiệu lực, thi hành; không hiệu quả, không có kết quả; thực hiện; đem lại; ký một hợp đồng bảo hiểm","The effect of the hurricane was a devastated landscape.",""
"24745","branch","branch","A2","noun","nội động từ","/brɑ:ntʃ/","5","POS_MISMATCH | MANY_SENSES","13","256","cành cây","cành cây; nhánh (sông); ngả (đường)...; chi (của một dòng họ...); chi nhánh (ngân hàng...); ngành (sản xuất; mậu dịch...); root; + out,  forth) đâm cành, đâm nhánh; phân cành, chia ngã; tách ra, phân nhánh; bỏ nhiều vốn ra kinh doanh; mở rộng các chi nhánh","the branch of an antler, a chandelier, or a railway",""
"24243","dream","dream","A1","noun","động từ dreamt,  dreamed","/dri:m/","5","POS_MISMATCH | MANY_SENSES","9","256","giấc mơ","giấc mơ, giấc mộng; sự mơ mộng, sự mơ màng, sự mộng tưởng; điều mơ tưởng, điều mơ ước; điều kỳ ảo như trong giấc mơ; mơ, nằm mơ thấy; mơ màng, mơ mộng, vẩn vơ; ,  phủ định tưởng tượng, mơ tưởng; nghĩ rằng, tưởng rằng, có ý niệm rằng; tưởng tượng ra, bịa ra","a dream of bliss",""
"25725","click","click","B1","noun","nội động từ","/klik/","5","POS_MISMATCH | MANY_SENSES","10","255","tiếng lách cách","tiếng lách cách; con cóc, cái ngàm (bánh xe răng cưa); tật đá chân vào nhau; sự đá chân vào nhau (ngựa); làm thành tiếng lách cách; kêu lách cách; đá chân vào nhau (ngựa); tâm đầu ý hiệp; ăn ý ngay từ phút đầu (hai người); thành công (trong một công việc)","I turned the key, the lock gave a click and the door opened; a click of one’s fingers",""
"24526","monkey","monkey","A1","noun","nội động từ","/'mʌɳki/","5","POS_MISMATCH | MANY_SENSES","10","254","con khỉ","con khỉ; thằng nhãi, thằng ranh, thằng nhóc; cái vồ (để nện cọc); món tiền 500 teclinh; món tiền 500 đô la; get; ,  (từ lóng) nghiện thuốc phiện; bắt chước; làm trò khỉ, làm trò nỡm; ,  (thường) (+ about,  around) mất thì giờ về những trò táy máy lặt vặt","He had been visiting an area zoo when a monkey swung from its tree perch, swiped his glasses and hurled them into a hippo hole.",""
"25764","compound","compound","B1","noun","nội động từ","/'kɔmpaund/","5","POS_MISMATCH | MANY_SENSES","10","253","hợp chất","hợp chất; từ ghép; khoảng đất rào kín (của khu nhà máy, dinh thự...); kép, ghép, phức, phức hợp, đa hợp; gãy xương hở; người ở thuê trả cả tiền thuê nhà lẫn tiền thuế; pha, trộn, hoà lẫn; ghép thành từ ghép; dàn xếp (cuộc cãi lộn...); điều đình, dàn xếp","to compound a medicine",""
"26782","curl","curl","B2","noun","nội động từ","/kə:l/","5","POS_MISMATCH | MANY_SENSES","13","253","món tóc quăn","món tóc quăn; sự uốn quăn; sự quăn; làn (khói...); cuộn; cái bĩu (môi); bệnh xoắn lá (của khoai tây); uốn, uốn quăn, làm xoăn; quăn, xoắn, cuộn; cuộn lại, xoắn lại; cuồn cuộn lên (khói); co tròn lại, thu mình lại; ngã sụp xuống (vì mệt, vì trúng đạn...)","The one-piece back is of a medium curl.",""
"24037","art","art","A1","noun","(từ cổ,nghĩa cổ) ngôi 2 số ít thời hiện tại của be","/ɑ:t/","5","POS_MISMATCH | MANY_SENSES","10","252","tài khéo léo","tài khéo léo, kỹ xảo; nghệ thuật; mỹ thuật; mỹ nghệ; nghề đòi hỏi sự khéo léo; thuật, kế, mưu kế; đời người thì ngắn ngủi, nhưng công trình nghệ thuật thì tồn tại mãi mãi; đồng mưu và có nhúng tay vào tội ác; ma thuật, yêu thuật; quyền thuật, quyền Anh","There is a debate as to whether graffiti is art or vandalism.",""
"25722","claim","claim","B1","noun","ngoại động từ","/kleim/","5","POS_MISMATCH | MANY_SENSES","12","250","sự đòi","sự đòi, sự yêu sách, sự thỉnh cầu; quyền đòi, quyền yêu sách; vật yêu sách; điều yêu sách; , (Uc) quyền khai thác mỏ; luận điệu; lời xác nhận; đòi, yêu sách; thỉnh cầu; đòi hỏi, bắt phải, đáng để; nhận, khai là, cho là, tự cho là; xác nhận, nhận chắc","a claim of ownership",""
"24177","club","club","A1","noun","động từ","/klʌb/","5","POS_MISMATCH | MANY_SENSES","8","250","dùi cui","dùi cui, gậy tày; gậy (đánh gôn); (đánh bài) quân nhép; hội, câu lạc bộ; trụ sở câu lạc bộ, trụ sở hội ((như) club-house); đánh bằng dùi cui, đánh bằng gậy tày; họp lại, chung nhau; làm lộn xộn, làm rối loạn hàng ngũ, gây chuyện ba gai (trong đơn vị)","She was sitting in a jazz club, sipping wine and listening to a bass player's solo.",""
"24925","display","display","A2","noun","ngoại động từ","/dis'plei/","5","POS_MISMATCH | MANY_SENSES","8","249","sự bày ra","sự bày ra, sự phô bày, sự trưng bày; sự phô trương, sự khoe khoang; sự biểu lộ, sự để lộ ra; sự sắp chữ nổi bật; bày ra, phô bày, trưng bày; phô trương, khoe khoang (kiến thức...); biểu lộ ra, để lộ ra, bày tỏ ra (lòng can đảm...); sắp (chữ) nổi bật","The trapeze artist put on an amazing acrobatic display.",""
"25620","brass","brass","B1","noun","động từ","/brɑ:s/","5","POS_MISMATCH | MANY_SENSES","13","247","đồng thau","đồng thau; đồ vật làm bằng đồng thau; bia đồng khắc ở mộ; (âm nhạc) kèn đồng; sự vô liêm sỉ, sự trơ tráo; sự hỗn xược; tiền bạc; cái lót trục, ống lót; bằng đồng thau; care; đi sâu vào bản chất của vấn đề; đi vào vấn đề cụ thể; thanh toán, trả hết","The brass are not going to like this.",""
"26010","elbow","elbow","B1","noun","nội động từ","/elbou/","5","POS_MISMATCH | MANY_SENSES","11","247","khuỷu tay","khuỷu tay; khuỷu tay áo; góc, khuỷu (giống khuỷu tay); ở cạnh nách ai; hay chè chén; sờn khuỷu, thủng khuỷu tay (áo); nghèo xơ nghèo xác (người); sát cánh với ai; bận rộn, tối tăm mặt mũi; thúc (bằng) khuỷu tay, hích; lượn khúc (đường đi, sông...)","the sides of windows, where the jamb makes an elbow with the window back",""
"24396","here","here","A1","adverb","danh từ","/hiə/","5","POS_MISMATCH | MANY_SENSES","8","247","đây","đây, ở đây, ở chỗ này; đây cái anh đang cần đây; đây đúng là điều anh muốn biết đây; xin chúc sức khoẻ anh (thường nói khi chúc rượu); nào, bắt đầu nhé!; ở khắp mọi nơi, khắp nơi khắp chỗ; không đúng vào vấn đề, không quan trọng; nơi đây, chốn này","An Alzheimer patient's here may in his mind be anywhere he called home in the time he presently re-lives.",""
"25566","bang","bang","B1","noun","thán từ","/bæɳ/","5","POS_MISMATCH | MANY_SENSES","15","245","tóc cắt ngang trán","tóc cắt ngang trán; cắt (tóc) ngang trán; tiếng sập mạnh; tiếng nổ lớn; đánh mạnh, đập mạnh; nện đau, đánh, đấm; trôi hơn, vượt hơn; sập mạnh; nổ vang; bắn hết (đạn); thình lình; thẳng ngay vào; đánh rầm một cái; vang lên; păng, păng!, bùm, bùm!","When he struck it with a hammer, there was a loud bang.",""
"26588","cause","cause","B2","noun","ngoại động từ","/kɔ:z/","5","POS_MISMATCH | MANY_SENSES","9","245","nguyên nhân","nguyên nhân, nguyên do, căn nguyên; lẽ, cớ, lý do, động cơ; việc kiện, việc tố tụng; mục tiêu, mục đích; sự nghiệp, đại nghĩa, chính nghĩa; vì; theo phe ai, về bè với ai; gây ra, gây nên, sinh ra, làm ra, tạo ra; bảo, khiến, sai (ai làm việc gì)","They identified a burst pipe as the cause of the flooding.",""
"25702","charm","charm","B1","noun","ngoại động từ","/tʃɑ:m/","5","POS_MISMATCH | MANY_SENSES","12","245","sức mê hoặc","sức mê hoặc; bùa mê, bùa yêu, ngải; phép yêu ma; nhan sắc, sắc đẹp, duyên; sức hấp dẫn, sức quyến rũ; bị mê hoặc; bị bỏ bùa; làm mê hoặc, dụ; bỏ bùa, phù phép; quyến rũ, làm say mê; làm vui thích, làm vui sướng; sống dường như có phép màu phù hộ","It works like a charm.",""
"24474","letter","letter","A1","noun","ngoại động từ","/'letə/","5","POS_MISMATCH | MANY_SENSES","8","245","chữ cái","chữ cái, chữ; thư, thư tín; nghĩa chật hẹp, nghĩa mặt chữ; văn học, văn chương; huy hiệu (tặng cho sinh viên có thành tích thể thao...) ((thường) là tên tắt của trường); chú ý từng li từng tí; viết chữ, khắc chữ lên, in chữ lên; đánh dấu, in dấu","There are twenty-six letters in the English alphabet.",""
"24494","machine","machine","A1","noun","động từ","/mə'ʃi:n/","5","POS_MISMATCH | MANY_SENSES","10","243","máy móc","máy móc, cơ giới; người máy; người làm việc như cái máy; cơ quan đầu nâo, bộ máy chỉ đạo (của một tổ chức, một đảng phái chính trị); xe đạp, xe đạp ba bánh; máy bơm cứu hoả; máy thay cảnh (ở sân khấu); máy móc; bằng máy; làm bằng máy, dùng máy","I called you earlier, but all I got was the machine.",""
"26498","blast","blast","B2","noun","ngoại động từ","/blɑ:st/","5","POS_MISMATCH | MANY_SENSES","11","242","luồng gió","luồng gió; luồng hơi (bễ lò), hơi (bom...); tiếng kèn; sự nổ (mìn); làm tàn, làm khô héo, làm thui chột; làm nổ tung, phá (bằng mìn); phá hoại, làm tan vỡ (hạnh phúc, kế hoạch...); làm mất danh dự; gây hoạ; nguyền rủa; đồ trời đánh thánh vật!","many tons of iron were melted at a blast",""
"26937","droop","droop","B2","noun","nội động từ","/dru:p/","5","POS_MISMATCH | MANY_SENSES","11","241","dáng gục xuống","dáng gục xuống, dáng cuối xuống, dáng rũ xuống; vẻ ủ rũ; sự chán nản; sự hạ giọng; ngả xuống, rủ xuống; rũ xuống, gục xuống (vì mệt nhọc...); nhìn xuống (mắt, đầu...); chìm xuống, lặn xế (mặt trời...); ủ rũ; chán nản; cúi, gục (đầu...) xuống","He walked with a discouraged droop.",""
"26478","bend","bend","B2","noun","động từ","/bentʃ/","5","POS_MISMATCH | MANY_SENSES","13","240","chỗ uốn","chỗ uốn, chỗ cong; chỗ rẽ; khuỷ (tay, chân); chỗ nối (hai đầu dây); chỗ thắt nút; the bends (thông tục) bệnh khí ép, bệnh thợ lặn; cúi xuống; cong xuống; uốn cong, làm cong; rẽ, hướng; hướng về, dồn về; khuất phục, bắt phải theo; nhất quyết","There's a sharp bend in the road ahead.",""
"24580","once","once","A1","adverb","danh từ","/wʌns/","5","POS_MISMATCH | MANY_SENSES","15","240","một lần","một lần; một khi; trước kia, xưa kia; đã có một thời; all; ngay một lúc, cùng một lúc; lập tức; ít nhất là một lần; again; phải một bận, cạch đến già; một lần cho mãi mãi; dứt khoát; thỉnh thoảng, đôi khi; khi mà, ngay khi, một khi; một lần","I have only once eaten pizza.",""
"24110","bridge","bridge","A1","noun","ngoại động từ","/bridʤ/","5","POS_MISMATCH | MANY_SENSES","13","239","brit","brit; cái cầu; sống (mũi); cái ngựa đàn (viôlông,  ghita...); cầu; đài chỉ huy của thuyền trưởng; đường rút lui mở ra cho kẻ địch thua trận; burn; xây cầu qua (sông...); vắt ngang; vượt qua, khắc phục; lấp cái hố ngăn cách; nối lại quan hệ","With enough cable, we can bridge this gorge.",""
"24124","butter","butter","A1","noun","ngoại động từ","/'bʌtə/","5","POS_MISMATCH | MANY_SENSES","12","239","bơ","bơ; lời nịnh hót; sự bợ đỡ, sự nịnh nọt đê tiện; làm ra bộ đoan trang; màu mè; phết bơ vào; xào nấu với bơ; thêm bơ vào; bợ đỡ, nịnh nọt ((cũng) to butter up); word; biết rõ chỗ nào có lợi cho mình; biết rõ đứng về phía nào có lợi cho mình","peanut butter",""
"24579","old","old","A1","adjective","danh từ","/ould/","5","POS_MISMATCH | MANY_SENSES","13","239","già","già; già giặn, có kinh nghiệm, lão luyện; lên... tuổi, thọ; cũ, nát, rách, cổ; thân mến (để gọi); xưa, ngày xưa; đông bán cầu; người bám như đỉa; bất cứ cái gì; nghỉ rất thoải mái; bone; cái thân này, cái thân già này; of old xưa, ngày xưa","A civilised society should always look after the old in the community.",""
"25959","district","district","B1","noun","ngoại động từ","/'distrikt/","5","POS_MISMATCH | MANY_SENSES","7","238","địa hạt","địa hạt, khu vực, quận, huyện, khu; vùng, miền; khu vực bầu cử; giáo khu nhỏ; thuộc địa hạt, thuộc quận, thuộc huyện, thuộc khu; thuộc giáo khu nhỏ; chia thành địa hạt, chia thành khu vực, chia thành quận, chia thành huyện, chia thành khu","the Soho district of London",""
"24855","cost","cost","A2","noun","nội động từ","/kɔst/","5","POS_MISMATCH | MANY_SENSES","15","237","giá","giá; chi phí, phí tổn; sự phí (thì giờ, sức lực); (số nhiều) án phí; giá phải trả; bằng bất cứ giá nào; phải trả bằng giá...; count; sống bám vào ai, sống nhờ vào ai; trị giá; phải trả; đòi hỏi; gây tổn thất; làm mất; đánh giá, ước lượng","It will cost you a lot of money to take a trip around the world.",""
"26178","frost","frost","B1","noun","ngoại động từ","/frɔst/","5","POS_MISMATCH | MANY_SENSES","10","237","sự đông giá","sự đông giá; sương giá; sự lạnh nhạt; sự thất bại; làm chết cóng (vì sương giá) (cây, mùa màng...); phủ sương giá; rắc đường lên; làm (mặt gương) lấm tấm (như có phủ sương giá); làm (tóc) bạc; đóng đinh (vào sắt móng ngựa để chống trượt)","I think the boss's decision frosted him a bit.",""
"26258","guide","guide","B1","noun","ngoại động từ","","5","POS_MISMATCH | MANY_SENSES","8","236","người chỉ dẫn","người chỉ dẫn; người chỉ đường, người hướng dẫn (cho khách du lịch); bài học, điều chỉ dẫn, điều tốt, điều hay (cần noi theo); sách chỉ dẫn, sách chỉ nam; cọc hướng dẫn; biển chỉ đường; dẫn đường, chỉ đường, dắt, dẫn, hướng dẫn; chỉ đạo","The guide led us around the museum and explained the exhibits.",""
"25405","above","above","B1","adjective","danh từ","/ə'bʌv/","5","POS_MISMATCH | MANY_SENSES","16","235","trên đầu","trên đầu, trên đỉnh đầu; ở trên; trên thiên đường; lên trên; ngược dòng (sông); lên gác; trên, hơn; ở trên; quá, vượt, cao hơn; trên, hơn; lên mặt; phởn, bốc; ở trên, kể trên, nói trên; the above cái ở trên; điều kể trên; điều nói trên","He's in a better place now, floating free as the clouds above.",""
"26569","caravan","caravan","B2","noun","nội động từ","/,kærə'væn/","5","POS_MISMATCH | MANY_SENSES","6","235","đoàn bộ hành","đoàn bộ hành, đoàn người đi buôn (tập họp nhau để vượt xa mạc hoặc các vùng nguy hiểm); đoàn người hành hương; xe lớn, xe moóc (dùng làm nơi ở), nhà lưu động; xe tải lớn có mui; đi chơi bằng nhà lưu động; định cư ở khu vực nhà lưu động","The wedding party got in their cars and caravaned from the chapel to the reception hall.",""
"25002","familiar","familiar","A2","adjective","danh từ","/fə'miljə/","5","POS_MISMATCH | MANY_SENSES","9","233","thuộc gia đình","thuộc gia đình; thân thuộc, thân; quen thuộc, quen (với một vấn đề); thông thường; không khách khí; sỗ sàng, suồng sã, lả lơi; là tình nhân của, ăn mằm với; bạn thân, người thân cận, người quen thuộc; người hầu (trong nhà giáo hoàng)","The witch’s familiar was a black cat.",""
"24530","mother","mother","A1","noun","ngoại động từ","/'mʌðə/","5","POS_MISMATCH | MANY_SENSES","9","233","mẹ","mẹ, mẹ đẻ; nguồn gốc, nguyên nhân; mẹ ((nghĩa bóng)); mẹ; mẹ trưởng viện, mẹ bề trên; máy ấp trứng ((cũng) mother artificial mother); tất cả mọi người không trừ một ai; chăm sóc, nuôi nấng; sinh ra, đẻ ra ((nghĩa đen) & (nghĩa bóng))","He had something of his mother in him.",""
"26890","dispute","dispute","B2","noun","ngoại động từ","/dis'pju:t/","5","POS_MISMATCH | MANY_SENSES","10","232","cuộc bàn cãi","cuộc bàn cãi, cuộc tranh luận; cuộc tranh chấp (giữa hai người...); cuộc cãi cọ; sự bất hoà, sự bất đồng ý kiến; bàn cãi, tranh luận; cãi nhau, đấu khẩu; bất hoà; bàn cãi, tranh luận (một vấn đề); chống lại, kháng cự lại; tranh chấp","Some residents disputed the proposal, saying it was based more on emotion than fact.",""
"26549","bully","bully","B2","verb","thán từ","/'buli/","5","POS_MISMATCH | MANY_SENSES","10","230","bully_beef","(như) bully_beef; kẻ hay bắt nạt (ở trường học); kẻ khoác lác; du côn đánh thuê, tên ác ôn; ma cô; lưu manh ăn bám gái điếm; bắt nạt, trêu chọc; áp bức, khủng bố; ,  (thông tục) xuất sắc, cừ; ,  (thông tục) bully for you! hoan hô!","A playground bully pushed a girl off the swing.",""
"24373","habit","habit","A1","noun","ngoại động từ","/'hæbit/","5","POS_MISMATCH | MANY_SENSES","10","230","thói quen","thói quen, tập quán; thể chất, tạng người; vóc người; tính khí, tính tình; cách mọc; cách phát triển; bộ quần áo đi ngựa (của đàn bà) ((cũng) riding habit); áo (chủ yếu là của thầy tu); mặc quần áo cho; ở, cư trú tại (một nơi nào)","It’s become a habit of mine to have a cup of coffee after dinner.",""
"26290","heaven","heaven","B1","noun","danh từ","/'hevn/","5","MANY_SENSES | NOISY_PRIMARY_MEANING | MISSING_EXAMPLE","7","227","thiên đường ((nghĩa đen) & (nghĩa bóng))","thiên đường ((nghĩa đen) & (nghĩa bóng)); Ngọc hoàng,  Thượng đế, trời; số nhiều) (văn học) bầu trời, khoảng trời; niềm hạnh phúc thần tiên; move; vui sướng tuyệt trần; trên cao chín tầng mây (nơi Thượng đế ở, theo đạo Do thái)","",""
"25575","bathe","bathe","B1","verb","nội động từ","/beið/","5","MANY_SENSES | NOISY_PRIMARY_MEANING | MISSING_EXAMPLE","7","226","sự tắm (ở hồ","sự tắm (ở hồ, sông, biển, bể bơi); tắm, đầm mình (đen & bóng); rửa, rửa sạch (vết thương, mắt...); bao bọc, ở sát, tiếp giáp với; chảy qua (sông, biển...); làm ngập trong (ánh sáng); tắm, đầm mình (ở hồ, sông, biển, bể bơi...)","",""
"26877","disguise","disguise","B2","noun","ngoại động từ","/dis'gaiz/","5","POS_MISMATCH | MANY_SENSES","11","225","sự trá hình","sự trá hình, sự cải trang; quần áo cải trang; sự giá trị; sự nguỵ trang; bề ngoài lừa dối; sự che giấu, sự che đậy; blessing; trá hình, cải trang; nguỵ trang (sự việc gì dưới một hình thức lừa dối); che giấu, che đậy; liquour","A cape and moustache completed his disguise.",""
"25070","gentle","gentle","A2","adjective","ngoại động từ","/'dʤentl/","5","POS_MISMATCH | MANY_SENSES","9","225","hiền lành","hiền lành, dịu dàng, hoà nhã; nhẹ nhàng; thoai thoải; dòng dõi trâm anh, (thuộc) gia đình quyền quý; lịch thiệp, lịch sự; cao quý; mồi giòi (để câu cá); (thông tục) những người thuộc gia đình quyền quý; luyện (ngựa) cho thuần","Stuart is a gentle man; he would never hurt you.",""
"25270","murder","murder","A2","noun","ngoại động từ","/'mə:də/","5","POS_MISMATCH | MANY_SENSES","8","224","tội giết người","tội giết người, tội ám sát; la ó om sòm; ,  (từ lóng) nghịch ngợm (phá phách...) mà không bị làm sao; tất cả điều bí mật bị lộ; vụ âm mưu đã bị khám phá; giết, ám sát; tàn sát; làm hư, làm hỏng, làm sai (vì dốt nát, kém cỏi)","The defendant was charged with murder.",""
"24749","breeze","breeze","A2","noun","nội động từ","/bri:z/","5","POS_MISMATCH | MANY_SENSES","12","223","ruồi trâu","ruồi trâu; than cám; gió nhẹ; gió brizơ; sự cãi cọ; sự nổi cáu; ,  (thông tục) làm một việc mất công vô ích, làm một việc thừa; phát cáu, nối cáu; sợ hãi; thổi nhẹ; đi lướt qua, chạy lướt qua (như gió); thổi mạnh thêm (gió)","The breeze rustled the papers on her desk.",""
"26652","commonwealth","commonwealth","B2","noun","danh từ","/'kɔmənwelθ/","5","MANY_SENSES | NOISY_PRIMARY_MEANING | MISSING_EXAMPLE","7","223","toàn thể nhân dân (của một nước)","toàn thể nhân dân (của một nước); khối cộng đồng; nước cộng hoà; Commonwealth liên bang Uc; Commonwealth chính phủ cộng hoà Anh (thời kỳ Crôm-oen 1649 1660); đoàn kịch góp (trong đó diễn viên chia nhau tiền thu); commonweal","",""
"26805","deck","deck","B2","noun","ngoại động từ","/dek/","5","POS_MISMATCH | MANY_SENSES","9","223","boong tàu","boong tàu, sàn tàu; tầng trên, tầng nóc (xe buýt hai tầng); ,  (từ lóng) đất, mặt đất; cỗ bài; chuẩn bị chiến đấu (tàu chiến); chuẩn bị hành động, sẵn sàng hành động; sẵn sàng hành động; trang hoàng, tô điểm; đóng dàn (tàu)","to swab the deck",""
"24468","leaf","leaf","A1","noun","ngoại động từ ((thường) + through,  over)","/li:f/","5","POS_MISMATCH | MANY_SENSES","10","222","lá cây","lá cây; lá (vàng, bạc...); tờ (giấy); tấm đôi (tấm ván ở mặt bàn có thể bỏ đi hoặc lắp vào chỗ cho bàn to thêm); noi gương ai, bắt chước ai; cải tà quy chính; đổi tính, đổi nết; bắt đầu lại tất cả; trổ lá, ra lá; dở (sách)","The train car has one single-leaf and two double-leaf doors per side.",""
"26234","gossip","gossip","B1","noun","nội động từ","/'gɔsip/","5","POS_MISMATCH | MANY_SENSES","5","221","chuyện ngồi lê đôi mách","chuyện ngồi lê đôi mách, chuyện tầm phào, tin đồn nhảm; người hay ngồi lê đôi mách, người hay nói chuyện tầm phào; chuyện nhặt nhạnh (trên báo chí); ngồi lê đôi mách, nói chuyện tầm phào; viết theo lối nói chuyện tầm phào","Be careful what you say to him: he’s a bit of a gossip.",""
"24519","minute","minute","A1","noun","tính từ","/'minit/","5","POS_MISMATCH | MANY_SENSES","13","220","phút","phút; một lúc, một lát, một thời gian ngắn; phút (1 thoành 0 của một độ); giác the; biên bản; đúng giờ; ngay khi; tính phút; thảo, viết; ghi chép; làm biên bản, ghi biên bản; nhỏ, vụn vặt; kỹ lưỡng, chi ly, cặn kẽ, tỉ mỉ","You have twenty minutes to complete the test.",""
"24068","beef","beef","A1","noun","động từ","/bi:f/","5","POS_MISMATCH | MANY_SENSES","7","219","thịt bò","thịt bò; số nhiều bò thịt (để giết ăn thịt); sức mạnh, thể lực; bắp thịt (người); ,  (từ lóng) lời phàn nàn, lời than vãn; ,  (từ lóng) phàn nàn, than vãn; to beef up (từ Mỹ,nghĩa Mỹ),  (quân sự) tăng cường (về quân sự)","I love eating beef.",""
"26281","haunt","haunt","B1","noun","nội động từ","/hɔ:nt/","5","POS_MISMATCH | MANY_SENSES","6","219","nơi thường lui tới","nơi thường lui tới, nơi hay lai vãng; nơi thú thường đến kiếm mồi; sào huyệt (của bọn lưu manh...); năng lui tới, hay lui tới (nơi nào, người nào); ám ảnh (ai) (ý nghĩ); thường lảng vảng, thường lui tới, thường lai vãng","I went back the town I used to live and visited all my old haunts.",""
"24093","body","body","A1","noun","ngoại động từ","/'bɔdi/","5","POS_MISMATCH | MANY_SENSES","11","218","thân thể","thân thể, thể xác; xác chết, thi thể; thân (máy, xe, tàu, cây...); nhóm, đoàn, đội, ban, hội đồng; khối; số lượng lớn; nhiều; con người, người; vật thể; tạo nên một hình thể cho (cái gì); + forth) thể hiện, tượng trưng","a nonpareil face on an agate body",""
"26105","faint","faint","B1","adjective","nội động từ","/feint/","5","POS_MISMATCH | MANY_SENSES","13","218","uể oải","uể oải; lả (vì đói); e thẹn; nhút nhát; yếu ớt; mờ nhạt, không rõ; chóng mặt, hay ngất; oi bức, ngột ngạt (không khí); kinh tởm, lợm giọng (mùi); cơn ngất; sự ngất; + away) ngất đi, xỉu đi; nhượng bộ, nản lòng, nản chí","She suffered another faint.",""
"25202","less","less","A2","adverb","giới từ","/les/","5","POS_MISMATCH | MANY_SENSES","7","215","nhỏ hơn","nhỏ hơn, bé hơn, ít hơn, kém; mong anh không gầy đi; nhỏ hơn, bé hơn, ít hơn, không bằng, kém; số lượng ít hơn, số lượng không bằng, số lượng không đầy; ngay lập tức; hỗn vừa vừa chứ!; bớt đi, lấy đi, trừ đi, kém đi","I have less to do today than yesterday.",""
"24517","milk","milk","A1","noun","nội động từ","/milk/","5","POS_MISMATCH | MANY_SENSES","11","215","sữa","sữa; nhựa mủ (cây), nước (dừa...); spill; loại văn học đơn giản, học thuyết đơn giản; vắt sữa; bòn rút, bóc lột; lấy (nhựa) bóp, nặn (nọc rắn...); nhận trộm, nghe lỏm (điện tín); cho sữa; lấy gậy chọc trời; thụt két","Table three ordered three milks. (Formally: The guests at table three ordered three glasses of milk.)",""
"25411","abstract","abstract","B1","adjective","ngoại động từ","/'æbstrækt/","5","POS_MISMATCH | MANY_SENSES","11","214","trừu tượng","trừu tượng; khó hiểu; lý thuyết không thực tế; số hư; bản tóm tắt (cuốn sách, luận án, bài diễn văn...); vật trừu tượng; trừu tượng hoá; làm đãng trí; rút ra, chiết ra, tách ra; lấy trộm, ăn cắp; tóm tắt, trích yếu","He was wholly abstracted by other objects.",""
"25265","most","most","A2","adverb","danh từ","/moust/","5","POS_MISMATCH | MANY_SENSES","9","214","lớn nhất","lớn nhất, nhiều nhất; hầu hết, phần lớn, đa số; part; nhất, hơn cả; lắm, vô cùng, cực kỳ; hầu hết, phần lớn, phần nhiều, đa số, tối đa; ,  (từ lóng) cái cừ nhất, cái chiến nhất; tối đa, không hơn được nữa; tận dụng","The most I can offer for the house is $150,000.",""
"25627","brick","brick","B1","noun","ngoại động từ","/brik/","5","POS_MISMATCH | MANY_SENSES","10","212","gạch","gạch; bánh, thỏi, cục (xà phòng, chè...); người chính trực, người trung hậu; người rộng lượng, người hào hiệp; hớ, phạm sai lầm; say rượu; với tất cả sức mạnh có thể đè bẹp được; straw; bằng gạch; xây gạch bít đi","This wall is made of bricks.",""
"24441","jet","jet","A1","noun","động từ","/dʤet/","5","POS_MISMATCH | MANY_SENSES","10","212","bằng huyền","bằng huyền; đen nhánh, đen hạt huyền ((cũng) jet black); huyền; màu đen nhánh, màu đen như hạt huyền; tia (nước, máu, hơi...); vòi (ống nước...); vòi phun,  giclơ; máy bay phản lực; phun ra thành tia; làm bắn tia","Farmers may either dip or jet sheep with chemicals.",""
"25610","border","border","B1","noun","động từ","/'bɔ:də/","5","POS_MISMATCH | MANY_SENSES","9","211","bờ","bờ, mép, vỉa, lề; biên giới; đường viền (để làm cho chắc, để trang trí); vùng biên giới giữa Anh và Ê-cốt; (từ Mỹ,nghĩa Mỹ) biên giới của văn minh; luống chạy quanh vườn; viền; tiếp, giáp với; gần như, giống như","the borders of the garden",""
"24081","big","big","A1","adjective","phó từ","/big/","5","POS_MISMATCH | MANY_SENSES","9","210","to","to, lớn; bụng to, có mang, có chửa; quan trọng; hào hiệp, phóng khoáng, rộng lượng; huênh hoang, khoác lác; quá tự tin, tự phụ tự mãn; làm bộ làm tịch; ra vẻ quan trọng, với vẻ quan trọng; huênh hoang khoác lác","Elephants are big animals, and they eat a lot.",""
"25466","aim","aim","B1","noun","nội động từ","/eim/","5","POS_MISMATCH | MANY_SENSES","9","209","sự nhắm","sự nhắm, sự nhắm; đích (để nhắm bắn); mục đích, mục tiêu, ý định; nhắm, nhắm, chĩa; giáng, nện, ném; hướng vào, tập trung vào, xoáy vào; nhắm, nhắm; nhắm mục đích, có ý định, ngấp nghé, mong mỏi; định, cố gắng","Take time with the aim of your gun.",""
"24752","bug","bug","A2","noun","ngoại động từ","/bʌg/","5","POS_MISMATCH | MANY_SENSES","8","209","con rệp","con rệp; sâu bọ; ,  (thông tục) lỗi kỹ thuật, thiếu sót về kỹ thuật; ý nghĩ điên rồ; sự điên rồ; ,  (từ lóng) máy ghi âm nhỏ (để nghe trộm); ,  (từ lóng) đặt máy ghi âm để nghe trộm; làm khó chịu, làm phát cáu","These flies are a bother. I’ll get some bug spray and kill them.",""
"26795","dawn","dawn","B2","noun","nội động từ","/dɔ:n/","5","POS_MISMATCH | MANY_SENSES","7","209","bình minh","bình minh, rạng đông, lúc sáng tinh mơ; buổi đầu; sự hé rạng; tia sáng đầu tiên (của hy vọng...); bắt đầu rạng, bắt đầu lộ ra, bắt đầu nở ra, hé nở; bắt đầu hiện ra trong trí, loé ra trong trí; trở nên rõ ràng","She rose before dawn to meet the train.",""
"26122","feast","feast","B1","noun","nội động từ","/fi:st/","5","POS_MISMATCH | MANY_SENSES","10","209","bữa tiệc","bữa tiệc, yến tiệc; ngày lễ, ngày hội hè; sự hứng thú; dự tiệc, tiệc tùng; ăn cỗ; thoả thuê; thết tiệc, chiêu đâi, khoản đãi; tiệc tùng hết (thời gian...); tiệc tùng suốt đêm; làm cho say mê, làm cho thích thú","We had a feast to celebrate the harvest.",""
"24122","busy","busy","A1","adjective","danh từ","/'bizi/","5","POS_MISMATCH | MANY_SENSES","10","208","bận rộn","bận rộn, bận; có lắm việc; náo nhiệt, đông đúc; đang bận, đang có người dùng (dây nói); lăng xăng; hay dính vào việc của người khác; hay gây sự bất hoà; giao việc; động từ phãn thân bận rộn với; cớm, mật thám","On my vacation I'll busy myself with gardening.",""
"26627","clog","clog","B2","verb","nội động từ","/klɔg/","5","MANY_SENSES | NOISY_PRIMARY_MEANING | LONG_PRIMARY_MEANING","9","207","cái còng (buộc vào chân ngựa... cho khỏi chạy)","cái còng (buộc vào chân ngựa... cho khỏi chạy); sự cản trở; điều trở ngại, vật chướng ngại; chiếc guốc; còng chân (ngựa); cản trở; làm trở ngại; bít kín, lấp lại, làm kẹt, làm tắc; bị bít lại, bị kẹt, bị tắc","Dutch people rarely wear clogs these days.",""
"26933","dread","dread","B2","verb","tính từ","/dred/","5","POS_MISMATCH | MANY_SENSES","7","207","sự kinh sợ","sự kinh sợ, sự kinh hãi, sự khiếp sợ, sự khiếp đảm; điều làm kinh hãi, vật làm khiếp sợ; kinh sợ, kinh hãi, khiếp sợ; nghĩ đến mà sợ; sợ; dễ sợ, khiếp, kinh khiếp; làm run sợ, làm kinh sợ, uy nghiêm lẫm liệt","my visit to the doctor is filling me with dread",""
"25045","fortune","fortune","A2","noun","nội động từ","/'fɔ:tʃn/","5","POS_MISMATCH | MANY_SENSES","11","207","vận may","vận may; sự may mắn; thần vận mệnh, thần tài; vận, vận mệnh; sự giàu có, sự thịnh vượng; của cải, cơ đồ; lính đánh thuê; có gan thì làm giàu; thử liều chinh chiến (để xây dựng cơ đồ); ,  (thơ ca) may; xảy ra","She read my fortune. Apparently I will have a good love life this week, but I will have a bad week for money.",""
"24115","brown","brown","A1","adjective","nội động từ","/braun/","5","POS_MISMATCH | MANY_SENSES","14","206","nâu","nâu; rám nắng (da); bịp, đánh lừa; màu nâu; quần áo nâu; đồng xu đồng; nhuộm nâu; quệt nâu, sơn nâu; rán vàng (thịt, cá); phi; làm rám nắng; hoá nâu, hoá sạm; chín vang (cá rán...); tôi chán ngấy cái đó rồi","The browns and greens in this painting give it a nice woodsy feel.",""
"24878","curry","curry","A2","noun","ngoại động từ","/'kʌri/","5","POS_MISMATCH | MANY_SENSES","7","205","bột ca ri","bột ca ri; món ca ri; nấu ca ri, cho bột ca ri (vào đồ ăn); chải lông (cho ngựa); sang sưa (da thuộc); đánh đập, hành hạ (ai); nịnh hót ai, bợ đỡ ai, xun xoe với ai để cầu ân huệ, cầu cạnh ai để xin ân huệ","Michelangelo personally quarried marble from the world-famous quarry at Carrara.",""
"26123","ferry","ferry","B1","noun","nội động từ","/'feri/","5","POS_MISMATCH | MANY_SENSES","9","205","bến phà","bến phà; phà; quyền chở phà; chở (phà); chuyên chở (hàng, người...) bằng phà; qua (sông...) bằng phà; lái (máy bay mới) ra sân bay; qua sông bằng phà; đi đi lại lại từ bên này sang bên kia sông (thuyền...)","Trucks plowed through the water to ferry flood victims to safety.",""
"26255","guarantee","guarantee","B1","noun","ngoại động từ","/,gærən'ti:/","5","POS_MISMATCH | MANY_SENSES","10","205","sự bảo đảm","sự bảo đảm, sự cam đoan; sự bảo lãnh; người bảo đảm, người bảo lãnh; người được bảo lãnh; vật bảo đảm; giấy bảo đảm; sự bảo đảm; sự dám chắc; bảo đảm, bảo lânh (cho ai, về vấn đề gì); hứa bảo đảm, cam đoan","Can you give me a guarantee that he will be fit for the match?",""
"26284","headline","headline","B1","noun","ngoại động từ","/'hedlain/","5","POS_MISMATCH | MANY_SENSES","6","205","hàng đầu","hàng đầu, dòng đầu (trang báo); đề mục, đầu đề, tiêu đề; phần tóm tắt những tin chính ở đầu bản tin (nói trên đài...); đặt vào dòng đầu (trang báo...); đặt đầu đề, đặt đề mục, đặt tiêu đề; quảng cáo rầm rộ","The headline on today's newspaper reads ""John Doe Wins Wood-Splitting Competition.""",""
"25152","instant","instant","A2","adjective","phó từ","/'instənt/","5","POS_MISMATCH | MANY_SENSES","8","204","lúc","lúc, chốc lát; ,  (thông tục) đồ ăn uống dùng ngay được; xảy ra ngay lập tức, sắp xảy ra; khẩn trương, cấp bách, gấp; ngay tức khắc, lập tức; ăn ngay được, uống ngay được; ,  inst (của) tháng này; lập tức","She paused for only an instant, which was just enough time for John to change the subject.",""
"24160","church","church","A1","noun","ngoại động từ","/tʃə:tʃ/","5","POS_MISMATCH | MANY_SENSES","10","201","nhà thờ","nhà thờ; buổi lễ (ở nhà thờ); Church giáo hội; giáo phái; giáo phái Thiên chúa; nghèo xơ nghèo xác; đi tu; đi nhà thờ, đi lễ (nhà thờ); lấy vợ, lấy chồng; đưa (người đàn bà) đến nhà thờ chịu lễ giải cữ","There is a lovely little church in the valley.",""
"25623","breast","breast","B1","noun","ngoại động từ","/brest/","5","POS_MISMATCH | MANY_SENSES","11","200","ngực","ngực; vú; lòng, tâm trạng, tình cảm; nguồn nuôi sống; cái diệp (ở cái cày); gương lò; trẻ còn ẵm ngửa; thú nhận, thú lỗi, nhận tội; khai hết những việc đã làm; lấy ngực để chống đỡ (cái gì); chống lại","Tanya's breasts grew remarkably during pregnancy.",""
"25851","damage","damage","B1","noun","ngoại động từ+ (endamage)","/'dæmidʤ/","5","POS_MISMATCH | MANY_SENSES","8","200","mối hại","mối hại, điều hại, điều bất lợi; sự thiệt hại; tiền bồi thường thiệt hại; tiền bồi thường tai nạn; giá tiền; làm hư hại, làm hỏng, gây thiệt hại, gây tổn hại; làm hại (ai); làm tổn thương (danh dự...)","The storm did a lot of damage to the area.",""
"26129","filter","filter","B1","noun","nội động từ ((cũng) filtrate)","/'filtə/","5","POS_MISMATCH | MANY_SENSES","11","199","cái lọc","cái lọc, máy lọc (xăng, không khí); cái lọc (ánh sáng); bộ lọc; đầu lọc (ở đầu điếu thuốc lá); lọc; ngấm qua; thấm qua; thấm vào, xâm nhập; tiết lộ ra; lọt ra (tin tức...); nối (vào đường giao thông)","He runs an email filter to catch the junk mail.",""
"24608","across","across","A2","adverb","giới từ","/ə'krɔs/","5","POS_MISMATCH | MANY_SENSES","10","197","qua","qua, ngang, ngang qua; bắt chéo, chéo nhau, chéo chữ thập; qua, ngang, ngang qua; ở bên kia, ở phía bên kia; come; cãi nhau với ai; trun; trả thù ai; đánh lừa ai; trừng phạt ai, sửa cho ai một trận","I solved all of the acrosses, but then got stuck on 3 down.",""
"26252","groom","groom","B1","noun","ngoại động từ","/grum/","5","POS_MISMATCH | MANY_SENSES","6","197","người giữ ngựa","người giữ ngựa; quan hầu (trong hoàng gia Anh); chú rể ((viết tắt) của bridegroom); chải lông (cho ngựa); động tính từ quá khứ) ăn mặc tề chỉnh chải chuốt; chuẩn bị (cho người nào bước vào nghề gì)","the groom of the chamber; the groom of the stole",""
"24723","belt","belt","A2","noun","ngoại động từ","/belt/","5","POS_MISMATCH | MANY_SENSES","11","196","dây lưng","dây lưng, thắt lưng; dây đai (đeo gươm...); dây curoa; vành đai; hit; tighten; đeo thắt lưng; buộc chặt bằng dây lưng; quật bằng dây lưng; đeo vào dây đai (gươm...); đánh dấu (cừu...) bằng đai màu","As part of the act, the fat clown's belt broke, causing his pants to fall down.",""
"25073","glove","glove","A2","noun","ngoại động từ","/glʌv/","5","POS_MISMATCH | MANY_SENSES","10","196","bao tay","bao tay, tất tay, găng; rất thân với; cộng tác với; ăn cánh với; tranh luận (đấu tranh) với ai; đối xử thẳng tay với ai; vừa như in; nhận lời thách thức; thách thức; mang bao tay vào, đeo găng vào","I wore gloves to keep my hands warm.",""
"25381","position","position","A2","noun","ngoại động từ","/pə'ziʃn/","5","POS_MISMATCH | MANY_SENSES","12","196","vị trí","vị trí, chỗ (của một vật gì); vị trí; thế; tư thế; địa vị; chức vụ; lập trường, quan điểm, thái độ; luận điểm; sự đề ra luận điểm; đặt vào vị trí; xác định vị trí (cái gì...); đóng (quân ở vị trí)","Chief of Staff is the second-highest position in the army.",""
"26823","deliberate","deliberate","B2","adjective","động từ","/di'libərit/","5","POS_MISMATCH | MANY_SENSES","7","195","có suy nghĩ cân nhắc","có suy nghĩ cân nhắc; thận trọng; có tính toán, cố ý, chủ tâm; thong thả, khoan thai, không vội vàng; cân nhắc kỹ càng; suy nghĩ chín chắn; trao đổi kỹ lưỡng, thảo luận kỹ lưỡng, bàn bạc kỹ lưỡng","It is now time for the jury to deliberate the guilt of the defendant.",""
"24286","false","false","A1","adjective","phó từ","/fɔ:ls/","5","POS_MISMATCH | MANY_SENSES","10","192","sai","sai, nhầm; không thật, giả; dối trá, lừa dối, phản trắc; giả dối; báo động giả; báo động lừa; quân bài đánh lừa (đánh khác lệ thường nhằm đánh lừa đối phương); thế trái cựa; pretence; dối, lừa","The student received a failing grade for circling every true and false on her quiz.",""
"25235","market","market","A2","noun","nội động từ","/'mɑ:kit/","5","POS_MISMATCH | MANY_SENSES","10","192","chợ","chợ; thị trường, nơi tiêu thụ; khách hàng; giá thị trường; tình hình thị trường; làm hỏng việc, làm lỡ việc; hỏng kế hoạch, tính sai; bán rẻ danh dự; bán ở chợ, bán ở thị trường; mua bán ở chợ","The privilege to hold a weekly market was invaluable for any feudal era burgh.",""
"26977","embrace","embrace","B2","noun","ngoại động từ","/im'breis/","5","POS_MISMATCH | MANY_SENSES","8","191","sự ôm","sự ôm, cái ôm; sự ăn nằm với nhau; ôm, ôm chặt, ghì chặt; nắm lấy (thời cơ...); đi theo (đường lối, đảng phái, sự nghiệp...); gồm, bao gồm; bao quát (nhìn, nắm); gây áp lực (đối với quan toà)","I wholeheartedly embrace the new legislation.",""
"25171","junior","junior","A2","adjective","danh từ","/'dʤu:njə/","5","POS_MISMATCH | MANY_SENSES","8","191","trẻ tuổi hơn","trẻ tuổi hơn; em, con (ghi sau tên họ người); ít tuổi hơn; ít thâm niên hơn; ở cấp dưới; người ít tuổi hơn; người ít thâm niên hơn, người cấp dưới; học sinh đại học lớp liền ngay lớp cuối cấp","four years his junior",""
"25475","alternative","alternative","B1","adjective","danh từ","/ɔ:l'tə:nətiv/","5","POS_MISMATCH | MANY_SENSES","7","190","xen nhau","xen nhau; thay đổi nhau, thay phiên nhau; lựa chọn (một trong hai); hoặc cái này hoặc cái kia (trong hai cái); loại trừ lẫn nhau (hai cái); sự lựa chon (một trong hai); con đường, chước cách","an alternative proposition",""
"24997","extra","extra","A2","adjective","danh từ","/'ekstrə/","5","POS_MISMATCH | MANY_SENSES","9","190","thêm","thêm, phụ, ngoại; thượng hạng, đặc biệt; thêm, phụ, ngoại; hơn thường lệ, đặc biệt; cái phụ, cái thêm; món phải trả thêm; bài nhảy thêm; vai phụ, vai cho có mặt; đợt phát hành đặc biệt (báo)","Extra, extra! Read all about it!",""
"26061","equal","equal","B1","adjective","ngoại động từ","/'i:kwəl/","5","POS_MISMATCH | MANY_SENSES","8","189","ngang","ngang, bằng; ngang sức (cuộc đấu...); đủ sức, đủ khả năng; đáp ứng được; bình đẳng; người ngang hàng, người ngang tài ngang sức; vật ngang nhau, vật bằng nhau; bằng, ngang, sánh kịp, bì kịp","This beer has no equal.",""
"25613","bother","bother","B1","noun","động từ","/'bɔðə/","5","POS_MISMATCH | MANY_SENSES","6","188","điều bực mình","điều bực mình, điều khó chịu, điều buồn bực, điều phiền muộn; sự lo lắng; chà, phiền quá; làm buồn bực, làm phiền, quấy rầy; lo lắng, lo ngại băn khoăn, áy náy; lời cầu khẩn gớm, đến phiền","There was a bit of bother at the hairdresser's when they couldn't find my appointment in the book.",""
"26941","dumb","dumb","B2","adjective","ngoại động từ","/dʌm/","5","POS_MISMATCH | MANY_SENSES","8","188","câm","câm, không nói; câm, không kêu; không biết nói; không có tiếng nói (trong chính phủ...); lặng đi, không nói lên được; lầm lì, ít nói; ngu xuẩn, ngu ngốc, ngớ ngẩn; làm câm, làm câm lặng đi","His younger brother was born dumb, and communicated with sign language.",""
"24038","article","article","A1","noun","ngoại động từ","/'ɑ:tikl/","5","POS_MISMATCH | MANY_SENSES","10","187","bài báo","bài báo; điều khoản, mục; đồ, thức, vật phẩm; hàng; mạo từ; lúc chết, lúc tắt thở; đặt thành điều khoản, đặt thành mục; cho học việc theo những điều khoản trong giao kèo; buộc tội; tố cáo","a sales article",""
"25642","bunch","bunch","B1","noun","ngoại động từ","/bʌntʃ/","5","POS_MISMATCH | MANY_SENSES","8","187","búi","búi, chùm, bó, cụm, buồng; đàn, bầy (thú); bọn, lũ; thành chùm, thành bó, thành cụm; chụm lại với nhau; làm thành chùm, làm thành bó, bó lại; xếp nếp (quần áo); không giữ được khoảng cách","a bunch of grapes; a bunch of bananas; a bunch of keys; a bunch of yobs on a street corner",""
"26458","ballot","ballot","B2","noun","nội động từ","/'bælət/","5","POS_MISMATCH | MANY_SENSES","8","186","lá phiếu","lá phiếu; sự bỏ phiếu kín; tổng số phiếu (bỏ vào thùng); sự rút thăm, sự bắt thăm (nghị viện); bầu bằng phiếu kín; quyết định bằng cách bỏ phiếu; bỏ phiếu; rút thăm, bắt thăm (nghị viện)","to ballot for a candidate",""
"24619","advantage","advantage","A2","noun","ngoại động từ","/əb'vɑ:ntidʤ/","5","POS_MISMATCH | MANY_SENSES","7","185","sự thuận lợi","sự thuận lợi, hoàn cảnh thuận lợi; mối lợi; thế lợi; bất ngờ chộp được ai, thình lình chộp được ai; đem lợi ích cho, có lợi cho, mang thuận lợi cho; giúp cho; thúc đẩy, làm cho tiến lên","The enemy had the advantage of a more elevated position.",""
"25301","official","official","A2","adjective","danh từ","/ə'fiʃəl/","5","POS_MISMATCH | MANY_SENSES","7","184","chính quyền","chính quyền; (thuộc) văn phòng; chính thức; trịnh trọng, theo nghi thức; để làm thuốc, dùng làm thuốc; viên chức, công chức; uỷ viên tài phán của giáo hội ((thường) official principal)","David Barnes was the official charged with the running of the sports club.",""
"24339","fun","fun","A1","adjective","nội động từ","/fʌn/","5","POS_MISMATCH | MANY_SENSES","13","183","sự vui đùa","sự vui đùa, sự vui thích; trò vui đùa; mạnh mẽ; rất nhanh; nhiều lần; chắc chắn là không; không một chút nào; đáng ngờ lắm; make; poke; nói đùa; thật là vui thú!; đùa, nói đùa đùa cợt","Hey, don't get bent out of shape over it; I was just funning you.",""
"24394","hello","hello","A1","noun","nội động từ","/hə'lou/ (halloa) /hə'lou/ (hello) /'he'lou/","5","POS_MISMATCH | MANY_SENSES","9","183","chào anh!","chào anh!, chào chị!; này, này; ô này! (tỏ ý ngạc nhiên); tiếng chào; tiếng gọi ""này, này"" !; tiếng kêu ô này ""! (tỏ ý ngạc nhiên); chào; gọi ""này, này""; kêu ""ô này"" (tỏ ý ngạc nhiên)","Hello, everyone.",""
"24743","brainstorm","brainstorm","A2","noun","nội động từ","","5","POS_MISMATCH | MANY_SENSES","7","182","sự náo động tâm tư bất thần dữ dội","sự náo động tâm tư bất thần dữ dội; sự xúc động mãnh liệt; khoảnh khắc quẫn trí; khoảnh khắc rối trí; như brainwave; vận dụng trí não để tìm hiểu hoặc giải quyết một vấn đề; động não","I had been working on the problem for weeks, and then I had a brainstorm and saw that the solution was easy.",""
"26438","audition","audition","B2","noun","nội động từ","/ɔ:'diʃn/","5","POS_MISMATCH | MANY_SENSES","6","181","sức nghe","sức nghe; sự nghe; thính giác; sự thử giọng, sự hát nghe thử (trước khi nhận vào làm diễn viên hát); thử giọng (trước khi nhận vào làm diễn viên hát); tổ chức một buổi hát thử giọng","I've been to five auditions this week.",""
"24724","bench","bench","A2","noun","ngoại động từ","/bentʃ/","5","POS_MISMATCH | MANY_SENSES","7","180","ghế dài","ghế dài; bàn (của thợ mộc, thợ đóng giày); ghế ngồi của quan toà; toà án; ghế ngồi ở nghị viện Anh (của từng nhóm); cuộc trưng bày, cuộc triển lãm (chó); trưng bày, triển lãm (chó)","They sat on a park bench and tossed bread crumbs to the ducks and pigeons.",""
"24333","friend","friend","A1","noun","ngoại động từ","/frend/","5","POS_MISMATCH | MANY_SENSES","9","179","người bạn","người bạn; người quen sơ, ông bạn; người ủng hộ, người giúp đỡ; cái giúp ích; bà con thân thuộc; tín đồ Quây-cơ; thân với; bạn trong lúc khó khăn hoạn nạn mới thật là bạn; giúp đỡ","John and I have been friends ever since we were roommates at college. Trust is important between friends. I used to find it hard to make friends when I was shy.",""
"25288","next","next","A2","adverb","danh từ","/nekst/","5","POS_MISMATCH | MANY_SENSES","8","179","sát","sát, gần, ngay bên, bên cạnh; sau, ngay sau, tiếp sau; hầu như không; sau, lần sau, tiếp sau, nữa; ngay; gần bên, bên cạnh, sát nách; người tiếp sau; cái tiếp sau, số (báo) sau...","Next, please, don't hold up the queue!",""
"26397","arch","arch","B2","noun","tính từ","/ɑ:tʃ/","5","POS_MISMATCH | MANY_SENSES","9","178","khung tò vò","khung tò vò, cửa tò vò; hình cung; vòm; nhịp cuốn (cầu...); xây khung vòm ở trên (cửa...); xây cuốn vòng cung; uốn cong; cong lại, uốn vòng cung; tinh nghịch, tinh quái, hóm, láu","to pass into the arch of a bridge",""
"25882","delight","delight","B1","noun","nội động từ","/di'lait/","5","POS_MISMATCH | MANY_SENSES","6","178","sự vui thích","sự vui thích, sự vui sướng; điều thích thú, niềm khoái cảm; làm cho vui thích; ham thích, thích thú; làm vui thích, làm vui sướng, gây khoái cảm, làm say mê; thích thú, ham thích","A beautiful landscape delights the eye.",""
"25249","metal","metal","A2","noun","ngoại động từ","/'metl/","5","POS_MISMATCH | MANY_SENSES","8","178","kim loại","kim loại; đá lát đường, đá ba lát (đường xe lửa) ((cũng) toad metal); đường sắt, đường ray; xe tăng, xe bọc thép; thuỷ tinh lỏng; bọc kim loại; rải đá; rải đá sửa (một con đường)","We have American Airlines tickets, but it's on British Airways metal.",""
"25736","collapse","collapse","B1","noun","nội động từ","/kə'læps/","5","POS_MISMATCH | MANY_SENSES","7","177","đổ","đổ, sập, sụp, đổ sập; gãy vụn, gãy tan; suy sụp, sụp đổ; sụt giá, phá giá (tiền); xẹp, xì hơi (lốp xe...); ngã quỵ xuống, gục (vì suy nhược); méo mó, cong oằn lại (vành bánh xe)","She suffered a terrible collapse after slipping on the wet floor.",""
"24499","map","map","A1","noun","ngoại động từ","/mæp/","5","POS_MISMATCH | MANY_SENSES","11","175","bản đồ","bản đồ; bản đồ; ảnh tượng; mặt; không quan trọng; lỗi thời; biến mất; quan trọng có tiếng; nóng hổi, có tính chất thời sự (vấn đề...); vẽ lên bản đồ; sắp xếp, sắp đặt, vạch ra","I don't want to play this map again!",""
"25342","perfect","perfect","A2","adjective","ngoại động từ","/'pə:fikt/","5","POS_MISMATCH | MANY_SENSES","8","175","hoàn hảo","hoàn hảo, hoàn toàn; thành thạo; hoàn thành; đủ (hoa); đúng (quãng); thời hoàn thành; hoàn thành, làm hoàn hảo, làm hoàn toàn; rèn luyện cho thành thạo, trau dồi cho thật giỏi","a perfect circle",""
"24942","early","early","A2","adjective","phó từ","/'ə:li/","5","POS_MISMATCH | MANY_SENSES","8","174","sớm","sớm, ban đầu, đầu mùa; gần đây; sớm, ở lúc ban đầu, ở đầu mùa; vừa đúng lúc; trước đây; ở đầu danh sách; ngay từ thế kỷ 19; chúng láu cá hơn anh, chúng ta đã lừa được anh rồi","at eleven, we went for an early lunch; she began reading at an early age; his mother suffered an early death",""
"25179","kindly","kindly","A2","adjective","phó từ","/'kaindli/","5","POS_MISMATCH | MANY_SENSES","9","174","tử tế","tử tế, tốt bụng; thân ái, thân mật; dễ chịu (khí hậu...); gốc ở, vốn sinh ở; tử tế, ân cần; thân ái; vui lòng, làm ơn (xã giao hoặc mỉa); dễ dàng, tự nhiên; lấy làm vui thích","A kindly old man sits on the park bench every afternoon feeding pigeons.",""
"26352","alert","alert","B2","verb","danh từ","/ə'lə:t/","5","POS_MISMATCH | MANY_SENSES","6","173","tỉnh táo","tỉnh táo, cảnh giác; linh lợi, nhanh nhẹn, nhanh nhẫu, hoạt bát; sự báo động, sự báo nguy; sự báo động phòng không; thời gian báo động phòng không; sự cảnh giác, sự đề phòng","an airborne alert; ground alert",""
"24111","bright","bright","A1","adjective","phó từ","/brait/","5","POS_MISMATCH | MANY_SENSES","10","173","sáng","sáng, sáng chói; tươi; sáng sủa; rạng rỡ, sáng ngời; rực rỡ; , (mỉa mai) sáng dạ, thông minh, nhanh trí; vui tươi; lanh lợi, hoạt bát, nhanh nhẹn; side; sáng chói, sáng ngời","Your brights are on.",""
"24420","husband","husband","A1","noun","ngoại động từ","/'hʌzbənd/","5","POS_MISMATCH | MANY_SENSES","8","173","người chồng","người chồng; người quản lý, người trông nom (việc chi tiêu...); người làm ruộng; tiết kiệm, dành dụm; khéo sử dụng; , (đùa cợt) gả chồng; lấy, cưới (vợ); cày cấy (ruộng đất)","You should start dating so you can find a suitable husband.",""
"25149","inner","inner","A2","adjective","danh từ","/'inə/","5","POS_MISMATCH | MANY_SENSES","8","173","ở trong nước","ở trong nước, nội bộ; thân nhất, thân cận; tinh thần; bên trong; trong thâm tâm, thầm kín; bên trong; vòng sát điểm đen (của bia); phát bắn trúng vòng sát điểm đen (của bia)","inner door; inner room; inner sanctum; inner surface",""
"24747","brave","brave","A2","adjective","ngoại động từ","/breiv/","5","POS_MISMATCH | MANY_SENSES","7","172","chiến sĩ da đỏ","chiến sĩ da đỏ; gan dạ, can đảm, dũng cảm; ,  (văn học) đẹp lộng lẫy, sang trọng; hào hoa phong nhã; bất chấp, không sợ, xem khinh; đương đầu với; bất chấp dị nghị, cóc cần","After braving tricks on the high-dive, he braved a jump off the first diving platform.",""
"24472","lesson","lesson","A1","noun","ngoại động từ","/'lesn/","5","POS_MISMATCH | MANY_SENSES","9","172","bài học","bài học; lời dạy bảo, lời khuyên; lời quở trách; sự trừng phạt, sự cảnh cáo; dạy (môn gì); học (môn gì); quở trách, cảnh cáo, lên lớp (ai); trừng phạt; dạy, ra bài cho (ai)","In our school a typical working week consists of around twenty lessons and ten hours of related laboratory work.",""
"25416","accent","accent","B1","noun","ngoại động từ","/'æksənt/","5","POS_MISMATCH | MANY_SENSES","10","171","trọng âm","trọng âm; dấu trọng âm; giọng; lời nói, lời lẽ; nhấn; dấu nhấn; sự phân biệt rõ rệt; đọc có trọng âm, nói có trọng âm, đọc nhấn mạnh; đánh dấu trọng âm; nhấn mạnh, nêu bật","In the word ""careful"", the accent is placed on the first syllable.",""
"24401","hill","hill","A1","noun","ngoại động từ","/hil/","5","POS_MISMATCH | MANY_SENSES","7","171","đồi","đồi; cồn, gò, đống, đụn, mô đất, chỗ đất đùn lên (mối, kiến...); (Anh-Ân) vùng đồi núi nơi nghỉ an dưỡng; go; lên dốc xuống đèo; đắp thành đồi; + up) vun đất (vào gốc cây)","The park is sheltered from the wind by a hill to the east.",""
"24515","message","message","A1","noun","ngoại động từ","/'mesidʤ/","5","POS_MISMATCH | MANY_SENSES","5","171","thư tín","thư tín, điện, thông báo, thông điệp; việc uỷ thác, việc giao làm, việc sai làm; lời truyền lại, lời tiên báo (của thần, nhà tiên tri...); báo bằng thư; đưa tin, đánh điện","We've just received an urgent message from the President.",""
"24927","dizzy","dizzy","A2","adjective","ngoại động từ","/'dizi/","5","POS_MISMATCH | MANY_SENSES","5","170","hoa mắt","hoa mắt, choáng váng, chóng mặt; làm hoa mắt, làm choáng váng, làm chóng mặt; cao ngất (làm chóng mặt...); quay tít, xoáy cuộn (làm chóng mặt); làm hoa mắt, làm chóng mặt","I stood up too fast and felt dizzy.",""
"25344","perform","perform","A2","verb","nội động từ","/pə'fɔ:m/","5","MANY_SENSES | NOISY_PRIMARY_MEANING | MISSING_EXAMPLE","9","170","làm (công việc...)","làm (công việc...); thực hiện (lời hứa...); thi hành (lệnh); cử hành (lễ); hoàn thành (nhiệm vụ); biểu diễn, trình bày (kịch, điệu nhảy...); đóng; đóng một vai; biểu diễn","",""
"24896","delay","delay","A2","noun","nội động từ","/di'lei/","5","POS_MISMATCH | MANY_SENSES","9","168","sự chậm trễ","sự chậm trễ; sự trì hoãn; điều làm trở ngại; sự cản trở; làm chậm trễ; hoãn lại (cuộc họp, chuyến đi...); làm trở ngại, cản trở; ủ, ram (thép); chậm trễ, lần lữa, kề cà","the delay before the echo of a sound",""
"26546","bud","bud","B2","noun","ngoại động từ","/bʌd/","5","POS_MISMATCH | MANY_SENSES","10","167","chồi","chồi, nụ, lộc; bông hoa mới hé; cô gái mới dậy thì; chồi; nip; nảy chồi, ra nụ, ra lộc; hé nở (hoa); bắt đầu nảy nở (tài năng...); sinh sản bằng lối nảy chồi; ghép mắt","After a long, cold winter, the trees finally began to produce buds.",""
"25786","conservative","conservative","B1","adjective","danh từ","/kən'sə:vətiv/","5","POS_MISMATCH | MANY_SENSES","6","167","để giữ gìn","để giữ gìn, để duy trì, để bảo tồn, để bảo toàn; bảo thủ, thủ cựu; thận trọng, dè dặt; vừa phải, phải chăng; người bảo thủ, người thủ cựu; đảng viên đảng bảo thủ (Anh)","The curriculum committee at this university is extremely conservative.",""
"24681","attack","attack","A2","noun","nội động từ","/ə'tæk/","5","POS_MISMATCH | MANY_SENSES","7","166","sự tấn công","sự tấn công, sự công kích; cơn (bệnh); tấn công, công kích; bắt đầu, bắt tay vào, lao vào (công việc); ăn mòn (axit); nhiễm vào (bệnh tật); tấn công, bắt đầu chiến sự","They claimed the censorship of the article was an attack on free speech.",""
"25677","carpet","carpet","B1","noun","ngoại động từ","/'kɑ:pit/","5","POS_MISMATCH | MANY_SENSES","8","166","tấm thảm","tấm thảm; thảm (cỏ, hoa, rêu...); được đem ra thảo luận, bàn cãi; bị mắng, bị quở trách; bị mắng, bị quở trách; trải thảm; lôi (người làm...) ra mắng mỏ; gọi lên mắng","After the fire, they carpeted over the blackened hardwood flooring.",""
"26396","approximate","approximate","B2","adjective","động từ","/ə'prɔksimit/","5","POS_MISMATCH | MANY_SENSES","7","165","approximate to giống với","approximate to giống với, giống hệt với; xấp xỉ, gần đúng; rất gần nhau; gắn với; làm cho gắn với; xấp xỉ với, gần đúng với; làm cho xấp xỉ với, làm cho gần đúng với","NASA's Genesis spacecraft has on board an ion monitor to record the speed, density, temperature and approximate composition of the solar wind ions.",""
"25802","contrary","contrary","B1","adjective","ngoại động từ","/'kɔntrəri/","5","POS_MISMATCH | MANY_SENSES","6","165","trái ngược","trái ngược, nghịch; trái thói, bướng bỉnh, ngang ngược, khó bảo; sự trái lại; điều trái ngược; trái với, trái ngược với; làm trái (với khuynh hướng, xu hướng của ai)","contrary winds",""
"25732","coal","coal","B1","noun","nội động từ","/koul/","5","POS_MISMATCH | MANY_SENSES","9","164","than đá","than đá; viên than đá; đổ thêm dầu vào lửa; carry; xỉ vả ai, mắng nhiếc ai; lấy ơn trả oán, lấy thiện trả ác; cho (tàu) ăn than; tiếp tế than cho; ăn than, lấy than","Put some coal on the fire.",""
"25269","mug","mug","A2","noun","động từ","/mʌg/","5","POS_MISMATCH | MANY_SENSES","10","164","ca","ca; chén vại; ca (đầy), chén (đầy); mồm, miệng; mặt; ảnh căn cước; thằng ngốc, thằng khờ; anh chàng cả tin; học sinh chăm học, học sinh học gạo; học gạo (để đi thi)","What an ugly mug.",""
"26728","core","core","B2","noun","ngoại động từ","/kɔ:/","5","POS_MISMATCH | MANY_SENSES","6","162","lõi","lõi, hạch (quả táo, quả lê...); điểm trung tâm, nòng cốt, hạt nhân; lõi dây thừng; nòng, lõi, ruột; đáy lòng, thâm tâm, nơi thầm kín nhất; lấy lõi ra, lấy nhân ra","the core of an apple or quince",""
"26107","fake","fake","B1","adjective","ngoại động từ","/feik/","5","POS_MISMATCH | MANY_SENSES","9","162","vòng dây cáp","vòng dây cáp; cuộn (dây cáp); vật làm giả, đồ giả mạo; đồ cổ giả mạo; báo cáo bịa; giả, giả mạo; làm giống như thật; làm giả, giả mạo; ứng khẩu (một đoạn nhạc ja)","to fake a marriage",""
"24532","mouse","mouse","A1","noun","ngoại động từ","/maus - mauz/","5","POS_MISMATCH | MANY_SENSES","8","161","mauz","mauz/; chuột; mắt sưng húp, mắt thâm tím; bắt chuột, săn chuột; đi rón rén, lén, lần mò; (+ about) lục lọi, tìm kiếm, bới; rình bắt đến cùng; kiên nhẫn, tìm kiếm","Captain Higgins moused the hook with a bit of marline to prevent the block beckets from falling out under slack.",""
"25480","amount","amount","B1","noun","nội động từ","/ə'maunt/","5","POS_MISMATCH | MANY_SENSES","6","160","số lượng","số lượng, số nhiều; tổng số; thực chất, giá trị thực; tầm quan trọng, ý nghĩa; lên đến, lên tới (tiền); chung qui là, rốt cuộc là, có nghĩa là, chẳng khác gì là","The amount of atmospheric pollution threatens a health crisis.",""
"25486","angle","angle","B1","noun","nội động từ","/'æɳgl/","5","POS_MISMATCH | MANY_SENSES","9","159","góc","góc; góc xó; quan điểm, khía cạnh; đi xiên góc, rẽ về; làm sai lệch, xuyên tạc (sự việc, câu chuyện); lưỡi câu; người câu cá; câu cá; câu, kiếm chác, tranh thủ","the angle between lines A and B",""
"26191","fuss","fuss","B1","noun","ngoại động từ","/fʌs/","5","POS_MISMATCH | MANY_SENSES","8","159","sự ồn ào","sự ồn ào, sự om sòm, sự rối rít; sự nhăng nhít, sự nhặng xị; sự quan trọng hoá; làm ầm lên; rối rít; nhặng xị lên; làm (ai) cuống quít; làm phiền, làm rầy (ai)","They made a big fuss about the wedding plans.",""
"25359","pilot","pilot","A2","noun","ngoại động từ","/'pailət/","5","POS_MISMATCH | MANY_SENSES","7","159","hoa tiêu","hoa tiêu; người lái (máy bay), phi công; người dẫn đường (đi săn...); bỏ rơi một cố vấn đáng tin cậy; dẫn (tàu); lái (máy bay); dìu dắt (ai) qua những khó khăn","We would like to run a pilot in your facility before rolling out the program citywide.",""
"24086","biscuit","biscuit","A1","noun","tính từ","/'biskit/","5","POS_MISMATCH | MANY_SENSES","6","158","bánh quy","bánh quy; bánh quy mặn (thường ăn nóng với bơ); bánh bơ tròn; đồ sứ mới nung lần thứ nhất (chưa tráng men); màu bánh quy, màu nâu nhạt; màu bánh quy, nâu nhạt","cheese and biscuits",""
"25993","earnest","earnest","B1","adjective","danh từ","/'ə:nist/","5","POS_MISMATCH | MANY_SENSES","7","158","đứng đắn","đứng đắn, nghiêm chỉnh; sốt sắng, tha thiết; thái độ đứng đắn, thái độ nghiêm chỉnh; trời đang mưa ra trò; tiền đặt cọc; sự bảo đảm; điềm, điều báo hiệu trước","earnest prayers",""
"25603","boast","boast","B1","verb","danh từ","/boust/","5","POS_MISMATCH | MANY_SENSES","6","157","lời nói khoác","lời nói khoác; sự khoe khoang; niềm tự kiêu, niềm kiêu hãnh; trăm voi không được bát nước xáo; khoe khoang, khoác lác; tự kiêu, lấy làm kiêu hãnh (về cái gì)","It was his regular boast that he could eat two full English breakfasts in one sitting.",""
"25685","caution","caution","B1","noun","ngoại động từ","/'kɔ:ʃn/","5","POS_MISMATCH | MANY_SENSES","8","157","sự thận trọng","sự thận trọng, sự cẩn thận; lời cảnh cáo, lời quở trách; người kỳ quái; vật kỳ lạ; người xấu như quỷ; cẩn tắc vô ưu; báo trước, cảnh cáo; cảnh cáo, quở trách","The guideline expressed caution against excessive radiographic imaging.",""
"26639","coincide","coincide","B2","verb","nội động từ","/,kouin'said/","5","MANY_SENSES | NOISY_PRIMARY_MEANING | LONG_PRIMARY_MEANING","5","156","trùng khớp với nhau (hai vật cùng đường diện tích","trùng khớp với nhau (hai vật cùng đường diện tích, cùng đường chu vi như nhau); xảy ra đồng thời; trùng với; hợp nhau (ý kiến, sở thích...); đồng ý với nhau","The two squares coincide nicely.",""
"24582","only","only","A1","adjective","liên từ","/'ounli/","5","POS_MISMATCH | MANY_SENSES","9","156","chỉ có một","chỉ có một, duy nhất; tốt nhất, đáng xét nhất; chỉ, mới; cuối cùng; giá mà; also; điều ấy đúng quá đi rồi còn gì nữa; nhưng, chỉ phải; nếu không, chỉ trừ ra","He is the only doctor for miles.",""
"26777","cube","cube","B2","noun","ngoại động từ","/kju:b/","5","POS_MISMATCH | MANY_SENSES","7","151","hình lập phương","hình lập phương, hình khối; luỹ thừa ba; căn bậc ba; lên tam thừa; đo thể tích; lát bằng gạch hình khối; thái thành hình khối, thái hạt lựu (cà rốt...)","a stock cube",""
"24982","evidence","evidence","A2","noun","nội động từ","/'evidəns/","5","POS_MISMATCH | MANY_SENSES","8","151","tính hiển nhiên","tính hiển nhiên; tính rõ ràng, tính rõ rệt; chứng, chứng cớ, bằng chứng; dấu hiệu; chứng chỉ; tố cáo những kẻ đồng loã; chứng tỏ, chứng minh; làm chứng","There is no evidence that anyone was here earlier.",""
"25016","female","female","A2","adjective","danh từ","/'fi:meil/","5","POS_MISMATCH | MANY_SENSES","9","151","cái","cái, mái; đàn bà con gái, nữ; yếu, nhạt, mờ; có lỗ để lắp, có lỗ để tra; con cái, con mái; gốc cái; cây cái; người đàn bà, người phụ nữ; con mụ, con mẹ","female authors, the leading male and female artists, a female bird cooing at a male, intersex female patients, a trans female vlogger",""
"26222","glimpse","glimpse","B1","noun","nội động từ","/glimps/","5","POS_MISMATCH | MANY_SENSES","7","151","cái nhìn lướt qua","cái nhìn lướt qua, cái nhìn thoáng qua; sự thoáng hiện; ý nghĩ lờ mờ, ý niệm lờ mờ; đại cương; nhìn lướt qua, nhìn thoáng qua; thoáng thấy; thoáng hiện","I only got a glimpse of the car, so I can tell you the colour but not the registration number.",""
"26957","ecstatic","ecstatic","B2","adjective","danh từ","/eks'tætik/","5","POS_MISMATCH | MANY_SENSES","8","150","ở trạng thái mê ly","ở trạng thái mê ly; làm mê ly; dễ bị làm mê ly; ngây ngất; xuất thần, nhập định; dễ xuất thần; người dễ bị làm mê ly; người xuất thần, người nhập định","ecstatic gaze; ecstatic trance",""
"24340","funny","funny","A1","adjective","danh từ","/'fʌni/","5","POS_MISMATCH | MANY_SENSES","6","145","buồn cười","buồn cười, ngồ ngộ, khôi hài; là lạ, khang khác; lời nói buồn cười; câu chuyện khôi hài; tập tranh khôi hài, tập tranh vui; thuyền một người chèo","When I went to the circus, I only found the clowns funny.",""
"25887","demand","demand","B1","noun","ngoại động từ","/di'mɑ:nd/","5","POS_MISMATCH | MANY_SENSES","6","144","sự đòi hỏi","sự đòi hỏi, sự yêu cầu; nhu cầu; những sự đòi hỏi cấp bách (đối với thì giờ, túi tiền... của ai); đòi hỏi, yêu cầu; cần, cần phải; hỏi, hỏi gặng","Prices usually go up when demand exceeds supply.",""
"24206","cow","cow","A1","noun","ngoại động từ","/kau/","5","POS_MISMATCH | MANY_SENSES","8","142","bò cái","bò cái; voi cái; tê giác cái; cá voi cái; chó biển cái; ,  (từ lóng) đàn bà con gái; mãi mãi, lâu dài, vô tận; doạ nạt, thị uy, làm cho sợ hãi","Con artists are not cowed by the law.",""
"25653","cage","cage","B1","noun","ngoại động từ","/keidʤ/","5","POS_MISMATCH | MANY_SENSES","7","141","lồng","lồng, chuồng, cũi; trại giam tù binh; nhà giam, nhà lao; buồng (thang máy); bộ khung, bộ sườn (nhà...); nhốt vào lồng, nhốt vào cũi; giam giữ","The most dangerous prisoners are locked away in a cage.",""
"26628","closure","closure","B2","noun","ngoại động từ","/'klouʤə/","5","POS_MISMATCH | NOISY_PRIMARY_MEANING","4","141","sự bế mạc (phiên họp)","sự bế mạc (phiên họp); sự kết thúc (cuộc thảo luận) bằng cách cho biểu quyết; sự đóng kín; kết thúc (cuộc thảo luận) bằng cách cho biểu quyết","the closure of a door, or of a chink",""
"25711","choir","choir","B1","noun","động từ","/'kwaiə/","5","POS_MISMATCH | MANY_SENSES","6","140","đội hợp xướng","đội hợp xướng, đội hợp ca (của nhà thờ); chỗ ngồi của đội hợp xướng trong nhà thờ; đội đồng ca; bầy chim; bầy thiên thần; hợp xướng, đồng ca","The church choir practices Thursday nights.",""
"25775","conflict","conflict","B1","noun","nội động từ","/'kɔnflikt/","5","POS_MISMATCH | MANY_SENSES","5","140","sự xung đột","sự xung đột, sự tranh giành, sự va chạm; cuộc xung đột; sự đối lập, sự mâu thuẫn; xung đột, va chạm; đối lập, chống lại, mâu thuẫn, trái với","The conflict between the government and the rebels began three years ago.",""
"25224","mad","mad","A2","adjective","động từ","/mæd/","5","POS_MISMATCH | MANY_SENSES","6","139","điên","điên, cuồng, mất trí; bực dọc, bực bội; say mê, ham mê; tức giận, giận dữ, nổi giận; làm phát điên; phát điên, hành động như một người điên","He's got this mad idea that he's irresistible to women.",""
"24180","code","code","A1","noun","ngoại động từ","/koud/","5","POS_MISMATCH | MANY_SENSES","5","138","bộ luật","bộ luật, luật; điều lệ, luật lệ, quy tắc; đạo lý (của một xã hội, của một giai cấp); mã, mật mã; viết bằng mã, viết bằng mật mã (bức điện)","This flavour of soup has been assigned the code WRT-9.",""
"25747","comment","comment","B1","noun","nội động từ","/'kɔment/","5","POS_MISMATCH | MANY_SENSES","6","138","lời bình luận","lời bình luận; lời chú giải, lời chú thích, lời dẫn giải; lời phê bình, lời chỉ trích; bình luận; chú thích, dẫn giải; phê bình, chỉ trích","I have no comment on that.",""
"24884","dam","dam","A2","noun","ngoại động từ","/dæm/","5","POS_MISMATCH | MANY_SENSES","7","138","vật mẹ","vật mẹ; ma quỷ; đập (ngăn nước); nước ngăn lại, bể nước; xây đập (ở nơi nào); ngăn (nước) bằng đập; ((thường) + up) ghìm lại, kiềm chế lại","A dam is often an essential source of water to farmers of hilly country.",""
"26114","farther","farther","B1","adverb","ngoại động từ","/'fɑ:ðə/","5","POS_MISMATCH | MANY_SENSES","8","137","xa hơn","xa hơn; thêm hơn, hơn nữa; xa hơn; xa nữa; thêm hơn, hơn nữa; ngoài ra, vả lại (bây giờ thường dùng further); đừng hòng; ,  (như) further","Further the economy.",""
"25341","pepper","pepper","A2","noun","ngoại động từ","/'pepə'ri:nou/","5","POS_MISMATCH | MANY_SENSES","7","137","hạt tiêu","hạt tiêu, hồ tiêu; điều chua cay; rắc tiêu vào, cho tiêu vào; rải lên, rắc lên, ném lên; bắn như mưa vào; hỏi dồn; trừng phạt nghiêm khắc","Some ballparks have signs saying ""No pepper games"".",""
"24721","belly","belly","A2","noun","động từ","/'beli/","5","POS_MISMATCH | MANY_SENSES","6","135","bụng","bụng; dạ dày; bầu (bình, lọ); chỗ khum lên (mặt đàn viôlông), chỗ phồng ra (buồm); bụng đói thì tai điếc; + out phồng ra (cánh buồm...)","the belly of a flask, muscle, violin, sail, or ship",""
"24018","along","along","A1","adverb","giới từ","/ə'lɔɳ/","5","POS_MISMATCH | MANY_SENSES","6","133","theo chiều dài","theo chiều dài, suốt theo; tiến lên, về phía trước; vì, do bởi; theo cùng với, song song với; luôn luôn, bao giờ cũng; dọc theo, theo","John played the piano and everyone sang along.",""
"25158","international","international","A2","adjective","danh từ","/,intə'næʃənl/","5","POS_MISMATCH | MANY_SENSES","6","132","quốc tế","quốc tế; tổ chức quốc tế cộng sản; vận động viên trình độ quốc tế; đại biểu quốc tế cộng sản; cuộc thi đấu quốc tế; Quốc tế cộng sản","The United team includes five England internationals.",""
"25634","bronze","bronze","B1","noun","nội động từ","/brɔnz/","5","POS_MISMATCH | MANY_SENSES","6","130","đồng thiếc","đồng thiếc; đồ bằng đồng thiếc (tượng, lọ...); màu đồng thiếc; làm bóng như đồng thiếc; làm sạm màu đồng thiếc; sạm màu đồng thiếc","She wanted to win the tournament, but had to settle for the bronze after being beaten in the semi-finals.",""
"24827","compare","compare","A2","verb","danh từ","/kəm'peə/","5","POS_MISMATCH | MANY_SENSES","6","130","so","so, đối chiếu; so sánh; tạo cấp so sánh (của tính từ, phó từ); có thể so sánh được; trao đổi nhận xét, trao đổi ý kiến; sự so sánh","Compare the tiger's coloration with that of the zebra.",""
"25260","mistake","mistake","A2","noun","động từ mistook; mistaken","/mis'teik/","5","POS_MISMATCH | MANY_SENSES","6","130","lỗi","lỗi, sai lầm, lỗi lầm; không còn nghi ngờ gì nữa; phạm sai lầm, phạm lỗi; hiểu sai, hiểu lầm; lầm, lầm lẫn; không thể nào lầm được","Don't mistake my kindness for weakness.",""
"26747","cough","cough","B2","noun","nội động từ","/kɔf/","5","POS_MISMATCH | MANY_SENSES","10","127","chứng ho","chứng ho; sự ho; tiếng ho; churchyard; đằng hắng; ho; ho ầm lên để át lời (ai); vừa nói, vừa ho; ho mà khạc ra; phun ra, nhả ra","Behind me, I heard a distinct, dry cough.",""
"26163","forth","forth","B1","adverb","giới từ","/fɔ:θ/","5","POS_MISMATCH | MANY_SENSES","6","127","về phía trước","về phía trước, ra phía trước, lộ ra; vân vân; từ nay về sau; đến mức độ; đến bất cứ mức nào; từ phía trong (cái gì) ra, ra khỏi","The plants in spring put forth leaves.",""
"25715","chuckle","chuckle","B1","noun","nội động từ","/'tʃʌkl/","5","POS_MISMATCH | MANY_SENSES","7","126","tiếng cười khúc khích","tiếng cười khúc khích; nụ cười thầm; sự khoái trá ra mặt; tiếng cục cục (gà); cười khúc khích; khoái trá; kêu cục cục (gà mái)","She chuckled her assent to my offer as she got in the car.",""
"26192","future","future","B1","adjective","danh từ","/'fju:tʃə/","5","POS_MISMATCH | MANY_SENSES","5","126","tương lai","tương lai; tương lai; (thương nghiệp) hàng hoá bán sẽ giao sau; hợp đông về hàng hoá bán giao sau; về sau này, trong tương lai","There is no future in dwelling on the past.",""
"24368","group","group","A1","noun","động từ","/gru:p/","5","POS_MISMATCH | MANY_SENSES","6","126","nhóm","nhóm; nhóm, gốc; hợp thành nhóm; tập hợp lại; phân loại, phân loại, phân hạng, phân phối theo nhóm; tạo nên sự hoà hợp màu sắc","A group of people gathered in front of the Parliament to demonstrate against the Prime Minister's proposals.",""
"24136","candy","candy","A1","noun","nội động từ","/'kændi/","5","POS_MISMATCH | MANY_SENSES","5","123","kẹo","kẹo; ,  (từ lóng) côcain; làm thành đường phèn; tẩm đường, ướp đường, ngâm đường (hoa quả...); kết thành đường (mật ong...)","Fruits preserved in sugar candy after a time.",""
"24075","below","below","A1","adverb","giới từ","/bi'lou/","5","POS_MISMATCH | MANY_SENSES","6","122","ở dưới","ở dưới, ở bên dưới, ở dưới thấp, ở phía dưới; dưới, ở dưới, thấp hơn; không xứng đáng; không đáng phải quan tâm; mark; par","the landlubbers lying down below",""
"25162","invite","invite","A2","verb","danh từ,  (thông tục)","/in'vait /","5","POS_MISMATCH | MANY_SENSES","10","122","mời","mời; đem lại; lôi cuốn, hấp dẫn; gây hứng; đưa ra lời mời; lôi cuốn, hấp dẫn; gây hứng['invait]; sự mời; lời mời; giấy mời","We invited our friends round for dinner.",""
"25870","deed","deed","B1","noun","ngoại động từ","/di:d/","5","POS_MISMATCH | MANY_SENSES","5","121","việc làm","việc làm, hành động, hành vi; kỳ công, chiến công, thành tích lớn; văn bản, chứng thư; very; chuyển nhượng bằng chứng thư","I have fulfilled my promise in word and in deed.",""
"25092","gun","gun","A2","noun","động từ","","5","POS_MISMATCH | MANY_SENSES","6","121","súng","súng; phát đại bác; người chơi súng thể thao, người chơi súng săn; người đi săn; ống bơm thuốc trừ sâu; săn lùng, truy nã","Guns were considered improvements of crossbows and catapults.",""
"25272","mushroom","mushroom","A2","noun","nội động từ","/'mʌʃrum/","5","POS_MISMATCH | MANY_SENSES","5","120","nấm","nấm; phát triển nhanh (như nấm); hái nấm; bẹp đi, bẹt ra (như cái nấm) (viên đạn); mọc nhanh, phát triển nhanh (như nấm)","Some mushrooms are edible and taste good, while others are poisonous and taste foul.",""
"25317","original","original","A2","adjective","danh từ","/ə'ridʤənl/","5","POS_MISMATCH | MANY_SENSES","6","120","gốc","gốc, (thuộc) nguồn gốc, (thuộc) căn nguyên, đầu tiên; nguyên bản chính; độc đáo; nguyên bản; người độc đáo; người lập dị","This manuscript is the original.",""
"25420","accessory","accessory","B1","noun","tính từ","/æk'sesəri/ (accessary) /æk'sesəri/","5","POS_MISMATCH | MANY_SENSES","6","119","đồ phụ tùng","đồ phụ tùng; vật phụ thuộc; đồ thêm vào; kẻ tòng phạm, kẻ a tòng, kẻ đồng loã; phụ, phụ vào, thêm vào; a tòng, đồng loã","She was accessory to the riot.",""
"25694","champion","champion","B1","noun","tính từ & phó từ","/'tʃæmpjən/","5","POS_MISMATCH | MANY_SENSES","6","118","người vô địch","người vô địch, nhà quán quân; được giải nhất; vô địch, quán quân; chiến sĩ; bảo vệ, bênh vực, đấu tranh cho; cừ, tuyệt","The defending champion is expected to defeat his challenger.",""
"25061","further","further","A2","adjective","ngoại động từ","/'fə:ðə/","5","POS_MISMATCH | MANY_SENSES","7","118","xa hơn nữa","xa hơn nữa, bên kia; thêm nữa, hơn nữa; xa hơn nữa; thêm nữa, hơn nữa; điều tra thêm nữa; đẩy mạnh, xúc tiến; giúp cho","Further the economy.",""
"25072","globe","globe","A2","noun","nội động từ","/gloub/","5","POS_MISMATCH | MANY_SENSES","7","118","quả cầu","quả cầu; địa cầu, trái đất, thế giới; cầu mắt; chao đèn hình cầu; bầu nuôi cá vàng; làm thành hình cầu; thành hình cầu","the globe of the eye; the globe of a lamp",""
"26471","beak","beak","B2","noun","danh từ","/bi:k/","5","MANY_SENSES | NOISY_PRIMARY_MEANING | MISSING_EXAMPLE","8","116","mỏ (chim)","mỏ (chim); vật hình mỏ; mũi khoằm; mũi đe (đầu nhọn của cái đe); vòi ấm; thẩm phán, quan toà; giáo viên; hiệu trưởng","",""
"25756","complement","complement","B1","noun","ngoại động từ","/'kɔmpliment/","5","POS_MISMATCH | MANY_SENSES","6","116","phần bù","phần bù, phần bổ sung; quân số đầy đủ; bổ ngữ; phần bù (góc...); thể bù, bổ thể; làm đầy, đủ, bù cho đầy đủ, bổ sung","The complement of blue is orange.",""
"25849","cycle","cycle","B1","noun","nội động từ","/'saikl/","5","POS_MISMATCH | MANY_SENSES","6","116","chu ký","chu ký, chu trình; vòng; tập thơ cùng chủ đề, tập bài hát cùng chủ đề; xe đạp; quay vòng tròn theo chu kỳ; đi xe đạp","the cycle of the seasons, or of the year",""
"24435","island","island","A1","noun","ngoại động từ","/'ailənd/","5","POS_MISMATCH | MANY_SENSES","6","112","hòn đảo","hòn đảo; đảo; biến thành hòn đảo; làm thành những hòn đảo ở; đưa ra một hòn đảo; cô lập (như ở trên một hòn đảo)","an island of colors on a butterfly's wing",""
"25970","document","document","B1","noun","ngoại động từ","/'dɔkjumənt/","5","POS_MISMATCH | MANY_SENSES","5","111","văn kiện","văn kiện; tài liệu, tư liệu; chứng minh bằng tư liệu; dẫn chứng bằng tư liệu; đưa ra tài liệu, cung cấp tư liệu","He documented each step of the process as he did it, which was good when the investigation occurred.",""
"26043","engine","engine","B1","noun","ngoại động từ","/'endʤin/","5","POS_MISMATCH | MANY_SENSES","6","111","máy động cơ","máy động cơ; đầu máy (xe lửa); dụng cụ chiến tranh; dụng cụ, phương tiện; lắp máy vào (thu...); gắn động cơ vào","a graphics engine",""
"25011","fear","fear","A2","noun","động từ","/fiə/","5","POS_MISMATCH | MANY_SENSES","8","111","sự sợ","sự sợ, sự sợ hãi; sự kinh sợ; sự lo ngại; sự e ngại; không lo, không chắc đâu; sợ; lo, lo ngại, e ngại; kính sợ","He was struck by fear on seeing the snake.",""
"25859","deadly","deadly","B1","adjective","phó từ","/'dedli/","5","POS_MISMATCH | MANY_SENSES","6","110","làm chết người","làm chết người, trí mạng, chí tử; sự chết chóc; như chết; vô cùng, hết sức; như chết; vô cùng, hết sức, cực kỳ","deadly enemies",""
"24346","gift","gift","A1","noun","ngoại động từ","/gift/","5","POS_MISMATCH | MANY_SENSES","5","110","sự ban cho","sự ban cho, sự cho, sự tặng; quà tặng, quà biếu; tài, thiên tài, năng khiếu; tặng, biếu, cho; ban cho, phú cho","She had a gift for playing the flute.",""
"26223","glint","glint","B1","noun","ngoại động từ","/glint/","5","POS_MISMATCH | MANY_SENSES","7","109","tia sáng","tia sáng; tia sáng loé; tia lấp lánh; tia phản chiếu; loé sang, lấp lánh; làm loé sáng; phản chiếu (ánh sáng)","I saw the glint of metal as he raised the gun.",""
"25401","abandon","abandon","B1","verb","danh từ","/ə'bændən/","5","POS_MISMATCH | NOISY_PRIMARY_MEANING","3","107","bộm (nhiếp ảnh) (nhiếp ảnh) (từ Mỹ","bộm (nhiếp ảnh) (nhiếp ảnh) (từ Mỹ,nghĩa Mỹ) từ bỏ; bỏ rơi, ruồng bỏ; sự phóng túng, sự tự do, sự buông thả","Many baby girls have been abandoned on the streets of Beijing.",""
"24196","cop","cop","A1","noun","ngoại động từ","/kɔp/","5","POS_MISMATCH | MANY_SENSES","5","107","suốt chỉ","suốt chỉ, con chỉ; cảnh sát, mật thám, cớm; sự bắt được, sự tóm được; bắt được, tóm được; bị phạt, bị chỉnh","When caught, he would often cop a vicious blow from his father",""
"26417","assessment","assessment","B2","noun","danh từ","/ə'sesmənt/","5","MANY_SENSES | NOISY_PRIMARY_MEANING | MISSING_EXAMPLE","6","104","sự định giá (một vật) để đánh thuế","sự định giá (một vật) để đánh thuế; sự đánh giá; sự ước định; sự đánh thuế; mức định giá đánh thuế; thuế","",""
"26437","audit","audit","B2","noun","ngoại động từ","/'ɔ:dit/","5","POS_MISMATCH | NOISY_PRIMARY_MEANING","3","104","sự kiểm tra (sổ sách)","sự kiểm tra (sổ sách); sự thanh toán các khoản (theo kỳ hạn) giữa tá điền và địa chủ; kiểm tra (sổ sách)","National Assembly audit",""
"26907","divorce","divorce","B2","noun","ngoại động từ","/di'vɔ:s/","5","POS_MISMATCH | MANY_SENSES","5","103","sự ly dị","sự ly dị; sự lìa ra, sự tách ra; cho ly dị; ly dị (chồng vợ...); làm xa rời, làm lìa khỏi, tách ra khỏi","Richard obtained a divorce from his wife some years ago, but hasn't returned to the dating scene.",""
"26182","fuel","fuel","B1","noun","nội động từ","/fjuəl/","5","POS_MISMATCH | MANY_SENSES","5","100","chất đốt","chất đốt, nhiên liệu; cái khích động; lửa cháy đổ thêm dầu; cung cấp chất đốt; lấy chất đốt (tàu...)","His books were fuel for the revolution.",""
"26547","budget","budget","B2","adjective","nội động từ","/'bʌdʤit/","5","POS_MISMATCH | MANY_SENSES","5","99","ngân sách","ngân sách, ngân quỹ; túi (đầy), bao (đầy); đống, kho, cô khối; dự thảo ngân sách; ghi vào ngân sách","Budgeting is even harder in times of recession",""
"24057","bathroom","bathroom","A1","noun","","","5","POS_MISMATCH | MANY_SENSES","6","98","thành ngữ bath","thành ngữ bath; bathroom; buồng tắm, nhà vệ sinh; thành ngữ bath; bathroom; buồng tắm, nhà vệ sinh","Most Americans don't know 'WC' and many Brits mock 'bathroom' but almost everyone understands 'toilet' or 'lavatory'.",""
"26482","berry","berry","B2","noun","nội động từ","/'beri/","5","POS_MISMATCH | MANY_SENSES","6","98","quả mọng","quả mọng; hột (cà phê...); trứng cá, trứng tôm; ,  (từ lóng) đồng đô la; có quả mọng; hái quả mọng","On summer days Grandma used to take us berrying, whether we wanted to go or not.",""
"24786","chart","chart","A2","noun","ngoại động từ","/tʃɑ:t/","5","POS_MISMATCH | MANY_SENSES","6","98","bản đồ đi biển","bản đồ đi biển, hải đồ; bản đồ; đồ thị, biểu đồ; vẽ hải đồ; ghi vào hải đồ; vẽ đồ thị, lập biểu đồ","Let's chart how we're going to get from here to there.",""
"24240","dollar","dollar","A1","noun","danh từ","/'dɔlə/","5","MANY_SENSES | NOISY_PRIMARY_MEANING | MISSING_EXAMPLE","5","98","đồng đô la (Mỹ)","đồng đô la (Mỹ); đồng 5 silinh, đồng curon; thần đô la, thần tiền; khu vực đô la; chính sách đô la","",""
"24301","fever","fever","A1","noun","ngoại động từ","/'fi:və/","5","POS_MISMATCH | MANY_SENSES","6","97","cơn sốt","cơn sốt; bệnh sốt; sự xúc động, sự bồn chồn; làm phát sốt; làm xúc động, làm bồn chồn; kích thích","""I have a fever. I think I've the flu.""",""
"25363","plastic","plastic","A2","adjective","tính từ","/'plæstik/","5","MANY_SENSES | NOISY_PRIMARY_MEANING | MISSING_EXAMPLE","5","97","chất dẻo ((cũng) plastics)","chất dẻo ((cũng) plastics); dẻo, nặn được; tạo hình; mềm dẻo, mềm mỏng, hay chiều đời; dễ uốn nắn","",""
"25206","likely","likely","A2","adjective","phó từ","/'laikli/","5","POS_MISMATCH | MANY_SENSES","5","95","chắc đúng","chắc đúng, có lẽ đúng, có lẽ thật; có thể; thích hợp, đúng với; có vẻ có năng lực; có thể, chắc","Rain is likely later this afternoon.",""
"24120","bus","bus","A1","noun","nội động từ","/bʌs/","5","POS_MISMATCH | MANY_SENSES","8","94","xe buýt","xe buýt; máy bay; ô tô; mô tô; nhỡ xe buýt; bỏ lỡ cơ hội; thất bại trong công việc; đi xe buýt","He bussed tables as the restaurant emptied out.",""
"24585","or","or","A1","conjunction","liên từ","/ɔ:/","5","MANY_SENSES | NOISY_PRIMARY_MEANING | MISSING_EXAMPLE","6","94","vàng (ở huy hiệu)","vàng (ở huy hiệu); trước, trước khi; hoặc, hay là; (thơ ca) hoặc... hoặc...; nếu không; tức là","",""
"26507","blossom","blossom","B2","noun","nội động từ","/'blɔsəm/","5","POS_MISMATCH | NOISY_PRIMARY_MEANING","3","92","hoa (của cây ăn quả)","hoa (của cây ăn quả); sự hứa hẹn, niềm hy vọng; ra hoa, trổ hoa ((nghĩa đen) & (nghĩa bóng))","The blossom has come early this year.",""
"24056","bath","bath","A1","noun","động từ","/bɑ:θ/","5","POS_MISMATCH | MANY_SENSES","5","87","sự tắm","sự tắm; chậu tắm, bồn tắm, nhà tắm; nhà tắm có bể bơi; sự chém giết, sự làm đổ máu; tắm","a bath of heated sand, ashes, steam, or hot air",""
"24190","concert","concert","A1","noun","ngoại động từ","/kən'sə:t/","5","POS_MISMATCH | MANY_SENSES","5","86","sự phối hợp","sự phối hợp, sự hoà hợp; buổi hoà nhạc; dự tính, sắp đặt; bàn định, bàn tính; phối hợp","I'm going to the rock concert on Friday.",""
"25293","north","north","A2","adjective","phó từ","/nɔ:θ/","5","POS_MISMATCH | MANY_SENSES","5","86","hướng bắc","hướng bắc, phương bắc, phía bắc; miền bắc; gió bấc; bắc, bấc; về hướng bắc, ở phía bắc","Minnesota is in the north of the USA.",""
"24508","meal","meal","A1","noun","nội động từ","/'mi:l/","5","POS_MISMATCH | NOISY_PRIMARY_MEANING","4","85","bột ((thường) xay chưa mịn)","bột ((thường) xay chưa mịn); lượng sữa vắt (vắt một lần ở bò sữa); bữa ăn; ăn, ăn cơm","Breakfast is the morning meal, lunch is the noon meal, and dinner, or supper, is the evening meal.",""
"26984","endeavour","endeavour","B2","noun","nội động từ","/in'devə/","5","POS_MISMATCH | MISSING_EXAMPLE | DUPLICATE_PRIMARY_MEANING","2","82","sự cố gắng","sự cố gắng, sự nỗ lực, sự rán sức, sự gắng sức; cố gắng, nỗ lực, rán sức, gắng sức","",""
"24337","fruit","fruit","A1","noun","ngoại động từ","/fru:t/","5","POS_MISMATCH | MANY_SENSES","5","78","quả","quả, trái cây; thành quả, kết quả; thu hoạch, lợi tức; con cái; làm cho ra quả","His long nights in the office eventually bore fruit when his business boomed and he was given a raise.",""
"26596","certificate","certificate","B2","noun","ngoại động từ","/sə'tifikit/","5","POS_MISMATCH | MANY_SENSES","5","77","giấy chứng nhận","giấy chứng nhận; bằng; chứng chỉ, văn bằng; cấp giấy chứng nhận; cấp văn bằng","The film is certificate 15.",""
"26155","forecast","forecast","B1","noun","ngoại động từ,  forecast,  forecasted","/fɔ:'kɑ:st/","5","POS_MISMATCH | MANY_SENSES","5","77","sự dự đoán trước","sự dự đoán trước; sự dự báo trước; sự biết lo xa; dự đoán, đoán trước; dự báo","to forecast a rise in prices",""
"26315","acid","acid","B2","noun","tính từ","/'æsid/","5","POS_MISMATCH | MANY_SENSES","7","74","Axit","Axit; chất chua; Axit; thử thách gay go; chua; chua cay, gay gắt; gắt gỏng","acid fruits or liquors",""
"26500","blend","blend","B2","noun","(bất qui tắc) động từ blended","/bli:p/","5","POS_MISMATCH | NOISY_PRIMARY_MEANING","3","71","thứ (thuốc lá","thứ (thuốc lá, chè...) pha trộn; trộn lẫn, pha trộn; hợp nhau (màu sắc)","Our department has a good blend of experienced workers and young promise.",""
"26577","cascade","cascade","B2","noun","nội động từ","/kæs'keid/","5","POS_MISMATCH | MISSING_EXAMPLE | DUPLICATE_PRIMARY_MEANING","4","71","thác nước","thác nước; tầng, đợt; màn ren treo rủ; đổ xuống như thác, chảy như thác","",""
"26760","crease","crease","B2","noun","nội động từ","/kri:s/","5","POS_MISMATCH | MANY_SENSES","5","68","nếp nhăn","nếp nhăn, nếp gấp; gấp nếp; làm nhăn, làm nhăn mặt; nhàu; có nếp gấp","His pants had a nice sharp crease.",""
"25041","forest","forest","A2","noun","ngoại động từ","/'fɔrist/","5","POS_MISMATCH | MANY_SENSES","5","68","rừng","rừng; rừng săn bắn; trồng cây ở; biến thành rừng; trồng cây gây rừng","a forest of criticism",""
"24883","daily","daily","A2","adjective","danh từ","/'deili/","5","POS_MISMATCH | MISSING_EXAMPLE | DUPLICATE_PRIMARY_MEANING","3","66","hằng ngày","hằng ngày; báo hàng ngày; người đàn bà giúp việc hằng ngày đến nhà","",""
"26766","criminal","criminal","B2","adjective","danh từ","/'kriminl/","5","POS_MISMATCH | MISSING_EXAMPLE | DUPLICATE_PRIMARY_MEANING","3","61","có tội","có tội, phạm tội, tội ác; conversation; kẻ phạm tội, tội phạm","",""
"25058","fry","fry","A2","noun","động từ","/frai/","5","POS_MISMATCH | MANY_SENSES","5","61","cá mới nở","cá mới nở, cá bột; cá hồi hai năm; thịt rán; rán, chiên; fish","to be in a fry",""
"24158","chocolate","chocolate","A1","noun","tính từ","/'tʃɔkəlit/","5","POS_MISMATCH | MANY_SENSES","5","58","sôcôla","sôcôla; kẹo sôcôla; nước sôcôla; màu sôcôla; có màu sôcôla","Chocolate is a very popular treat.",""
"25256","military","military","A2","adjective","danh từ","/'militəri/","5","POS_MISMATCH | MISSING_EXAMPLE | DUPLICATE_PRIMARY_MEANING","2","56","quân đội","quân đội, (thuộc) quân sự; the military quân đội, bộ đội","",""
"24260","elementary","elementary","A1","adjective","danh từ","/,eli'mentəri/","5","POS_MISMATCH | MISSING_EXAMPLE | DUPLICATE_PRIMARY_MEANING","3","52","cơ bản","cơ bản, sơ yếu; không phân tách được; trường cấp hai","",""
"26830","dense","dense","B2","adjective","danh từ","/dens/","5","POS_MISMATCH | MISSING_EXAMPLE | DUPLICATE_PRIMARY_MEANING","4","50","dày đặc","dày đặc, chặt; đông đúc; rậm rạp; đần độn, ngu đần","",""
"24358","grandmother","grandmother","A1","noun","ngoại động từ","/'græn,mʌðə/","5","POS_MISMATCH | MISSING_EXAMPLE | DUPLICATE_PRIMARY_MEANING","2","47","bà","bà; nuông chiều, nâng niu (như bà đối với cháu)","",""
"25565","bandage","bandage","B1","noun","ngoại động từ","/'bændidʤ/","5","POS_MISMATCH | NOISY_PRIMARY_MEANING","2","46","băng (để băng vết thương","băng (để băng vết thương, bịt mắt...); băng bó","this new healthcare proposal merely applies a bandage to the current medical crisis",""
"24263","e-mail","e-mail","A1","noun","","","5","POS_MISMATCH | MISSING_EXAMPLE | DUPLICATE_PRIMARY_MEANING","1","11","thư điện tử","thư điện tử","",""
